25-05-18 04:15:44.520 pyfstat INFO    : Running PyFstat version 2.1.0
Start
Nominal frequency: 500
Detector: H1L1
SFT duration (Tsft): 7200 seconds
Observation time (obsTime): 921600 seconds
Home directory: /scratch/kriles_root/kriles0/damoncht/unet_f/
Frequency band size: 256
Spectrogram size: (256, 128)
Data generation label: 500HzTD2020Day10Tsft7200n1s1th50
Save file label: H1L1_500HzTD2020Day10Tsft7200n1s1th50_256x128_MSELoss_dropout0
UNet(
  (encoder): ModuleList(
    (0): Sequential(
      (0): Conv2d(4, 16, kernel_size=(3, 3), stride=(1, 1), padding=(1, 1))
      (1): BatchNorm2d(16, eps=1e-05, momentum=0.1, affine=True, track_running_stats=True)
      (2): LeakyReLU(negative_slope=0.01)
      (3): Conv2d(16, 16, kernel_size=(3, 3), stride=(1, 1), padding=(1, 1))
      (4): BatchNorm2d(16, eps=1e-05, momentum=0.1, affine=True, track_running_stats=True)
      (5): LeakyReLU(negative_slope=0.01)
    )
    (1): Sequential(
      (0): Conv2d(16, 32, kernel_size=(3, 3), stride=(1, 1), padding=(1, 1))
      (1): BatchNorm2d(32, eps=1e-05, momentum=0.1, affine=True, track_running_stats=True)
      (2): LeakyReLU(negative_slope=0.01)
      (3): Conv2d(32, 32, kernel_size=(3, 3), stride=(1, 1), padding=(1, 1))
      (4): BatchNorm2d(32, eps=1e-05, momentum=0.1, affine=True, track_running_stats=True)
      (5): LeakyReLU(negative_slope=0.01)
    )
    (2): Sequential(
      (0): Conv2d(32, 64, kernel_size=(3, 3), stride=(1, 1), padding=(1, 1))
      (1): BatchNorm2d(64, eps=1e-05, momentum=0.1, affine=True, track_running_stats=True)
      (2): LeakyReLU(negative_slope=0.01)
      (3): Conv2d(64, 64, kernel_size=(3, 3), stride=(1, 1), padding=(1, 1))
      (4): BatchNorm2d(64, eps=1e-05, momentum=0.1, affine=True, track_running_stats=True)
      (5): LeakyReLU(negative_slope=0.01)
    )
    (3): Sequential(
      (0): Conv2d(64, 128, kernel_size=(3, 3), stride=(1, 1), padding=(1, 1))
      (1): BatchNorm2d(128, eps=1e-05, momentum=0.1, affine=True, track_running_stats=True)
      (2): LeakyReLU(negative_slope=0.01)
      (3): Conv2d(128, 128, kernel_size=(3, 3), stride=(1, 1), padding=(1, 1))
      (4): BatchNorm2d(128, eps=1e-05, momentum=0.1, affine=True, track_running_stats=True)
      (5): LeakyReLU(negative_slope=0.01)
    )
  )
  (bottleneck): Sequential(
    (0): Sequential(
      (0): Conv2d(128, 256, kernel_size=(3, 3), stride=(1, 1), padding=(1, 1))
      (1): BatchNorm2d(256, eps=1e-05, momentum=0.1, affine=True, track_running_stats=True)
      (2): LeakyReLU(negative_slope=0.01)
      (3): Conv2d(256, 256, kernel_size=(3, 3), stride=(1, 1), padding=(1, 1))
      (4): BatchNorm2d(256, eps=1e-05, momentum=0.1, affine=True, track_running_stats=True)
      (5): LeakyReLU(negative_slope=0.01)
    )
    (1): Dropout(p=0.0, inplace=False)
  )
  (decoder): ModuleList(
    (0): Sequential(
      (0): Conv2d(256, 128, kernel_size=(3, 3), stride=(1, 1), padding=(1, 1))
      (1): BatchNorm2d(128, eps=1e-05, momentum=0.1, affine=True, track_running_stats=True)
      (2): LeakyReLU(negative_slope=0.01)
      (3): Conv2d(128, 128, kernel_size=(3, 3), stride=(1, 1), padding=(1, 1))
      (4): BatchNorm2d(128, eps=1e-05, momentum=0.1, affine=True, track_running_stats=True)
      (5): LeakyReLU(negative_slope=0.01)
    )
    (1): Sequential(
      (0): Conv2d(128, 64, kernel_size=(3, 3), stride=(1, 1), padding=(1, 1))
      (1): BatchNorm2d(64, eps=1e-05, momentum=0.1, affine=True, track_running_stats=True)
      (2): LeakyReLU(negative_slope=0.01)
      (3): Conv2d(64, 64, kernel_size=(3, 3), stride=(1, 1), padding=(1, 1))
      (4): BatchNorm2d(64, eps=1e-05, momentum=0.1, affine=True, track_running_stats=True)
      (5): LeakyReLU(negative_slope=0.01)
    )
    (2): Sequential(
      (0): Conv2d(64, 32, kernel_size=(3, 3), stride=(1, 1), padding=(1, 1))
      (1): BatchNorm2d(32, eps=1e-05, momentum=0.1, affine=True, track_running_stats=True)
      (2): LeakyReLU(negative_slope=0.01)
      (3): Conv2d(32, 32, kernel_size=(3, 3), stride=(1, 1), padding=(1, 1))
      (4): BatchNorm2d(32, eps=1e-05, momentum=0.1, affine=True, track_running_stats=True)
      (5): LeakyReLU(negative_slope=0.01)
    )
    (3): Sequential(
      (0): Conv2d(32, 16, kernel_size=(3, 3), stride=(1, 1), padding=(1, 1))
      (1): BatchNorm2d(16, eps=1e-05, momentum=0.1, affine=True, track_running_stats=True)
      (2): LeakyReLU(negative_slope=0.01)
      (3): Conv2d(16, 16, kernel_size=(3, 3), stride=(1, 1), padding=(1, 1))
      (4): BatchNorm2d(16, eps=1e-05, momentum=0.1, affine=True, track_running_stats=True)
      (5): LeakyReLU(negative_slope=0.01)
    )
  )
  (up_sample_layer): ModuleList(
    (0): ConvTranspose2d(256, 128, kernel_size=(2, 2), stride=(2, 2))
    (1): ConvTranspose2d(128, 64, kernel_size=(2, 2), stride=(2, 2))
    (2): ConvTranspose2d(64, 32, kernel_size=(2, 2), stride=(2, 2))
    (3): ConvTranspose2d(32, 16, kernel_size=(2, 2), stride=(2, 2))
  )
  (output_layer): Conv2d(16, 4, kernel_size=(1, 1), stride=(1, 1))
)
Using /scratch/kriles_root/kriles0/damoncht/unet_dyn_fastnoise/data/500Hz/500Hz_H1L1_D0-35_256x128_7200s_4c_traindata_n1000_seed0_norm.npz
Loading pure noise ...
D=20, pdet=1.0%
Validation:
D=9, pdet=0.0%
D=12, pdet=0.5%
D=15, pdet=0.0%
D=18, pdet=0.0%
D=20, pdet=0.0%
D=22, pdet=1.5%
D=35, pdet=1.0%
Epoch 1/1000, Training Loss: 4.848e-02, Validation Loss: 2.332e+03
Replace best val model at epoch 0
Replace best pdet model at epoch 0
the learning rate: 0.0001
Time used = 42.873422384262085
Using /scratch/kriles_root/kriles0/damoncht/unet_dyn_fastnoise/data/500Hz/500Hz_H1L1_D0-35_256x128_7200s_4c_traindata_n1000_seed1_norm.npz
Loading pure noise ...
D=20, pdet=0.7000000000000001%
Validation:
D=9, pdet=0.0%
D=12, pdet=0.5%
D=15, pdet=0.0%
D=18, pdet=0.0%
D=20, pdet=0.0%
D=22, pdet=1.0%
D=35, pdet=1.0%
the learning rate: 0.0001
Time used = 68.68109130859375
Using /scratch/kriles_root/kriles0/damoncht/unet_dyn_fastnoise/data/500Hz/500Hz_H1L1_D0-35_256x128_7200s_4c_traindata_n1000_seed2_norm.npz
Loading pure noise ...
D=20, pdet=1.5%
Validation:
D=9, pdet=0.5%
D=12, pdet=0.5%
D=15, pdet=0.5%
D=18, pdet=0.0%
D=20, pdet=1.5%
D=22, pdet=1.0%
D=35, pdet=1.5%
Replace best pdet model at epoch 2
the learning rate: 0.0001
Time used = 93.83398532867432
Using /scratch/kriles_root/kriles0/damoncht/unet_dyn_fastnoise/data/500Hz/500Hz_H1L1_D0-35_256x128_7200s_4c_traindata_n1000_seed3_norm.npz
Loading pure noise ...
D=20, pdet=0.5%
Validation:
D=9, pdet=19.0%
D=12, pdet=14.499999999999998%
D=15, pdet=5.5%
D=18, pdet=2.5%
D=20, pdet=2.0%
D=22, pdet=0.5%
D=35, pdet=2.0%
Epoch 4/1000, Training Loss: 2.473e-03, Validation Loss: 2.332e+03
Replace best pdet model at epoch 3
the learning rate: 0.0001
Time used = 121.25828742980957
Using /scratch/kriles_root/kriles0/damoncht/unet_dyn_fastnoise/data/500Hz/500Hz_H1L1_D0-35_256x128_7200s_4c_traindata_n1000_seed4_norm.npz
Loading pure noise ...
D=20, pdet=0.7000000000000001%
Validation:
D=9, pdet=2.0%
D=12, pdet=0.5%
D=15, pdet=3.5000000000000004%
D=18, pdet=1.5%
D=20, pdet=2.5%
D=22, pdet=1.5%
D=35, pdet=1.0%
the learning rate: 0.0001
Time used = 145.96440529823303
Using /scratch/kriles_root/kriles0/damoncht/unet_dyn_fastnoise/data/500Hz/500Hz_H1L1_D0-35_256x128_7200s_4c_traindata_n1000_seed5_norm.npz
Loading pure noise ...
D=20, pdet=0.7000000000000001%
Validation:
D=9, pdet=37.0%
D=12, pdet=16.0%
D=15, pdet=2.0%
D=18, pdet=0.0%
D=20, pdet=0.0%
D=22, pdet=1.0%
D=35, pdet=1.5%
the learning rate: 0.0001
Time used = 169.77367329597473
Using /scratch/kriles_root/kriles0/damoncht/unet_dyn_fastnoise/data/500Hz/500Hz_H1L1_D0-35_256x128_7200s_4c_traindata_n1000_seed6_norm.npz
Loading pure noise ...
D=20, pdet=1.7999999999999998%
Validation:
D=9, pdet=52.0%
D=12, pdet=29.5%
D=15, pdet=10.5%
D=18, pdet=5.0%
D=20, pdet=0.0%
D=22, pdet=1.0%
D=35, pdet=2.0%
Epoch 7/1000, Training Loss: 1.267e-03, Validation Loss: 2.332e+03
the learning rate: 0.0001
Time used = 192.6083824634552
Using /scratch/kriles_root/kriles0/damoncht/unet_dyn_fastnoise/data/500Hz/500Hz_H1L1_D0-35_256x128_7200s_4c_traindata_n1000_seed7_norm.npz
Loading pure noise ...
D=20, pdet=0.3%
Validation:
D=9, pdet=39.0%
D=12, pdet=19.5%
D=15, pdet=3.5000000000000004%
D=18, pdet=0.0%
D=20, pdet=0.5%
D=22, pdet=0.5%
D=35, pdet=1.5%
the learning rate: 0.0001
Time used = 217.13762831687927
Using /scratch/kriles_root/kriles0/damoncht/unet_dyn_fastnoise/data/500Hz/500Hz_H1L1_D0-35_256x128_7200s_4c_traindata_n1000_seed8_norm.npz
Loading pure noise ...
D=20, pdet=1.3%
Validation:
D=9, pdet=14.000000000000002%
D=12, pdet=1.0%
D=15, pdet=0.0%
D=18, pdet=0.0%
D=20, pdet=0.0%
D=22, pdet=1.0%
D=35, pdet=1.5%
the learning rate: 0.0001
Time used = 242.40734267234802
Using /scratch/kriles_root/kriles0/damoncht/unet_dyn_fastnoise/data/500Hz/500Hz_H1L1_D0-35_256x128_7200s_4c_traindata_n1000_seed9_norm.npz
Loading pure noise ...
D=20, pdet=1.3%
Validation:
D=9, pdet=1.5%
D=12, pdet=0.5%
D=15, pdet=3.5000000000000004%
D=18, pdet=1.0%
D=20, pdet=2.5%
D=22, pdet=1.5%
D=35, pdet=0.0%
Epoch 10/1000, Training Loss: 9.082e-04, Validation Loss: 2.332e+03
the learning rate: 0.0001
Time used = 267.49653577804565
Using /scratch/kriles_root/kriles0/damoncht/unet_dyn_fastnoise/data/500Hz/500Hz_H1L1_D0-35_256x128_7200s_4c_traindata_n1000_seed10_norm.npz
Loading pure noise ...
D=20, pdet=1.0999999999999999%
Validation:
D=9, pdet=1.5%
D=12, pdet=0.5%
D=15, pdet=3.5000000000000004%
D=18, pdet=1.0%
D=20, pdet=2.5%
D=22, pdet=1.5%
D=35, pdet=0.0%
the learning rate: 0.0001
Time used = 292.8331880569458
Using /scratch/kriles_root/kriles0/damoncht/unet_dyn_fastnoise/data/500Hz/500Hz_H1L1_D0-35_256x128_7200s_4c_traindata_n1000_seed11_norm.npz
Loading pure noise ...
D=20, pdet=0.8%
Validation:
D=9, pdet=1.5%
D=12, pdet=0.0%
D=15, pdet=3.0%
D=18, pdet=0.5%
D=20, pdet=1.5%
D=22, pdet=1.0%
D=35, pdet=1.0%
the learning rate: 0.0001
Time used = 316.0653305053711
Using /scratch/kriles_root/kriles0/damoncht/unet_dyn_fastnoise/data/500Hz/500Hz_H1L1_D0-35_256x128_7200s_4c_traindata_n1000_seed12_norm.npz
Loading pure noise ...
D=20, pdet=0.8999999999999999%
Validation:
D=9, pdet=1.5%
D=12, pdet=0.0%
D=15, pdet=3.5000000000000004%
D=18, pdet=0.5%
D=20, pdet=2.0%
D=22, pdet=1.0%
D=35, pdet=1.0%
Epoch 13/1000, Training Loss: 7.332e-04, Validation Loss: 2.332e+03
the learning rate: 0.0001
Time used = 338.8536911010742
Using /scratch/kriles_root/kriles0/damoncht/unet_dyn_fastnoise/data/500Hz/500Hz_H1L1_D0-35_256x128_7200s_4c_traindata_n1000_seed13_norm.npz
Loading pure noise ...
D=20, pdet=0.8999999999999999%
Validation:
D=9, pdet=1.5%
D=12, pdet=0.5%
D=15, pdet=3.5000000000000004%
D=18, pdet=1.0%
D=20, pdet=2.5%
D=22, pdet=1.0%
D=35, pdet=0.5%
the learning rate: 0.0001
Time used = 361.83017110824585
Using /scratch/kriles_root/kriles0/damoncht/unet_dyn_fastnoise/data/500Hz/500Hz_H1L1_D0-35_256x128_7200s_4c_traindata_n1000_seed14_norm.npz
Loading pure noise ...
D=20, pdet=1.7000000000000002%
Validation:
D=9, pdet=1.5%
D=12, pdet=0.0%
D=15, pdet=3.5000000000000004%
D=18, pdet=1.0%
D=20, pdet=2.5%
D=22, pdet=1.0%
D=35, pdet=0.5%
the learning rate: 0.0001
Time used = 387.39386463165283
Using /scratch/kriles_root/kriles0/damoncht/unet_dyn_fastnoise/data/500Hz/500Hz_H1L1_D0-35_256x128_7200s_4c_traindata_n1000_seed15_norm.npz
Loading pure noise ...
D=20, pdet=0.4%
Validation:
D=9, pdet=1.5%
D=12, pdet=0.5%
D=15, pdet=3.5000000000000004%
D=18, pdet=1.5%
D=20, pdet=2.5%
D=22, pdet=1.0%
D=35, pdet=0.5%
Epoch 16/1000, Training Loss: 6.886e-04, Validation Loss: 2.332e+03
the learning rate: 0.0001
Time used = 409.64613604545593
Using /scratch/kriles_root/kriles0/damoncht/unet_dyn_fastnoise/data/500Hz/500Hz_H1L1_D0-35_256x128_7200s_4c_traindata_n1000_seed16_norm.npz
Loading pure noise ...
D=20, pdet=0.3%
Validation:
D=9, pdet=2.0%
D=12, pdet=0.5%
D=15, pdet=3.5000000000000004%
D=18, pdet=1.5%
D=20, pdet=2.5%
D=22, pdet=1.0%
D=35, pdet=0.5%
the learning rate: 0.0001
Time used = 433.4161972999573
Using /scratch/kriles_root/kriles0/damoncht/unet_dyn_fastnoise/data/500Hz/500Hz_H1L1_D0-35_256x128_7200s_4c_traindata_n1000_seed17_norm.npz
Loading pure noise ...
D=20, pdet=0.7000000000000001%
Validation:
D=9, pdet=3.5000000000000004%
D=12, pdet=0.5%
D=15, pdet=3.5000000000000004%
D=18, pdet=1.5%
D=20, pdet=3.5000000000000004%
D=22, pdet=2.0%
D=35, pdet=0.5%
the learning rate: 0.0001
Time used = 457.1289060115814
Using /scratch/kriles_root/kriles0/damoncht/unet_dyn_fastnoise/data/500Hz/500Hz_H1L1_D0-35_256x128_7200s_4c_traindata_n1000_seed18_norm.npz
Loading pure noise ...
D=20, pdet=1.0999999999999999%
Validation:
D=9, pdet=3.5000000000000004%
D=12, pdet=0.5%
D=15, pdet=3.5000000000000004%
D=18, pdet=2.0%
D=20, pdet=3.5000000000000004%
D=22, pdet=2.0%
D=35, pdet=0.0%
Epoch 19/1000, Training Loss: 5.618e-04, Validation Loss: 2.332e+03
the learning rate: 0.0001
Time used = 480.7741799354553
Using /scratch/kriles_root/kriles0/damoncht/unet_dyn_fastnoise/data/500Hz/500Hz_H1L1_D0-35_256x128_7200s_4c_traindata_n1000_seed19_norm.npz
Loading pure noise ...
D=20, pdet=1.4000000000000001%
Validation:
D=9, pdet=3.5000000000000004%
D=12, pdet=0.5%
D=15, pdet=4.0%
D=18, pdet=2.0%
D=20, pdet=3.5000000000000004%
D=22, pdet=2.5%
D=35, pdet=0.0%
the learning rate: 0.0001
Time used = 504.12191104888916
Using /scratch/kriles_root/kriles0/damoncht/unet_dyn_fastnoise/data/500Hz/500Hz_H1L1_D0-35_256x128_7200s_4c_traindata_n1000_seed20_norm.npz
Loading pure noise ...
D=20, pdet=1.0%
Validation:
D=9, pdet=3.5000000000000004%
D=12, pdet=0.5%
D=15, pdet=4.0%
D=18, pdet=1.5%
D=20, pdet=3.5000000000000004%
D=22, pdet=2.5%
D=35, pdet=0.5%
the learning rate: 0.0001
Time used = 530.9198577404022
Using /scratch/kriles_root/kriles0/damoncht/unet_dyn_fastnoise/data/500Hz/500Hz_H1L1_D0-35_256x128_7200s_4c_traindata_n1000_seed21_norm.npz
Loading pure noise ...
D=20, pdet=0.6%
Validation:
D=9, pdet=3.5000000000000004%
D=12, pdet=0.5%
D=15, pdet=4.0%
D=18, pdet=2.0%
D=20, pdet=3.5000000000000004%
D=22, pdet=2.5%
D=35, pdet=0.0%
Epoch 22/1000, Training Loss: 5.322e-04, Validation Loss: 2.332e+03
the learning rate: 0.0001
Time used = 555.2523398399353
Using /scratch/kriles_root/kriles0/damoncht/unet_dyn_fastnoise/data/500Hz/500Hz_H1L1_D0-35_256x128_7200s_4c_traindata_n1000_seed22_norm.npz
Loading pure noise ...
D=20, pdet=1.5%
Validation:
D=9, pdet=3.5000000000000004%
D=12, pdet=1.0%
D=15, pdet=4.0%
D=18, pdet=2.0%
D=20, pdet=3.5000000000000004%
D=22, pdet=2.5%
D=35, pdet=0.5%
the learning rate: 0.0001
Time used = 578.6626744270325
Using /scratch/kriles_root/kriles0/damoncht/unet_dyn_fastnoise/data/500Hz/500Hz_H1L1_D0-35_256x128_7200s_4c_traindata_n1000_seed23_norm.npz
Loading pure noise ...
D=20, pdet=1.4000000000000001%
Validation:
D=9, pdet=3.5000000000000004%
D=12, pdet=0.5%
D=15, pdet=4.0%
D=18, pdet=1.5%
D=20, pdet=3.5000000000000004%
D=22, pdet=2.5%
D=35, pdet=0.5%
the learning rate: 0.0001
Time used = 603.2459251880646
Using /scratch/kriles_root/kriles0/damoncht/unet_dyn_fastnoise/data/500Hz/500Hz_H1L1_D0-35_256x128_7200s_4c_traindata_n1000_seed24_norm.npz
Loading pure noise ...
D=20, pdet=0.8%
Validation:
D=9, pdet=3.5000000000000004%
D=12, pdet=1.0%
D=15, pdet=4.0%
D=18, pdet=2.0%
D=20, pdet=3.5000000000000004%
D=22, pdet=2.5%
D=35, pdet=0.5%
Epoch 25/1000, Training Loss: 5.215e-04, Validation Loss: 2.332e+03
the learning rate: 0.0001
Time used = 626.1993250846863
Using /scratch/kriles_root/kriles0/damoncht/unet_dyn_fastnoise/data/500Hz/500Hz_H1L1_D0-35_256x128_7200s_4c_traindata_n1000_seed25_norm.npz
Loading pure noise ...
D=20, pdet=0.6%
Validation:
D=9, pdet=2.5%
D=12, pdet=1.0%
D=15, pdet=4.0%
D=18, pdet=1.5%
D=20, pdet=3.5000000000000004%
D=22, pdet=2.0%
D=35, pdet=0.0%
the learning rate: 0.0001
Time used = 650.1593918800354
Using /scratch/kriles_root/kriles0/damoncht/unet_dyn_fastnoise/data/500Hz/500Hz_H1L1_D0-35_256x128_7200s_4c_traindata_n1000_seed26_norm.npz
Loading pure noise ...
D=20, pdet=1.2%
Validation:
D=9, pdet=2.5%
D=12, pdet=0.5%
D=15, pdet=4.0%
D=18, pdet=1.5%
D=20, pdet=3.5000000000000004%
D=22, pdet=2.0%
D=35, pdet=0.0%
the learning rate: 0.0001
Time used = 673.1709868907928
Using /scratch/kriles_root/kriles0/damoncht/unet_dyn_fastnoise/data/500Hz/500Hz_H1L1_D0-35_256x128_7200s_4c_traindata_n1000_seed27_norm.npz
Loading pure noise ...
D=20, pdet=0.6%
Validation:
D=9, pdet=2.5%
D=12, pdet=1.0%
D=15, pdet=4.0%
D=18, pdet=1.5%
D=20, pdet=3.5000000000000004%
D=22, pdet=2.0%
D=35, pdet=0.0%
Epoch 28/1000, Training Loss: 5.217e-04, Validation Loss: 2.332e+03
the learning rate: 0.0001
Time used = 697.0533647537231
Using /scratch/kriles_root/kriles0/damoncht/unet_dyn_fastnoise/data/500Hz/500Hz_H1L1_D0-35_256x128_7200s_4c_traindata_n1000_seed28_norm.npz
Loading pure noise ...
D=20, pdet=1.7999999999999998%
Validation:
D=9, pdet=2.5%
D=12, pdet=0.5%
D=15, pdet=3.5000000000000004%
D=18, pdet=1.5%
D=20, pdet=3.5000000000000004%
D=22, pdet=2.0%
D=35, pdet=0.0%
the learning rate: 0.0001
Time used = 720.6000692844391
Using /scratch/kriles_root/kriles0/damoncht/unet_dyn_fastnoise/data/500Hz/500Hz_H1L1_D0-35_256x128_7200s_4c_traindata_n1000_seed29_norm.npz
Loading pure noise ...
D=20, pdet=0.3%
Validation:
D=9, pdet=2.5%
D=12, pdet=0.5%
D=15, pdet=4.0%
D=18, pdet=1.5%
D=20, pdet=3.5000000000000004%
D=22, pdet=2.0%
D=35, pdet=0.0%
the learning rate: 0.0001
Time used = 743.3224120140076
Using /scratch/kriles_root/kriles0/damoncht/unet_dyn_fastnoise/data/500Hz/500Hz_H1L1_D0-35_256x128_7200s_4c_traindata_n1000_seed30_norm.npz
Loading pure noise ...
D=20, pdet=1.2%
Validation:
D=9, pdet=2.5%
D=12, pdet=0.5%
D=15, pdet=4.0%
D=18, pdet=1.5%
D=20, pdet=3.5000000000000004%
D=22, pdet=2.0%
D=35, pdet=0.0%
Epoch 31/1000, Training Loss: 5.182e-04, Validation Loss: 2.332e+03
the learning rate: 0.0001
Time used = 767.5230422019958
Using /scratch/kriles_root/kriles0/damoncht/unet_dyn_fastnoise/data/500Hz/500Hz_H1L1_D0-35_256x128_7200s_4c_traindata_n1000_seed31_norm.npz
Loading pure noise ...
D=20, pdet=0.5%
Validation:
D=9, pdet=3.5000000000000004%
D=12, pdet=1.0%
D=15, pdet=4.0%
D=18, pdet=1.5%
D=20, pdet=3.5000000000000004%
D=22, pdet=2.0%
D=35, pdet=0.0%
the learning rate: 0.0001
Time used = 792.1160845756531
Using /scratch/kriles_root/kriles0/damoncht/unet_dyn_fastnoise/data/500Hz/500Hz_H1L1_D0-35_256x128_7200s_4c_traindata_n1000_seed32_norm.npz
Loading pure noise ...
D=20, pdet=1.5%
Validation:
D=9, pdet=3.5000000000000004%
D=12, pdet=0.5%
D=15, pdet=3.5000000000000004%
D=18, pdet=1.5%
D=20, pdet=3.5000000000000004%
D=22, pdet=2.0%
D=35, pdet=0.0%
the learning rate: 0.0001
Time used = 815.9104743003845
Using /scratch/kriles_root/kriles0/damoncht/unet_dyn_fastnoise/data/500Hz/500Hz_H1L1_D0-35_256x128_7200s_4c_traindata_n1000_seed33_norm.npz
Loading pure noise ...
D=20, pdet=0.7000000000000001%
Validation:
D=9, pdet=3.5000000000000004%
D=12, pdet=0.5%
D=15, pdet=4.0%
D=18, pdet=2.0%
D=20, pdet=3.5000000000000004%
D=22, pdet=2.0%
D=35, pdet=0.0%
Epoch 34/1000, Training Loss: 5.177e-04, Validation Loss: 2.332e+03
the learning rate: 0.0001
Time used = 840.0129506587982
Using /scratch/kriles_root/kriles0/damoncht/unet_dyn_fastnoise/data/500Hz/500Hz_H1L1_D0-35_256x128_7200s_4c_traindata_n1000_seed34_norm.npz
Loading pure noise ...
D=20, pdet=0.5%
Validation:
D=9, pdet=3.5000000000000004%
D=12, pdet=0.5%
D=15, pdet=4.0%
D=18, pdet=1.5%
D=20, pdet=3.5000000000000004%
D=22, pdet=2.0%
D=35, pdet=0.0%
the learning rate: 0.0001
Time used = 863.4197800159454
Using /scratch/kriles_root/kriles0/damoncht/unet_dyn_fastnoise/data/500Hz/500Hz_H1L1_D0-35_256x128_7200s_4c_traindata_n1000_seed35_norm.npz
Loading pure noise ...
D=20, pdet=0.6%
Validation:
D=9, pdet=3.5000000000000004%
D=12, pdet=0.5%
D=15, pdet=4.0%
D=18, pdet=1.5%
D=20, pdet=3.5000000000000004%
D=22, pdet=2.0%
D=35, pdet=0.5%
the learning rate: 0.0001
Time used = 887.4432334899902
Using /scratch/kriles_root/kriles0/damoncht/unet_dyn_fastnoise/data/500Hz/500Hz_H1L1_D0-35_256x128_7200s_4c_traindata_n1000_seed36_norm.npz
Loading pure noise ...
D=20, pdet=1.0%
Validation:
D=9, pdet=3.5000000000000004%
D=12, pdet=0.5%
D=15, pdet=4.0%
D=18, pdet=1.5%
D=20, pdet=3.5000000000000004%
D=22, pdet=2.0%
D=35, pdet=0.5%
Epoch 37/1000, Training Loss: 5.174e-04, Validation Loss: 2.332e+03
the learning rate: 0.0001
Time used = 911.6502287387848
Using /scratch/kriles_root/kriles0/damoncht/unet_dyn_fastnoise/data/500Hz/500Hz_H1L1_D0-35_256x128_7200s_4c_traindata_n1000_seed37_norm.npz
Loading pure noise ...
D=20, pdet=1.4000000000000001%
Validation:
D=9, pdet=3.5000000000000004%
D=12, pdet=1.0%
D=15, pdet=4.0%
D=18, pdet=2.0%
D=20, pdet=3.5000000000000004%
D=22, pdet=2.0%
D=35, pdet=0.0%
the learning rate: 0.0001
Time used = 934.9795455932617
Using /scratch/kriles_root/kriles0/damoncht/unet_dyn_fastnoise/data/500Hz/500Hz_H1L1_D0-35_256x128_7200s_4c_traindata_n1000_seed38_norm.npz
Loading pure noise ...
D=20, pdet=1.7000000000000002%
Validation:
D=9, pdet=3.5000000000000004%
D=12, pdet=1.0%
D=15, pdet=4.0%
D=18, pdet=2.0%
D=20, pdet=3.5000000000000004%
D=22, pdet=2.5%
D=35, pdet=0.0%
the learning rate: 0.0001
Time used = 958.1384587287903
Using /scratch/kriles_root/kriles0/damoncht/unet_dyn_fastnoise/data/500Hz/500Hz_H1L1_D0-35_256x128_7200s_4c_traindata_n1000_seed39_norm.npz
Loading pure noise ...
D=20, pdet=0.8%
Validation:
D=9, pdet=3.5000000000000004%
D=12, pdet=1.0%
D=15, pdet=4.0%
D=18, pdet=2.0%
D=20, pdet=3.5000000000000004%
D=22, pdet=2.5%
D=35, pdet=0.0%
Epoch 40/1000, Training Loss: 5.213e-04, Validation Loss: 2.332e+03
the learning rate: 0.0001
Time used = 982.1114633083344
Using /scratch/kriles_root/kriles0/damoncht/unet_dyn_fastnoise/data/500Hz/500Hz_H1L1_D0-35_256x128_7200s_4c_traindata_n1000_seed40_norm.npz
Loading pure noise ...
D=20, pdet=1.0999999999999999%
Validation:
D=9, pdet=3.5000000000000004%
D=12, pdet=1.0%
D=15, pdet=4.0%
D=18, pdet=2.0%
D=20, pdet=3.5000000000000004%
D=22, pdet=2.5%
D=35, pdet=0.0%
the learning rate: 0.0001
Time used = 1004.5036909580231
Using /scratch/kriles_root/kriles0/damoncht/unet_dyn_fastnoise/data/500Hz/500Hz_H1L1_D0-35_256x128_7200s_4c_traindata_n1000_seed41_norm.npz
Loading pure noise ...
D=20, pdet=1.0%
Validation:
D=9, pdet=3.5000000000000004%
D=12, pdet=1.0%
D=15, pdet=4.0%
D=18, pdet=1.5%
D=20, pdet=3.5000000000000004%
D=22, pdet=2.0%
D=35, pdet=0.0%
the learning rate: 0.0001
Time used = 1026.9059867858887
Using /scratch/kriles_root/kriles0/damoncht/unet_dyn_fastnoise/data/500Hz/500Hz_H1L1_D0-35_256x128_7200s_4c_traindata_n1000_seed42_norm.npz
Loading pure noise ...
D=20, pdet=0.8%
Validation:
D=9, pdet=3.5000000000000004%
D=12, pdet=1.5%
D=15, pdet=4.5%
D=18, pdet=2.0%
D=20, pdet=3.5000000000000004%
D=22, pdet=2.5%
D=35, pdet=0.0%
Epoch 43/1000, Training Loss: 5.171e-04, Validation Loss: 2.332e+03
the learning rate: 0.0001
Time used = 1049.6009683609009
Using /scratch/kriles_root/kriles0/damoncht/unet_dyn_fastnoise/data/500Hz/500Hz_H1L1_D0-35_256x128_7200s_4c_traindata_n1000_seed43_norm.npz
Loading pure noise ...
D=20, pdet=0.8%
Validation:
D=9, pdet=6.5%
D=12, pdet=3.5000000000000004%
D=15, pdet=5.0%
D=18, pdet=2.5%
D=20, pdet=3.0%
D=22, pdet=3.0%
D=35, pdet=0.5%
the learning rate: 0.0001
Time used = 1073.2457282543182
Using /scratch/kriles_root/kriles0/damoncht/unet_dyn_fastnoise/data/500Hz/500Hz_H1L1_D0-35_256x128_7200s_4c_traindata_n1000_seed44_norm.npz
Loading pure noise ...
D=20, pdet=0.8%
Validation:
D=9, pdet=6.5%
D=12, pdet=3.5000000000000004%
D=15, pdet=5.0%
D=18, pdet=2.5%
D=20, pdet=3.0%
D=22, pdet=3.0%
D=35, pdet=0.5%
the learning rate: 0.0001
Time used = 1096.1747560501099
Using /scratch/kriles_root/kriles0/damoncht/unet_dyn_fastnoise/data/500Hz/500Hz_H1L1_D0-35_256x128_7200s_4c_traindata_n1000_seed45_norm.npz
Loading pure noise ...
D=20, pdet=1.7000000000000002%
Validation:
D=9, pdet=6.5%
D=12, pdet=3.5000000000000004%
D=15, pdet=5.0%
D=18, pdet=2.5%
D=20, pdet=3.0%
D=22, pdet=3.0%
D=35, pdet=0.5%
Epoch 46/1000, Training Loss: 5.089e-04, Validation Loss: 2.332e+03
the learning rate: 0.0001
Time used = 1118.2518889904022
Using /scratch/kriles_root/kriles0/damoncht/unet_dyn_fastnoise/data/500Hz/500Hz_H1L1_D0-35_256x128_7200s_4c_traindata_n1000_seed46_norm.npz
Loading pure noise ...
D=20, pdet=0.6%
Validation:
D=9, pdet=6.5%
D=12, pdet=3.5000000000000004%
D=15, pdet=5.0%
D=18, pdet=2.5%
D=20, pdet=3.0%
D=22, pdet=3.0%
D=35, pdet=0.5%
the learning rate: 0.0001
Time used = 1140.862110376358
Using /scratch/kriles_root/kriles0/damoncht/unet_dyn_fastnoise/data/500Hz/500Hz_H1L1_D0-35_256x128_7200s_4c_traindata_n1000_seed47_norm.npz
Loading pure noise ...
D=20, pdet=0.8999999999999999%
Validation:
D=9, pdet=6.5%
D=12, pdet=3.5000000000000004%
D=15, pdet=5.0%
D=18, pdet=2.5%
D=20, pdet=3.0%
D=22, pdet=3.0%
D=35, pdet=0.5%
the learning rate: 0.0001
Time used = 1163.0134778022766
Using /scratch/kriles_root/kriles0/damoncht/unet_dyn_fastnoise/data/500Hz/500Hz_H1L1_D0-35_256x128_7200s_4c_traindata_n1000_seed48_norm.npz
Loading pure noise ...
D=20, pdet=1.7999999999999998%
Validation:
D=9, pdet=6.5%
D=12, pdet=3.5000000000000004%
D=15, pdet=5.0%
D=18, pdet=2.5%
D=20, pdet=3.0%
D=22, pdet=3.0%
D=35, pdet=0.5%
Epoch 49/1000, Training Loss: 5.159e-04, Validation Loss: 2.332e+03
the learning rate: 0.0001
Time used = 1185.0414543151855
Using /scratch/kriles_root/kriles0/damoncht/unet_dyn_fastnoise/data/500Hz/500Hz_H1L1_D0-35_256x128_7200s_4c_traindata_n1000_seed49_norm.npz
Loading pure noise ...
D=20, pdet=1.5%
Validation:
D=9, pdet=6.5%
D=12, pdet=3.0%
D=15, pdet=5.0%
D=18, pdet=2.5%
D=20, pdet=3.0%
D=22, pdet=3.0%
D=35, pdet=0.5%
the learning rate: 0.0001
Time used = 1207.2997810840607
Using /scratch/kriles_root/kriles0/damoncht/unet_dyn_fastnoise/data/500Hz/500Hz_H1L1_D0-35_256x128_7200s_4c_traindata_n1000_seed50_norm.npz
Loading pure noise ...
D=20, pdet=1.0%
Validation:
D=9, pdet=6.5%
D=12, pdet=3.0%
D=15, pdet=5.0%
D=18, pdet=2.5%
D=20, pdet=3.0%
D=22, pdet=3.0%
D=35, pdet=0.5%
the learning rate: 0.0001
Time used = 1232.509450674057
Using /scratch/kriles_root/kriles0/damoncht/unet_dyn_fastnoise/data/500Hz/500Hz_H1L1_D0-35_256x128_7200s_4c_traindata_n1000_seed51_norm.npz
Loading pure noise ...
D=20, pdet=0.4%
Validation:
D=9, pdet=6.5%
D=12, pdet=3.0%
D=15, pdet=5.0%
D=18, pdet=2.5%
D=20, pdet=3.5000000000000004%
D=22, pdet=2.5%
D=35, pdet=0.5%
Epoch 52/1000, Training Loss: 5.216e-04, Validation Loss: 2.332e+03
the learning rate: 0.0001
Time used = 1255.2603459358215
Using /scratch/kriles_root/kriles0/damoncht/unet_dyn_fastnoise/data/500Hz/500Hz_H1L1_D0-35_256x128_7200s_4c_traindata_n1000_seed52_norm.npz
Loading pure noise ...
D=20, pdet=1.0999999999999999%
Validation:
D=9, pdet=6.5%
D=12, pdet=3.0%
D=15, pdet=5.0%
D=18, pdet=2.5%
D=20, pdet=3.5000000000000004%
D=22, pdet=2.5%
D=35, pdet=0.5%
the learning rate: 0.0001
Time used = 1277.7120440006256
Using /scratch/kriles_root/kriles0/damoncht/unet_dyn_fastnoise/data/500Hz/500Hz_H1L1_D0-35_256x128_7200s_4c_traindata_n1000_seed53_norm.npz
Loading pure noise ...
D=20, pdet=0.6%
Validation:
D=9, pdet=6.5%
D=12, pdet=3.0%
D=15, pdet=5.0%
D=18, pdet=2.5%
D=20, pdet=3.5000000000000004%
D=22, pdet=3.0%
D=35, pdet=0.5%
the learning rate: 0.0001
Time used = 1299.865222454071
Using /scratch/kriles_root/kriles0/damoncht/unet_dyn_fastnoise/data/500Hz/500Hz_H1L1_D0-35_256x128_7200s_4c_traindata_n1000_seed54_norm.npz
Loading pure noise ...
D=20, pdet=1.4000000000000001%
Validation:
D=9, pdet=6.5%
D=12, pdet=3.5000000000000004%
D=15, pdet=5.0%
D=18, pdet=2.5%
D=20, pdet=3.0%
D=22, pdet=3.0%
D=35, pdet=0.5%
Epoch 55/1000, Training Loss: 5.066e-04, Validation Loss: 2.332e+03
the learning rate: 0.0001
Time used = 1322.2350914478302
Using /scratch/kriles_root/kriles0/damoncht/unet_dyn_fastnoise/data/500Hz/500Hz_H1L1_D0-35_256x128_7200s_4c_traindata_n1000_seed55_norm.npz
Loading pure noise ...
D=20, pdet=1.0999999999999999%
Validation:
D=9, pdet=6.5%
D=12, pdet=3.0%
D=15, pdet=5.0%
D=18, pdet=2.5%
D=20, pdet=3.5000000000000004%
D=22, pdet=2.5%
D=35, pdet=0.5%
the learning rate: 0.0001
Time used = 1346.2637212276459
Using /scratch/kriles_root/kriles0/damoncht/unet_dyn_fastnoise/data/500Hz/500Hz_H1L1_D0-35_256x128_7200s_4c_traindata_n1000_seed56_norm.npz
Loading pure noise ...
D=20, pdet=0.7000000000000001%
Validation:
D=9, pdet=6.5%
D=12, pdet=3.0%
D=15, pdet=5.0%
D=18, pdet=2.5%
D=20, pdet=3.5000000000000004%
D=22, pdet=3.0%
D=35, pdet=0.5%
the learning rate: 0.0001
Time used = 1369.7971110343933
Using /scratch/kriles_root/kriles0/damoncht/unet_dyn_fastnoise/data/500Hz/500Hz_H1L1_D0-35_256x128_7200s_4c_traindata_n1000_seed57_norm.npz
Loading pure noise ...
D=20, pdet=0.7000000000000001%
Validation:
D=9, pdet=6.5%
D=12, pdet=3.5000000000000004%
D=15, pdet=5.0%
D=18, pdet=2.5%
D=20, pdet=3.5000000000000004%
D=22, pdet=2.5%
D=35, pdet=0.5%
Epoch 58/1000, Training Loss: 5.154e-04, Validation Loss: 2.332e+03
the learning rate: 0.0001
Time used = 1392.2720811367035
Using /scratch/kriles_root/kriles0/damoncht/unet_dyn_fastnoise/data/500Hz/500Hz_H1L1_D0-35_256x128_7200s_4c_traindata_n1000_seed58_norm.npz
Loading pure noise ...
D=20, pdet=1.2%
Validation:
D=9, pdet=6.5%
D=12, pdet=3.5000000000000004%
D=15, pdet=5.0%
D=18, pdet=2.5%
D=20, pdet=3.0%
D=22, pdet=3.0%
D=35, pdet=0.5%
the learning rate: 0.0001
Time used = 1415.5137794017792
Using /scratch/kriles_root/kriles0/damoncht/unet_dyn_fastnoise/data/500Hz/500Hz_H1L1_D0-35_256x128_7200s_4c_traindata_n1000_seed59_norm.npz
Loading pure noise ...
D=20, pdet=0.6%
Validation:
D=9, pdet=6.5%
D=12, pdet=3.5000000000000004%
D=15, pdet=5.0%
D=18, pdet=2.5%
D=20, pdet=3.5000000000000004%
D=22, pdet=2.5%
D=35, pdet=0.5%
the learning rate: 0.0001
Time used = 1439.4603917598724
Using /scratch/kriles_root/kriles0/damoncht/unet_dyn_fastnoise/data/500Hz/500Hz_H1L1_D0-35_256x128_7200s_4c_traindata_n1000_seed60_norm.npz
Loading pure noise ...
D=20, pdet=1.0%
Validation:
D=9, pdet=6.5%
D=12, pdet=3.0%
D=15, pdet=5.0%
D=18, pdet=2.5%
D=20, pdet=3.5000000000000004%
D=22, pdet=3.0%
D=35, pdet=0.5%
Epoch 61/1000, Training Loss: 5.127e-04, Validation Loss: 2.332e+03
the learning rate: 0.0001
Time used = 1461.4494941234589
Using /scratch/kriles_root/kriles0/damoncht/unet_dyn_fastnoise/data/500Hz/500Hz_H1L1_D0-35_256x128_7200s_4c_traindata_n1000_seed61_norm.npz
Loading pure noise ...
D=20, pdet=0.4%
Validation:
D=9, pdet=6.5%
D=12, pdet=3.0%
D=15, pdet=5.0%
D=18, pdet=2.5%
D=20, pdet=3.5000000000000004%
D=22, pdet=3.0%
D=35, pdet=0.5%
the learning rate: 0.0001
Time used = 1484.0127968788147
Using /scratch/kriles_root/kriles0/damoncht/unet_dyn_fastnoise/data/500Hz/500Hz_H1L1_D0-35_256x128_7200s_4c_traindata_n1000_seed62_norm.npz
Loading pure noise ...
D=20, pdet=1.0999999999999999%
Validation:
D=9, pdet=6.5%
D=12, pdet=3.0%
D=15, pdet=5.0%
D=18, pdet=2.5%
D=20, pdet=3.5000000000000004%
D=22, pdet=3.0%
D=35, pdet=0.5%
the learning rate: 0.0001
Time used = 1506.6345899105072
Using /scratch/kriles_root/kriles0/damoncht/unet_dyn_fastnoise/data/500Hz/500Hz_H1L1_D0-35_256x128_7200s_4c_traindata_n1000_seed63_norm.npz
Loading pure noise ...
D=20, pdet=0.5%
Validation:
D=9, pdet=6.5%
D=12, pdet=3.0%
D=15, pdet=5.0%
D=18, pdet=2.5%
D=20, pdet=3.5000000000000004%
D=22, pdet=3.0%
D=35, pdet=0.5%
Epoch 64/1000, Training Loss: 5.138e-04, Validation Loss: 2.332e+03
the learning rate: 0.0001
Time used = 1535.4479978084564
Using /scratch/kriles_root/kriles0/damoncht/unet_dyn_fastnoise/data/500Hz/500Hz_H1L1_D0-35_256x128_7200s_4c_traindata_n1000_seed64_norm.npz
Loading pure noise ...
D=20, pdet=1.6%
Validation:
D=9, pdet=6.5%
D=12, pdet=3.0%
D=15, pdet=5.0%
D=18, pdet=2.5%
D=20, pdet=3.5000000000000004%
D=22, pdet=3.0%
D=35, pdet=0.5%
the learning rate: 0.0001
Time used = 1558.0790348052979
Using /scratch/kriles_root/kriles0/damoncht/unet_dyn_fastnoise/data/500Hz/500Hz_H1L1_D0-35_256x128_7200s_4c_traindata_n1000_seed65_norm.npz
Loading pure noise ...
D=20, pdet=0.8%
Validation:
D=9, pdet=6.5%
D=12, pdet=3.0%
D=15, pdet=5.0%
D=18, pdet=2.5%
D=20, pdet=3.5000000000000004%
D=22, pdet=3.0%
D=35, pdet=0.5%
the learning rate: 0.0001
Time used = 1581.6316859722137
Using /scratch/kriles_root/kriles0/damoncht/unet_dyn_fastnoise/data/500Hz/500Hz_H1L1_D0-35_256x128_7200s_4c_traindata_n1000_seed66_norm.npz
Loading pure noise ...
D=20, pdet=0.7000000000000001%
Validation:
D=9, pdet=6.5%
D=12, pdet=3.0%
D=15, pdet=5.0%
D=18, pdet=2.5%
D=20, pdet=3.5000000000000004%
D=22, pdet=3.0%
D=35, pdet=0.5%
Epoch 67/1000, Training Loss: 5.102e-04, Validation Loss: 2.332e+03
the learning rate: 0.0001
Time used = 1603.9023730754852
Using /scratch/kriles_root/kriles0/damoncht/unet_dyn_fastnoise/data/500Hz/500Hz_H1L1_D0-35_256x128_7200s_4c_traindata_n1000_seed67_norm.npz
Loading pure noise ...
D=20, pdet=0.5%
Validation:
D=9, pdet=7.000000000000001%
D=12, pdet=3.0%
D=15, pdet=5.0%
D=18, pdet=2.5%
D=20, pdet=3.5000000000000004%
D=22, pdet=3.0%
D=35, pdet=0.5%
the learning rate: 0.0001
Time used = 1626.2324860095978
Using /scratch/kriles_root/kriles0/damoncht/unet_dyn_fastnoise/data/500Hz/500Hz_H1L1_D0-35_256x128_7200s_4c_traindata_n1000_seed68_norm.npz
Loading pure noise ...
D=20, pdet=0.8%
Validation:
D=9, pdet=6.5%
D=12, pdet=3.0%
D=15, pdet=5.0%
D=18, pdet=2.5%
D=20, pdet=3.5000000000000004%
D=22, pdet=3.0%
D=35, pdet=0.5%
the learning rate: 0.0001
Time used = 1650.2231621742249
Using /scratch/kriles_root/kriles0/damoncht/unet_dyn_fastnoise/data/500Hz/500Hz_H1L1_D0-35_256x128_7200s_4c_traindata_n1000_seed69_norm.npz
Loading pure noise ...
D=20, pdet=1.0999999999999999%
Validation:
D=9, pdet=7.000000000000001%
D=12, pdet=3.0%
D=15, pdet=5.0%
D=18, pdet=2.5%
D=20, pdet=3.5000000000000004%
D=22, pdet=3.0%
D=35, pdet=0.5%
Epoch 70/1000, Training Loss: 5.156e-04, Validation Loss: 2.332e+03
the learning rate: 0.0001
Time used = 1673.4240069389343
Using /scratch/kriles_root/kriles0/damoncht/unet_dyn_fastnoise/data/500Hz/500Hz_H1L1_D0-35_256x128_7200s_4c_traindata_n1000_seed70_norm.npz
Loading pure noise ...
D=20, pdet=0.6%
Validation:
D=9, pdet=7.000000000000001%
D=12, pdet=3.0%
D=15, pdet=5.0%
D=18, pdet=2.5%
D=20, pdet=3.5000000000000004%
D=22, pdet=3.0%
D=35, pdet=0.5%
the learning rate: 0.0001
Time used = 1695.6943731307983
Using /scratch/kriles_root/kriles0/damoncht/unet_dyn_fastnoise/data/500Hz/500Hz_H1L1_D0-35_256x128_7200s_4c_traindata_n1000_seed71_norm.npz
Loading pure noise ...
D=20, pdet=0.7000000000000001%
Validation:
D=9, pdet=7.000000000000001%
D=12, pdet=3.0%
D=15, pdet=5.0%
D=18, pdet=2.5%
D=20, pdet=3.5000000000000004%
D=22, pdet=3.0%
D=35, pdet=0.5%
the learning rate: 0.0001
Time used = 1717.661071062088
Using /scratch/kriles_root/kriles0/damoncht/unet_dyn_fastnoise/data/500Hz/500Hz_H1L1_D0-35_256x128_7200s_4c_traindata_n1000_seed72_norm.npz
Loading pure noise ...
D=20, pdet=0.8%
Validation:
D=9, pdet=7.000000000000001%
D=12, pdet=3.5000000000000004%
D=15, pdet=5.0%
D=18, pdet=2.5%
D=20, pdet=3.5000000000000004%
D=22, pdet=3.0%
D=35, pdet=0.5%
Epoch 73/1000, Training Loss: 5.154e-04, Validation Loss: 2.332e+03
the learning rate: 0.0001
Time used = 1739.9822494983673
Using /scratch/kriles_root/kriles0/damoncht/unet_dyn_fastnoise/data/500Hz/500Hz_H1L1_D0-35_256x128_7200s_4c_traindata_n1000_seed73_norm.npz
Loading pure noise ...
D=20, pdet=0.7000000000000001%
Validation:
D=9, pdet=7.000000000000001%
D=12, pdet=3.5000000000000004%
D=15, pdet=5.0%
D=18, pdet=2.5%
D=20, pdet=3.5000000000000004%
D=22, pdet=3.0%
D=35, pdet=0.5%
the learning rate: 0.0001
Time used = 1762.1336891651154
Using /scratch/kriles_root/kriles0/damoncht/unet_dyn_fastnoise/data/500Hz/500Hz_H1L1_D0-35_256x128_7200s_4c_traindata_n1000_seed74_norm.npz
Loading pure noise ...
D=20, pdet=1.0999999999999999%
Validation:
D=9, pdet=7.5%
D=12, pdet=4.0%
D=15, pdet=5.0%
D=18, pdet=2.5%
D=20, pdet=3.5000000000000004%
D=22, pdet=3.0%
D=35, pdet=0.5%
the learning rate: 0.0001
Time used = 1784.1524600982666
Using /scratch/kriles_root/kriles0/damoncht/unet_dyn_fastnoise/data/500Hz/500Hz_H1L1_D0-35_256x128_7200s_4c_traindata_n1000_seed75_norm.npz
Loading pure noise ...
D=20, pdet=1.2%
Validation:
D=9, pdet=7.000000000000001%
D=12, pdet=3.5000000000000004%
D=15, pdet=5.0%
D=18, pdet=2.5%
D=20, pdet=3.0%
D=22, pdet=2.5%
D=35, pdet=0.5%
Epoch 76/1000, Training Loss: 5.129e-04, Validation Loss: 2.332e+03
the learning rate: 0.0001
Time used = 1806.667763710022
Using /scratch/kriles_root/kriles0/damoncht/unet_dyn_fastnoise/data/500Hz/500Hz_H1L1_D0-35_256x128_7200s_4c_traindata_n1000_seed76_norm.npz
Loading pure noise ...
D=20, pdet=0.8%
Validation:
D=9, pdet=7.000000000000001%
D=12, pdet=3.0%
D=15, pdet=5.0%
D=18, pdet=2.5%
D=20, pdet=3.5000000000000004%
D=22, pdet=3.0%
D=35, pdet=0.5%
Replace best val model at epoch 76
the learning rate: 0.0001
Time used = 1831.332599401474
Using /scratch/kriles_root/kriles0/damoncht/unet_dyn_fastnoise/data/500Hz/500Hz_H1L1_D0-35_256x128_7200s_4c_traindata_n1000_seed77_norm.npz
Loading pure noise ...
D=20, pdet=0.8%
Validation:
D=9, pdet=30.0%
D=12, pdet=12.5%
D=15, pdet=5.5%
D=18, pdet=2.5%
D=20, pdet=3.5000000000000004%
D=22, pdet=3.0%
D=35, pdet=0.5%
Replace best val model at epoch 77
the learning rate: 0.0001
Time used = 1853.8454103469849
Using /scratch/kriles_root/kriles0/damoncht/unet_dyn_fastnoise/data/500Hz/500Hz_H1L1_D0-35_256x128_7200s_4c_traindata_n1000_seed78_norm.npz
Loading pure noise ...
D=20, pdet=0.6%
Validation:
D=9, pdet=3.0%
D=12, pdet=1.5%
D=15, pdet=3.5000000000000004%
D=18, pdet=1.5%
D=20, pdet=2.5%
D=22, pdet=2.0%
D=35, pdet=0.0%
Epoch 79/1000, Training Loss: 5.086e-04, Validation Loss: 2.332e+03
Replace best val model at epoch 78
the learning rate: 0.0001
Time used = 1876.5385098457336
Using /scratch/kriles_root/kriles0/damoncht/unet_dyn_fastnoise/data/500Hz/500Hz_H1L1_D0-35_256x128_7200s_4c_traindata_n1000_seed79_norm.npz
Loading pure noise ...
D=20, pdet=2.6%
Validation:
D=9, pdet=7.000000000000001%
D=12, pdet=3.5000000000000004%
D=15, pdet=5.0%
D=18, pdet=3.5000000000000004%
D=20, pdet=3.5000000000000004%
D=22, pdet=3.0%
D=35, pdet=0.5%
Replace best val model at epoch 79
the learning rate: 0.0001
Time used = 1898.7864599227905
Using /scratch/kriles_root/kriles0/damoncht/unet_dyn_fastnoise/data/500Hz/500Hz_H1L1_D0-35_256x128_7200s_4c_traindata_n1000_seed80_norm.npz
Loading pure noise ...
D=20, pdet=14.000000000000002%
Validation:
D=9, pdet=8.0%
D=12, pdet=3.5000000000000004%
D=15, pdet=5.0%
D=18, pdet=2.5%
D=20, pdet=3.5000000000000004%
D=22, pdet=3.5000000000000004%
D=35, pdet=0.5%
Replace best val model at epoch 80
the learning rate: 0.0001
Time used = 1920.7769300937653
Using /scratch/kriles_root/kriles0/damoncht/unet_dyn_fastnoise/data/500Hz/500Hz_H1L1_D0-35_256x128_7200s_4c_traindata_n1000_seed81_norm.npz
Loading pure noise ...
D=20, pdet=18.099999999999998%
Validation:
D=9, pdet=11.5%
D=12, pdet=10.0%
D=15, pdet=6.0%
D=18, pdet=6.5%
D=20, pdet=4.0%
D=22, pdet=5.0%
D=35, pdet=0.5%
Epoch 82/1000, Training Loss: 4.934e-04, Validation Loss: 2.332e+03
Replace best val model at epoch 81
the learning rate: 0.0001
Time used = 1943.3383204936981
Using /scratch/kriles_root/kriles0/damoncht/unet_dyn_fastnoise/data/500Hz/500Hz_H1L1_D0-35_256x128_7200s_4c_traindata_n1000_seed82_norm.npz
Loading pure noise ...
D=20, pdet=30.099999999999998%
Validation:
D=9, pdet=39.5%
D=12, pdet=22.0%
D=15, pdet=12.0%
D=18, pdet=8.5%
D=20, pdet=4.0%
D=22, pdet=3.0%
D=35, pdet=0.5%
the learning rate: 0.0001
Time used = 1965.8336305618286
Using /scratch/kriles_root/kriles0/damoncht/unet_dyn_fastnoise/data/500Hz/500Hz_H1L1_D0-35_256x128_7200s_4c_traindata_n1000_seed83_norm.npz
Loading pure noise ...
D=20, pdet=32.0%
Validation:
D=9, pdet=86.0%
D=12, pdet=76.5%
D=15, pdet=60.5%
D=18, pdet=45.0%
D=20, pdet=37.5%
D=22, pdet=27.0%
D=35, pdet=1.0%
Replace best val model at epoch 83
the learning rate: 0.0001
Time used = 1987.818467617035
Using /scratch/kriles_root/kriles0/damoncht/unet_dyn_fastnoise/data/500Hz/500Hz_H1L1_D0-35_256x128_7200s_4c_traindata_n1000_seed84_norm.npz
Loading pure noise ...
D=20, pdet=46.1%
Validation:
D=9, pdet=67.5%
D=12, pdet=40.5%
D=15, pdet=22.5%
D=18, pdet=11.5%
D=20, pdet=4.5%
D=22, pdet=5.0%
D=35, pdet=0.5%
Epoch 85/1000, Training Loss: 4.822e-04, Validation Loss: 2.332e+03
Replace best val model at epoch 84
the learning rate: 0.0001
Time used = 2010.7668175697327
Using /scratch/kriles_root/kriles0/damoncht/unet_dyn_fastnoise/data/500Hz/500Hz_H1L1_D0-35_256x128_7200s_4c_traindata_n1000_seed85_norm.npz
Loading pure noise ...
D=20, pdet=46.7%
Validation:
D=9, pdet=79.0%
D=12, pdet=47.0%
D=15, pdet=27.500000000000004%
D=18, pdet=16.0%
D=20, pdet=6.0%
D=22, pdet=4.0%
D=35, pdet=0.5%
the learning rate: 0.0001
Time used = 2034.456079006195
Using /scratch/kriles_root/kriles0/damoncht/unet_dyn_fastnoise/data/500Hz/500Hz_H1L1_D0-35_256x128_7200s_4c_traindata_n1000_seed86_norm.npz
Loading pure noise ...
D=20, pdet=45.7%
Validation:
D=9, pdet=100.0%
D=12, pdet=85.0%
D=15, pdet=65.5%
D=18, pdet=53.0%
D=20, pdet=44.0%
D=22, pdet=36.0%
D=35, pdet=2.5%
Replace best val model at epoch 86
Replace best pdet model at epoch 86
the learning rate: 0.0001
Time used = 2056.7943680286407
Using /scratch/kriles_root/kriles0/damoncht/unet_dyn_fastnoise/data/500Hz/500Hz_H1L1_D0-35_256x128_7200s_4c_traindata_n1000_seed87_norm.npz
Loading pure noise ...
D=20, pdet=51.5%
Validation:
D=9, pdet=100.0%
D=12, pdet=92.5%
D=15, pdet=70.0%
D=18, pdet=57.99999999999999%
D=20, pdet=46.5%
D=22, pdet=41.0%
D=35, pdet=5.0%
Epoch 88/1000, Training Loss: 4.774e-04, Validation Loss: 2.332e+03
Replace best val model at epoch 87
Replace best pdet model at epoch 87
the learning rate: 0.0001
Time used = 2079.7101368904114
Using /scratch/kriles_root/kriles0/damoncht/unet_dyn_fastnoise/data/500Hz/500Hz_H1L1_D0-35_256x128_7200s_4c_traindata_n1000_seed88_norm.npz
Loading pure noise ...
D=20, pdet=54.1%
Validation:
D=9, pdet=89.0%
D=12, pdet=60.0%
D=15, pdet=46.0%
D=18, pdet=31.5%
D=20, pdet=22.5%
D=22, pdet=11.5%
D=35, pdet=0.0%
the learning rate: 0.0001
Time used = 2101.980763196945
Using /scratch/kriles_root/kriles0/damoncht/unet_dyn_fastnoise/data/500Hz/500Hz_H1L1_D0-35_256x128_7200s_4c_traindata_n1000_seed89_norm.npz
Loading pure noise ...
D=20, pdet=50.1%
Validation:
D=9, pdet=100.0%
D=12, pdet=94.0%
D=15, pdet=74.5%
D=18, pdet=60.5%
D=20, pdet=51.5%
D=22, pdet=43.5%
D=35, pdet=8.0%
Replace best val model at epoch 89
Replace best pdet model at epoch 89
the learning rate: 0.0001
Time used = 2124.4865872859955
Using /scratch/kriles_root/kriles0/damoncht/unet_dyn_fastnoise/data/500Hz/500Hz_H1L1_D0-35_256x128_7200s_4c_traindata_n1000_seed90_norm.npz
Loading pure noise ...
D=20, pdet=50.2%
Validation:
D=9, pdet=98.5%
D=12, pdet=77.5%
D=15, pdet=57.99999999999999%
D=18, pdet=47.0%
D=20, pdet=37.5%
D=22, pdet=27.500000000000004%
D=35, pdet=0.5%
Epoch 91/1000, Training Loss: 4.594e-04, Validation Loss: 2.332e+03
the learning rate: 0.0001
Time used = 2146.6997525691986
Using /scratch/kriles_root/kriles0/damoncht/unet_dyn_fastnoise/data/500Hz/500Hz_H1L1_D0-35_256x128_7200s_4c_traindata_n1000_seed91_norm.npz
Loading pure noise ...
D=20, pdet=56.2%
Validation:
D=9, pdet=85.0%
D=12, pdet=52.5%
D=15, pdet=32.0%
D=18, pdet=18.5%
D=20, pdet=8.0%
D=22, pdet=5.5%
D=35, pdet=0.5%
Replace best val model at epoch 91
the learning rate: 0.0001
Time used = 2168.760895729065
Using /scratch/kriles_root/kriles0/damoncht/unet_dyn_fastnoise/data/500Hz/500Hz_H1L1_D0-35_256x128_7200s_4c_traindata_n1000_seed92_norm.npz
Loading pure noise ...
D=20, pdet=57.8%
Validation:
D=9, pdet=100.0%
D=12, pdet=92.5%
D=15, pdet=72.0%
D=18, pdet=57.99999999999999%
D=20, pdet=48.5%
D=22, pdet=42.0%
D=35, pdet=5.5%
Replace best val model at epoch 92
the learning rate: 0.0001
Time used = 2191.217793703079
Using /scratch/kriles_root/kriles0/damoncht/unet_dyn_fastnoise/data/500Hz/500Hz_H1L1_D0-35_256x128_7200s_4c_traindata_n1000_seed93_norm.npz
Loading pure noise ...
D=20, pdet=56.39999999999999%
Validation:
D=9, pdet=85.0%
D=12, pdet=53.0%
D=15, pdet=31.0%
D=18, pdet=19.5%
D=20, pdet=8.5%
D=22, pdet=5.5%
D=35, pdet=0.0%
Epoch 94/1000, Training Loss: 4.469e-04, Validation Loss: 2.332e+03
Replace best val model at epoch 93
the learning rate: 0.0001
Time used = 2213.1691479682922
Using /scratch/kriles_root/kriles0/damoncht/unet_dyn_fastnoise/data/500Hz/500Hz_H1L1_D0-35_256x128_7200s_4c_traindata_n1000_seed94_norm.npz
Loading pure noise ...
D=20, pdet=58.5%
Validation:
D=9, pdet=85.0%
D=12, pdet=51.0%
D=15, pdet=31.0%
D=18, pdet=19.5%
D=20, pdet=7.5%
D=22, pdet=5.5%
D=35, pdet=0.5%
Replace best val model at epoch 94
the learning rate: 0.0001
Time used = 2235.2549867630005
Using /scratch/kriles_root/kriles0/damoncht/unet_dyn_fastnoise/data/500Hz/500Hz_H1L1_D0-35_256x128_7200s_4c_traindata_n1000_seed95_norm.npz
Loading pure noise ...
D=20, pdet=60.3%
Validation:
D=9, pdet=86.0%
D=12, pdet=52.0%
D=15, pdet=32.0%
D=18, pdet=20.0%
D=20, pdet=9.5%
D=22, pdet=5.5%
D=35, pdet=0.5%
Replace best val model at epoch 95
the learning rate: 0.0001
Time used = 2257.209098339081
Using /scratch/kriles_root/kriles0/damoncht/unet_dyn_fastnoise/data/500Hz/500Hz_H1L1_D0-35_256x128_7200s_4c_traindata_n1000_seed96_norm.npz
Loading pure noise ...
D=20, pdet=60.6%
Validation:
D=9, pdet=85.0%
D=12, pdet=50.5%
D=15, pdet=31.5%
D=18, pdet=19.5%
D=20, pdet=8.5%
D=22, pdet=6.5%
D=35, pdet=0.5%
Epoch 97/1000, Training Loss: 4.465e-04, Validation Loss: 2.332e+03
Replace best val model at epoch 96
the learning rate: 0.0001
Time used = 2279.416469812393
Using /scratch/kriles_root/kriles0/damoncht/unet_dyn_fastnoise/data/500Hz/500Hz_H1L1_D0-35_256x128_7200s_4c_traindata_n1000_seed97_norm.npz
Loading pure noise ...
D=20, pdet=62.5%
Validation:
D=9, pdet=100.0%
D=12, pdet=98.5%
D=15, pdet=80.5%
D=18, pdet=63.0%
D=20, pdet=56.00000000000001%
D=22, pdet=47.5%
D=35, pdet=8.5%
Replace best val model at epoch 97
Replace best pdet model at epoch 97
the learning rate: 0.0001
Time used = 2301.5863738059998
Using /scratch/kriles_root/kriles0/damoncht/unet_dyn_fastnoise/data/500Hz/500Hz_H1L1_D0-35_256x128_7200s_4c_traindata_n1000_seed98_norm.npz
Loading pure noise ...
D=20, pdet=53.5%
Validation:
D=9, pdet=74.0%
D=12, pdet=45.5%
D=15, pdet=25.5%
D=18, pdet=14.000000000000002%
D=20, pdet=5.5%
D=22, pdet=3.5000000000000004%
D=35, pdet=0.5%
the learning rate: 0.0001
Time used = 2323.6784312725067
Using /scratch/kriles_root/kriles0/damoncht/unet_dyn_fastnoise/data/500Hz/500Hz_H1L1_D0-35_256x128_7200s_4c_traindata_n1000_seed99_norm.npz
Loading pure noise ...
D=20, pdet=57.49999999999999%
Validation:
D=9, pdet=89.5%
D=12, pdet=56.49999999999999%
D=15, pdet=36.0%
D=18, pdet=21.0%
D=20, pdet=12.0%
D=22, pdet=8.0%
D=35, pdet=0.0%
Epoch 100/1000, Training Loss: 4.390e-04, Validation Loss: 2.332e+03
the learning rate: 0.0001
Time used = 2345.9918859004974
Using /scratch/kriles_root/kriles0/damoncht/unet_dyn_fastnoise/data/500Hz/500Hz_H1L1_D0-35_256x128_7200s_4c_traindata_n1000_seed100_norm.npz
Loading pure noise ...
D=20, pdet=59.3%
Validation:
D=9, pdet=100.0%
D=12, pdet=98.5%
D=15, pdet=82.0%
D=18, pdet=62.5%
D=20, pdet=55.50000000000001%
D=22, pdet=47.5%
D=35, pdet=9.0%
Replace best val model at epoch 100
Replace best pdet model at epoch 100
the learning rate: 0.0001
Time used = 2368.778968811035
Using /scratch/kriles_root/kriles0/damoncht/unet_dyn_fastnoise/data/500Hz/500Hz_H1L1_D0-35_256x128_7200s_4c_traindata_n1000_seed101_norm.npz
Loading pure noise ...
D=20, pdet=61.0%
Validation:
D=9, pdet=94.0%
D=12, pdet=59.5%
D=15, pdet=43.0%
D=18, pdet=31.5%
D=20, pdet=19.0%
D=22, pdet=12.5%
D=35, pdet=0.5%
Replace best val model at epoch 101
the learning rate: 0.0001
Time used = 2390.8727707862854
Using /scratch/kriles_root/kriles0/damoncht/unet_dyn_fastnoise/data/500Hz/500Hz_H1L1_D0-35_256x128_7200s_4c_traindata_n1000_seed102_norm.npz
Loading pure noise ...
D=20, pdet=61.7%
Validation:
D=9, pdet=96.5%
D=12, pdet=67.0%
D=15, pdet=47.5%
D=18, pdet=37.0%
D=20, pdet=23.5%
D=22, pdet=18.0%
D=35, pdet=0.5%
Epoch 103/1000, Training Loss: 4.364e-04, Validation Loss: 2.332e+03
Replace best val model at epoch 102
the learning rate: 0.0001
Time used = 2413.0311319828033
Using /scratch/kriles_root/kriles0/damoncht/unet_dyn_fastnoise/data/500Hz/500Hz_H1L1_D0-35_256x128_7200s_4c_traindata_n1000_seed103_norm.npz
Loading pure noise ...
D=20, pdet=60.6%
Validation:
D=9, pdet=100.0%
D=12, pdet=88.5%
D=15, pdet=65.0%
D=18, pdet=53.0%
D=20, pdet=43.5%
D=22, pdet=37.5%
D=35, pdet=1.0%
the learning rate: 0.0001
Time used = 2435.252726793289
Using /scratch/kriles_root/kriles0/damoncht/unet_dyn_fastnoise/data/500Hz/500Hz_H1L1_D0-35_256x128_7200s_4c_traindata_n1000_seed104_norm.npz
Loading pure noise ...
D=20, pdet=61.8%
Validation:
D=9, pdet=100.0%
D=12, pdet=94.0%
D=15, pdet=72.0%
D=18, pdet=59.5%
D=20, pdet=49.5%
D=22, pdet=41.5%
D=35, pdet=5.0%
the learning rate: 0.0001
Time used = 2457.5051805973053
Using /scratch/kriles_root/kriles0/damoncht/unet_dyn_fastnoise/data/500Hz/500Hz_H1L1_D0-35_256x128_7200s_4c_traindata_n1000_seed105_norm.npz
Loading pure noise ...
D=20, pdet=62.5%
Validation:
D=9, pdet=98.0%
D=12, pdet=74.5%
D=15, pdet=54.50000000000001%
D=18, pdet=42.5%
D=20, pdet=34.5%
D=22, pdet=28.000000000000004%
D=35, pdet=0.5%
Epoch 106/1000, Training Loss: 4.241e-04, Validation Loss: 2.332e+03
the learning rate: 0.0001
Time used = 2479.985373735428
Using /scratch/kriles_root/kriles0/damoncht/unet_dyn_fastnoise/data/500Hz/500Hz_H1L1_D0-35_256x128_7200s_4c_traindata_n1000_seed106_norm.npz
Loading pure noise ...
D=20, pdet=53.800000000000004%
Validation:
D=9, pdet=100.0%
D=12, pdet=81.5%
D=15, pdet=60.0%
D=18, pdet=50.0%
D=20, pdet=37.0%
D=22, pdet=32.5%
D=35, pdet=0.5%
the learning rate: 0.0001
Time used = 2502.1021909713745
Using /scratch/kriles_root/kriles0/damoncht/unet_dyn_fastnoise/data/500Hz/500Hz_H1L1_D0-35_256x128_7200s_4c_traindata_n1000_seed107_norm.npz
Loading pure noise ...
D=20, pdet=61.199999999999996%
Validation:
D=9, pdet=100.0%
D=12, pdet=99.0%
D=15, pdet=89.0%
D=18, pdet=69.0%
D=20, pdet=61.0%
D=22, pdet=55.50000000000001%
D=35, pdet=14.000000000000002%
Replace best val model at epoch 107
Replace best pdet model at epoch 107
the learning rate: 0.0001
Time used = 2524.025378704071
Using /scratch/kriles_root/kriles0/damoncht/unet_dyn_fastnoise/data/500Hz/500Hz_H1L1_D0-35_256x128_7200s_4c_traindata_n1000_seed108_norm.npz
Loading pure noise ...
D=20, pdet=60.099999999999994%
Validation:
D=9, pdet=100.0%
D=12, pdet=96.5%
D=15, pdet=77.0%
D=18, pdet=61.5%
D=20, pdet=53.0%
D=22, pdet=46.0%
D=35, pdet=7.000000000000001%
Epoch 109/1000, Training Loss: 4.304e-04, Validation Loss: 2.332e+03
the learning rate: 0.0001
Time used = 2545.9969565868378
Using /scratch/kriles_root/kriles0/damoncht/unet_dyn_fastnoise/data/500Hz/500Hz_H1L1_D0-35_256x128_7200s_4c_traindata_n1000_seed109_norm.npz
Loading pure noise ...
D=20, pdet=65.8%
Validation:
D=9, pdet=100.0%
D=12, pdet=99.0%
D=15, pdet=88.0%
D=18, pdet=65.5%
D=20, pdet=60.5%
D=22, pdet=52.5%
D=35, pdet=11.5%
the learning rate: 0.0001
Time used = 2568.19446849823
Using /scratch/kriles_root/kriles0/damoncht/unet_dyn_fastnoise/data/500Hz/500Hz_H1L1_D0-35_256x128_7200s_4c_traindata_n1000_seed110_norm.npz
Loading pure noise ...
D=20, pdet=61.7%
Validation:
D=9, pdet=92.0%
D=12, pdet=61.0%
D=15, pdet=43.5%
D=18, pdet=32.0%
D=20, pdet=16.0%
D=22, pdet=10.5%
D=35, pdet=0.5%
the learning rate: 0.0001
Time used = 2590.230432033539
Using /scratch/kriles_root/kriles0/damoncht/unet_dyn_fastnoise/data/500Hz/500Hz_H1L1_D0-35_256x128_7200s_4c_traindata_n1000_seed111_norm.npz
Loading pure noise ...
D=20, pdet=64.4%
Validation:
D=9, pdet=100.0%
D=12, pdet=97.0%
D=15, pdet=78.0%
D=18, pdet=63.5%
D=20, pdet=52.5%
D=22, pdet=44.0%
D=35, pdet=6.0%
Epoch 112/1000, Training Loss: 4.214e-04, Validation Loss: 2.332e+03
Replace best val model at epoch 111
the learning rate: 0.0001
Time used = 2612.764883518219
Using /scratch/kriles_root/kriles0/damoncht/unet_dyn_fastnoise/data/500Hz/500Hz_H1L1_D0-35_256x128_7200s_4c_traindata_n1000_seed112_norm.npz
Loading pure noise ...
D=20, pdet=64.9%
Validation:
D=9, pdet=100.0%
D=12, pdet=99.0%
D=15, pdet=83.5%
D=18, pdet=65.5%
D=20, pdet=57.49999999999999%
D=22, pdet=49.5%
D=35, pdet=11.0%
the learning rate: 0.0001
Time used = 2635.651355981827
Using /scratch/kriles_root/kriles0/damoncht/unet_dyn_fastnoise/data/500Hz/500Hz_H1L1_D0-35_256x128_7200s_4c_traindata_n1000_seed113_norm.npz
Loading pure noise ...
D=20, pdet=63.5%
Validation:
D=9, pdet=100.0%
D=12, pdet=99.0%
D=15, pdet=91.5%
D=18, pdet=71.5%
D=20, pdet=66.5%
D=22, pdet=54.50000000000001%
D=35, pdet=16.0%
Replace best val model at epoch 113
Replace best pdet model at epoch 113
the learning rate: 0.0001
Time used = 2657.699197292328
Using /scratch/kriles_root/kriles0/damoncht/unet_dyn_fastnoise/data/500Hz/500Hz_H1L1_D0-35_256x128_7200s_4c_traindata_n1000_seed114_norm.npz
Loading pure noise ...
D=20, pdet=67.30000000000001%
Validation:
D=9, pdet=100.0%
D=12, pdet=98.5%
D=15, pdet=83.5%
D=18, pdet=64.5%
D=20, pdet=56.49999999999999%
D=22, pdet=48.0%
D=35, pdet=10.5%
Epoch 115/1000, Training Loss: 4.148e-04, Validation Loss: 2.332e+03
Replace best val model at epoch 114
the learning rate: 0.0001
Time used = 2679.656540632248
Using /scratch/kriles_root/kriles0/damoncht/unet_dyn_fastnoise/data/500Hz/500Hz_H1L1_D0-35_256x128_7200s_4c_traindata_n1000_seed115_norm.npz
Loading pure noise ...
D=20, pdet=63.2%
Validation:
D=9, pdet=100.0%
D=12, pdet=84.0%
D=15, pdet=61.0%
D=18, pdet=51.0%
D=20, pdet=43.0%
D=22, pdet=34.0%
D=35, pdet=0.0%
the learning rate: 0.0001
Time used = 2705.270301103592
Using /scratch/kriles_root/kriles0/damoncht/unet_dyn_fastnoise/data/500Hz/500Hz_H1L1_D0-35_256x128_7200s_4c_traindata_n1000_seed116_norm.npz
Loading pure noise ...
D=20, pdet=63.7%
Validation:
D=9, pdet=100.0%
D=12, pdet=93.0%
D=15, pdet=68.5%
D=18, pdet=56.49999999999999%
D=20, pdet=47.0%
D=22, pdet=39.0%
D=35, pdet=2.0%
Replace best val model at epoch 116
the learning rate: 0.0001
Time used = 2728.0438561439514
Using /scratch/kriles_root/kriles0/damoncht/unet_dyn_fastnoise/data/500Hz/500Hz_H1L1_D0-35_256x128_7200s_4c_traindata_n1000_seed117_norm.npz
Loading pure noise ...
D=20, pdet=57.4%
Validation:
D=9, pdet=99.5%
D=12, pdet=80.0%
D=15, pdet=59.0%
D=18, pdet=49.0%
D=20, pdet=39.5%
D=22, pdet=33.5%
D=35, pdet=0.5%
Epoch 118/1000, Training Loss: 4.217e-04, Validation Loss: 2.332e+03
the learning rate: 0.0001
Time used = 2750.105666399002
Using /scratch/kriles_root/kriles0/damoncht/unet_dyn_fastnoise/data/500Hz/500Hz_H1L1_D0-35_256x128_7200s_4c_traindata_n1000_seed118_norm.npz
Loading pure noise ...
D=20, pdet=64.8%
Validation:
D=9, pdet=100.0%
D=12, pdet=96.5%
D=15, pdet=74.5%
D=18, pdet=61.0%
D=20, pdet=51.0%
D=22, pdet=44.0%
D=35, pdet=5.0%
the learning rate: 0.0001
Time used = 2772.3326597213745
Using /scratch/kriles_root/kriles0/damoncht/unet_dyn_fastnoise/data/500Hz/500Hz_H1L1_D0-35_256x128_7200s_4c_traindata_n1000_seed119_norm.npz
Loading pure noise ...
D=20, pdet=63.6%
Validation:
D=9, pdet=85.5%
D=12, pdet=53.0%
D=15, pdet=33.5%
D=18, pdet=22.0%
D=20, pdet=8.5%
D=22, pdet=9.0%
D=35, pdet=0.5%
the learning rate: 0.0001
Time used = 2794.4345190525055
Using /scratch/kriles_root/kriles0/damoncht/unet_dyn_fastnoise/data/500Hz/500Hz_H1L1_D0-35_256x128_7200s_4c_traindata_n1000_seed120_norm.npz
Loading pure noise ...
D=20, pdet=63.7%
Validation:
D=9, pdet=100.0%
D=12, pdet=94.0%
D=15, pdet=74.0%
D=18, pdet=61.5%
D=20, pdet=48.5%
D=22, pdet=42.5%
D=35, pdet=4.5%
Epoch 121/1000, Training Loss: 4.169e-04, Validation Loss: 2.332e+03
the learning rate: 0.0001
Time used = 2816.3704624176025
Using /scratch/kriles_root/kriles0/damoncht/unet_dyn_fastnoise/data/500Hz/500Hz_H1L1_D0-35_256x128_7200s_4c_traindata_n1000_seed121_norm.npz
Loading pure noise ...
D=20, pdet=63.9%
Validation:
D=9, pdet=86.0%
D=12, pdet=55.00000000000001%
D=15, pdet=34.0%
D=18, pdet=21.5%
D=20, pdet=9.0%
D=22, pdet=9.0%
D=35, pdet=0.0%
the learning rate: 0.0001
Time used = 2838.400861978531
Using /scratch/kriles_root/kriles0/damoncht/unet_dyn_fastnoise/data/500Hz/500Hz_H1L1_D0-35_256x128_7200s_4c_traindata_n1000_seed122_norm.npz
Loading pure noise ...
D=20, pdet=65.9%
Validation:
D=9, pdet=100.0%
D=12, pdet=99.0%
D=15, pdet=91.5%
D=18, pdet=71.5%
D=20, pdet=64.5%
D=22, pdet=53.5%
D=35, pdet=16.5%
Replace best val model at epoch 122
Replace best pdet model at epoch 122
the learning rate: 0.0001
Time used = 2860.5489540100098
Using /scratch/kriles_root/kriles0/damoncht/unet_dyn_fastnoise/data/500Hz/500Hz_H1L1_D0-35_256x128_7200s_4c_traindata_n1000_seed123_norm.npz
Loading pure noise ...
D=20, pdet=59.0%
Validation:
D=9, pdet=100.0%
D=12, pdet=94.0%
D=15, pdet=71.0%
D=18, pdet=59.5%
D=20, pdet=48.5%
D=22, pdet=44.5%
D=35, pdet=4.0%
Epoch 124/1000, Training Loss: 4.147e-04, Validation Loss: 2.332e+03
the learning rate: 0.0001
Time used = 2883.0143299102783
Using /scratch/kriles_root/kriles0/damoncht/unet_dyn_fastnoise/data/500Hz/500Hz_H1L1_D0-35_256x128_7200s_4c_traindata_n1000_seed124_norm.npz
Loading pure noise ...
D=20, pdet=65.8%
Validation:
D=9, pdet=100.0%
D=12, pdet=99.0%
D=15, pdet=88.5%
D=18, pdet=68.0%
D=20, pdet=60.0%
D=22, pdet=53.5%
D=35, pdet=12.0%
the learning rate: 0.0001
Time used = 2905.6724433898926
Using /scratch/kriles_root/kriles0/damoncht/unet_dyn_fastnoise/data/500Hz/500Hz_H1L1_D0-35_256x128_7200s_4c_traindata_n1000_seed125_norm.npz
Loading pure noise ...
D=20, pdet=64.0%
Validation:
D=9, pdet=100.0%
D=12, pdet=99.0%
D=15, pdet=91.5%
D=18, pdet=73.5%
D=20, pdet=66.5%
D=22, pdet=56.99999999999999%
D=35, pdet=17.0%
Replace best pdet model at epoch 125
the learning rate: 0.0001
Time used = 2929.627496242523
Using /scratch/kriles_root/kriles0/damoncht/unet_dyn_fastnoise/data/500Hz/500Hz_H1L1_D0-35_256x128_7200s_4c_traindata_n1000_seed126_norm.npz
Loading pure noise ...
D=20, pdet=65.5%
Validation:
D=9, pdet=100.0%
D=12, pdet=99.0%
D=15, pdet=90.0%
D=18, pdet=72.5%
D=20, pdet=67.0%
D=22, pdet=56.99999999999999%
D=35, pdet=17.0%
Epoch 127/1000, Training Loss: 4.092e-04, Validation Loss: 2.332e+03
Replace best val model at epoch 126
the learning rate: 0.0001
Time used = 2953.4150381088257
Using /scratch/kriles_root/kriles0/damoncht/unet_dyn_fastnoise/data/500Hz/500Hz_H1L1_D0-35_256x128_7200s_4c_traindata_n1000_seed127_norm.npz
Loading pure noise ...
D=20, pdet=63.3%
Validation:
D=9, pdet=89.0%
D=12, pdet=56.49999999999999%
D=15, pdet=35.0%
D=18, pdet=21.5%
D=20, pdet=10.5%
D=22, pdet=9.0%
D=35, pdet=0.0%
the learning rate: 0.0001
Time used = 2975.5996770858765
Using /scratch/kriles_root/kriles0/damoncht/unet_dyn_fastnoise/data/500Hz/500Hz_H1L1_D0-35_256x128_7200s_4c_traindata_n1000_seed128_norm.npz
Loading pure noise ...
D=20, pdet=67.9%
Validation:
D=9, pdet=86.5%
D=12, pdet=52.5%
D=15, pdet=32.5%
D=18, pdet=21.0%
D=20, pdet=9.0%
D=22, pdet=7.5%
D=35, pdet=0.5%
the learning rate: 0.0001
Time used = 2998.988496541977
Using /scratch/kriles_root/kriles0/damoncht/unet_dyn_fastnoise/data/500Hz/500Hz_H1L1_D0-35_256x128_7200s_4c_traindata_n1000_seed129_norm.npz
Loading pure noise ...
D=20, pdet=66.7%
Validation:
D=9, pdet=100.0%
D=12, pdet=99.0%
D=15, pdet=82.0%
D=18, pdet=64.5%
D=20, pdet=54.0%
D=22, pdet=48.5%
D=35, pdet=8.5%
Epoch 130/1000, Training Loss: 4.121e-04, Validation Loss: 2.332e+03
the learning rate: 0.0001
Time used = 3021.0513105392456
Using /scratch/kriles_root/kriles0/damoncht/unet_dyn_fastnoise/data/500Hz/500Hz_H1L1_D0-35_256x128_7200s_4c_traindata_n1000_seed130_norm.npz
Loading pure noise ...
D=20, pdet=66.0%
Validation:
D=9, pdet=100.0%
D=12, pdet=99.0%
D=15, pdet=92.5%
D=18, pdet=73.5%
D=20, pdet=65.5%
D=22, pdet=54.50000000000001%
D=35, pdet=15.0%
the learning rate: 0.0001
Time used = 3043.287576198578
Using /scratch/kriles_root/kriles0/damoncht/unet_dyn_fastnoise/data/500Hz/500Hz_H1L1_D0-35_256x128_7200s_4c_traindata_n1000_seed131_norm.npz
Loading pure noise ...
D=20, pdet=65.0%
Validation:
D=9, pdet=100.0%
D=12, pdet=96.0%
D=15, pdet=72.0%
D=18, pdet=59.5%
D=20, pdet=49.5%
D=22, pdet=42.0%
D=35, pdet=4.0%
the learning rate: 0.0001
Time used = 3066.027199983597
Using /scratch/kriles_root/kriles0/damoncht/unet_dyn_fastnoise/data/500Hz/500Hz_H1L1_D0-35_256x128_7200s_4c_traindata_n1000_seed132_norm.npz
Loading pure noise ...
D=20, pdet=65.8%
Validation:
D=9, pdet=100.0%
D=12, pdet=99.0%
D=15, pdet=93.0%
D=18, pdet=77.0%
D=20, pdet=67.5%
D=22, pdet=57.99999999999999%
D=35, pdet=18.5%
Epoch 133/1000, Training Loss: 4.078e-04, Validation Loss: 2.332e+03
Replace best val model at epoch 132
Replace best pdet model at epoch 132
the learning rate: 0.0001
Time used = 3091.350119829178
Using /scratch/kriles_root/kriles0/damoncht/unet_dyn_fastnoise/data/500Hz/500Hz_H1L1_D0-35_256x128_7200s_4c_traindata_n1000_seed133_norm.npz
Loading pure noise ...
D=20, pdet=67.7%
Validation:
D=9, pdet=100.0%
D=12, pdet=99.0%
D=15, pdet=86.5%
D=18, pdet=66.5%
D=20, pdet=55.50000000000001%
D=22, pdet=51.0%
D=35, pdet=10.0%
the learning rate: 0.0001
Time used = 3114.405686378479
Using /scratch/kriles_root/kriles0/damoncht/unet_dyn_fastnoise/data/500Hz/500Hz_H1L1_D0-35_256x128_7200s_4c_traindata_n1000_seed134_norm.npz
Loading pure noise ...
D=20, pdet=71.8%
Validation:
D=9, pdet=84.5%
D=12, pdet=48.5%
D=15, pdet=30.0%
D=18, pdet=18.5%
D=20, pdet=7.5%
D=22, pdet=5.5%
D=35, pdet=0.0%
the learning rate: 0.0001
Time used = 3136.7675154209137
Using /scratch/kriles_root/kriles0/damoncht/unet_dyn_fastnoise/data/500Hz/500Hz_H1L1_D0-35_256x128_7200s_4c_traindata_n1000_seed135_norm.npz
Loading pure noise ...
D=20, pdet=69.0%
Validation:
D=9, pdet=100.0%
D=12, pdet=98.5%
D=15, pdet=81.5%
D=18, pdet=64.0%
D=20, pdet=52.5%
D=22, pdet=48.5%
D=35, pdet=6.0%
Epoch 136/1000, Training Loss: 3.981e-04, Validation Loss: 2.332e+03
the learning rate: 0.0001
Time used = 3159.2910726070404
Using /scratch/kriles_root/kriles0/damoncht/unet_dyn_fastnoise/data/500Hz/500Hz_H1L1_D0-35_256x128_7200s_4c_traindata_n1000_seed136_norm.npz
Loading pure noise ...
D=20, pdet=67.60000000000001%
Validation:
D=9, pdet=100.0%
D=12, pdet=99.0%
D=15, pdet=93.0%
D=18, pdet=71.0%
D=20, pdet=65.5%
D=22, pdet=56.00000000000001%
D=35, pdet=17.0%
Replace best val model at epoch 136
the learning rate: 0.0001
Time used = 3182.053028345108
Using /scratch/kriles_root/kriles0/damoncht/unet_dyn_fastnoise/data/500Hz/500Hz_H1L1_D0-35_256x128_7200s_4c_traindata_n1000_seed137_norm.npz
Loading pure noise ...
D=20, pdet=69.1%
Validation:
D=9, pdet=85.0%
D=12, pdet=52.0%
D=15, pdet=31.5%
D=18, pdet=20.0%
D=20, pdet=8.5%
D=22, pdet=7.000000000000001%
D=35, pdet=0.5%
the learning rate: 0.0001
Time used = 3204.4184534549713
Using /scratch/kriles_root/kriles0/damoncht/unet_dyn_fastnoise/data/500Hz/500Hz_H1L1_D0-35_256x128_7200s_4c_traindata_n1000_seed138_norm.npz
Loading pure noise ...
D=20, pdet=66.60000000000001%
Validation:
D=9, pdet=84.0%
D=12, pdet=51.5%
D=15, pdet=31.0%
D=18, pdet=20.0%
D=20, pdet=8.5%
D=22, pdet=7.5%
D=35, pdet=0.5%
Epoch 139/1000, Training Loss: 4.020e-04, Validation Loss: 2.332e+03
the learning rate: 0.0001
Time used = 3226.570506811142
Using /scratch/kriles_root/kriles0/damoncht/unet_dyn_fastnoise/data/500Hz/500Hz_H1L1_D0-35_256x128_7200s_4c_traindata_n1000_seed139_norm.npz
Loading pure noise ...
D=20, pdet=65.3%
Validation:
D=9, pdet=100.0%
D=12, pdet=97.5%
D=15, pdet=77.5%
D=18, pdet=64.0%
D=20, pdet=52.0%
D=22, pdet=47.5%
D=35, pdet=5.5%
the learning rate: 0.0001
Time used = 3249.0124027729034
Using /scratch/kriles_root/kriles0/damoncht/unet_dyn_fastnoise/data/500Hz/500Hz_H1L1_D0-35_256x128_7200s_4c_traindata_n1000_seed140_norm.npz
Loading pure noise ...
D=20, pdet=68.10000000000001%
Validation:
D=9, pdet=84.0%
D=12, pdet=51.5%
D=15, pdet=30.5%
D=18, pdet=20.0%
D=20, pdet=8.0%
D=22, pdet=6.5%
D=35, pdet=0.0%
the learning rate: 0.0001
Time used = 3273.4935438632965
Using /scratch/kriles_root/kriles0/damoncht/unet_dyn_fastnoise/data/500Hz/500Hz_H1L1_D0-35_256x128_7200s_4c_traindata_n1000_seed141_norm.npz
Loading pure noise ...
D=20, pdet=65.7%
Validation:
D=9, pdet=100.0%
D=12, pdet=99.0%
D=15, pdet=93.0%
D=18, pdet=74.0%
D=20, pdet=66.0%
D=22, pdet=57.49999999999999%
D=35, pdet=18.5%
Epoch 142/1000, Training Loss: 3.976e-04, Validation Loss: 2.332e+03
Replace best val model at epoch 141
the learning rate: 0.0001
Time used = 3296.982932806015
Using /scratch/kriles_root/kriles0/damoncht/unet_dyn_fastnoise/data/500Hz/500Hz_H1L1_D0-35_256x128_7200s_4c_traindata_n1000_seed142_norm.npz
Loading pure noise ...
D=20, pdet=64.4%
Validation:
D=9, pdet=100.0%
D=12, pdet=99.5%
D=15, pdet=93.5%
D=18, pdet=78.5%
D=20, pdet=69.0%
D=22, pdet=59.5%
D=35, pdet=23.0%
Replace best pdet model at epoch 142
the learning rate: 0.0001
Time used = 3319.655151128769
Using /scratch/kriles_root/kriles0/damoncht/unet_dyn_fastnoise/data/500Hz/500Hz_H1L1_D0-35_256x128_7200s_4c_traindata_n1000_seed143_norm.npz
Loading pure noise ...
D=20, pdet=68.4%
Validation:
D=9, pdet=100.0%
D=12, pdet=99.0%
D=15, pdet=90.5%
D=18, pdet=71.5%
D=20, pdet=63.5%
D=22, pdet=54.50000000000001%
D=35, pdet=15.5%
Replace best val model at epoch 143
the learning rate: 0.0001
Time used = 3341.9219186306
Using /scratch/kriles_root/kriles0/damoncht/unet_dyn_fastnoise/data/500Hz/500Hz_H1L1_D0-35_256x128_7200s_4c_traindata_n1000_seed144_norm.npz
Loading pure noise ...
D=20, pdet=69.39999999999999%
Validation:
D=9, pdet=88.5%
D=12, pdet=54.0%
D=15, pdet=33.5%
D=18, pdet=20.5%
D=20, pdet=11.0%
D=22, pdet=7.5%
D=35, pdet=0.0%
Epoch 145/1000, Training Loss: 3.975e-04, Validation Loss: 2.332e+03
the learning rate: 0.0001
Time used = 3364.451554775238
Using /scratch/kriles_root/kriles0/damoncht/unet_dyn_fastnoise/data/500Hz/500Hz_H1L1_D0-35_256x128_7200s_4c_traindata_n1000_seed145_norm.npz
Loading pure noise ...
D=20, pdet=71.3%
Validation:
D=9, pdet=100.0%
D=12, pdet=83.5%
D=15, pdet=62.5%
D=18, pdet=52.5%
D=20, pdet=42.5%
D=22, pdet=36.5%
D=35, pdet=1.0%
the learning rate: 0.0001
Time used = 3387.5026421546936
Using /scratch/kriles_root/kriles0/damoncht/unet_dyn_fastnoise/data/500Hz/500Hz_H1L1_D0-35_256x128_7200s_4c_traindata_n1000_seed146_norm.npz
Loading pure noise ...
D=20, pdet=64.8%
Validation:
D=9, pdet=95.5%
D=12, pdet=68.0%
D=15, pdet=52.0%
D=18, pdet=40.0%
D=20, pdet=24.5%
D=22, pdet=21.5%
D=35, pdet=0.5%
Replace best val model at epoch 146
the learning rate: 0.0001
Time used = 3410.3272392749786
Using /scratch/kriles_root/kriles0/damoncht/unet_dyn_fastnoise/data/500Hz/500Hz_H1L1_D0-35_256x128_7200s_4c_traindata_n1000_seed147_norm.npz
Loading pure noise ...
D=20, pdet=69.19999999999999%
Validation:
D=9, pdet=85.5%
D=12, pdet=52.0%
D=15, pdet=31.5%
D=18, pdet=19.5%
D=20, pdet=7.5%
D=22, pdet=6.5%
D=35, pdet=0.5%
Epoch 148/1000, Training Loss: 3.966e-04, Validation Loss: 2.332e+03
the learning rate: 0.0001
Time used = 3433.028737306595
Using /scratch/kriles_root/kriles0/damoncht/unet_dyn_fastnoise/data/500Hz/500Hz_H1L1_D0-35_256x128_7200s_4c_traindata_n1000_seed148_norm.npz
Loading pure noise ...
D=20, pdet=68.30000000000001%
Validation:
D=9, pdet=100.0%
D=12, pdet=99.0%
D=15, pdet=87.0%
D=18, pdet=70.0%
D=20, pdet=59.5%
D=22, pdet=52.5%
D=35, pdet=13.0%
the learning rate: 0.0001
Time used = 3455.581025123596
Using /scratch/kriles_root/kriles0/damoncht/unet_dyn_fastnoise/data/500Hz/500Hz_H1L1_D0-35_256x128_7200s_4c_traindata_n1000_seed149_norm.npz
Loading pure noise ...
D=20, pdet=67.30000000000001%
Validation:
D=9, pdet=100.0%
D=12, pdet=99.0%
D=15, pdet=90.0%
D=18, pdet=69.0%
D=20, pdet=60.5%
D=22, pdet=55.00000000000001%
D=35, pdet=14.499999999999998%
the learning rate: 0.0001
Time used = 3478.0316700935364
Using /scratch/kriles_root/kriles0/damoncht/unet_dyn_fastnoise/data/500Hz/500Hz_H1L1_D0-35_256x128_7200s_4c_traindata_n1000_seed150_norm.npz
Loading pure noise ...
D=20, pdet=66.3%
Validation:
D=9, pdet=84.5%
D=12, pdet=50.5%
D=15, pdet=30.5%
D=18, pdet=18.5%
D=20, pdet=7.5%
D=22, pdet=5.0%
D=35, pdet=0.0%
Epoch 151/1000, Training Loss: 3.981e-04, Validation Loss: 2.332e+03
the learning rate: 0.0001
Time used = 3500.318256378174
Using /scratch/kriles_root/kriles0/damoncht/unet_dyn_fastnoise/data/500Hz/500Hz_H1L1_D0-35_256x128_7200s_4c_traindata_n1000_seed151_norm.npz
Loading pure noise ...
D=20, pdet=65.60000000000001%
Validation:
D=9, pdet=88.5%
D=12, pdet=54.50000000000001%
D=15, pdet=36.5%
D=18, pdet=23.5%
D=20, pdet=10.0%
D=22, pdet=9.5%
D=35, pdet=0.5%
the learning rate: 0.0001
Time used = 3522.7284574508667
Using /scratch/kriles_root/kriles0/damoncht/unet_dyn_fastnoise/data/500Hz/500Hz_H1L1_D0-35_256x128_7200s_4c_traindata_n1000_seed152_norm.npz
Loading pure noise ...
D=20, pdet=67.4%
Validation:
D=9, pdet=100.0%
D=12, pdet=99.0%
D=15, pdet=94.5%
D=18, pdet=75.0%
D=20, pdet=68.5%
D=22, pdet=61.0%
D=35, pdet=20.5%
the learning rate: 0.0001
Time used = 3545.431717157364
Using /scratch/kriles_root/kriles0/damoncht/unet_dyn_fastnoise/data/500Hz/500Hz_H1L1_D0-35_256x128_7200s_4c_traindata_n1000_seed153_norm.npz
Loading pure noise ...
D=20, pdet=69.3%
Validation:
D=9, pdet=100.0%
D=12, pdet=90.0%
D=15, pdet=66.0%
D=18, pdet=56.49999999999999%
D=20, pdet=47.5%
D=22, pdet=41.0%
D=35, pdet=2.0%
Epoch 154/1000, Training Loss: 3.876e-04, Validation Loss: 2.332e+03
the learning rate: 0.0001
Time used = 3567.614861726761
Using /scratch/kriles_root/kriles0/damoncht/unet_dyn_fastnoise/data/500Hz/500Hz_H1L1_D0-35_256x128_7200s_4c_traindata_n1000_seed154_norm.npz
Loading pure noise ...
D=20, pdet=68.8%
Validation:
D=9, pdet=98.5%
D=12, pdet=75.0%
D=15, pdet=57.99999999999999%
D=18, pdet=45.0%
D=20, pdet=36.5%
D=22, pdet=28.999999999999996%
D=35, pdet=0.5%
Replace best val model at epoch 154
the learning rate: 0.0001
Time used = 3590.176080226898
Using /scratch/kriles_root/kriles0/damoncht/unet_dyn_fastnoise/data/500Hz/500Hz_H1L1_D0-35_256x128_7200s_4c_traindata_n1000_seed155_norm.npz
Loading pure noise ...
D=20, pdet=71.1%
Validation:
D=9, pdet=83.5%
D=12, pdet=49.0%
D=15, pdet=30.5%
D=18, pdet=18.5%
D=20, pdet=6.5%
D=22, pdet=6.0%
D=35, pdet=0.0%
the learning rate: 0.0001
Time used = 3612.610079050064
Using /scratch/kriles_root/kriles0/damoncht/unet_dyn_fastnoise/data/500Hz/500Hz_H1L1_D0-35_256x128_7200s_4c_traindata_n1000_seed156_norm.npz
Loading pure noise ...
D=20, pdet=66.8%
Validation:
D=9, pdet=100.0%
D=12, pdet=98.5%
D=15, pdet=87.5%
D=18, pdet=68.5%
D=20, pdet=59.5%
D=22, pdet=52.0%
D=35, pdet=13.0%
Epoch 157/1000, Training Loss: 3.932e-04, Validation Loss: 2.332e+03
Replace best val model at epoch 156
the learning rate: 0.0001
Time used = 3635.0056388378143
Using /scratch/kriles_root/kriles0/damoncht/unet_dyn_fastnoise/data/500Hz/500Hz_H1L1_D0-35_256x128_7200s_4c_traindata_n1000_seed157_norm.npz
Loading pure noise ...
D=20, pdet=70.1%
Validation:
D=9, pdet=97.5%
D=12, pdet=74.5%
D=15, pdet=56.00000000000001%
D=18, pdet=43.0%
D=20, pdet=32.5%
D=22, pdet=27.0%
D=35, pdet=1.0%
the learning rate: 0.0001
Time used = 3657.708911180496
Using /scratch/kriles_root/kriles0/damoncht/unet_dyn_fastnoise/data/500Hz/500Hz_H1L1_D0-35_256x128_7200s_4c_traindata_n1000_seed158_norm.npz
Loading pure noise ...
D=20, pdet=68.89999999999999%
Validation:
D=9, pdet=100.0%
D=12, pdet=98.5%
D=15, pdet=87.0%
D=18, pdet=69.5%
D=20, pdet=58.5%
D=22, pdet=51.5%
D=35, pdet=12.0%
the learning rate: 0.0001
Time used = 3680.421384334564
Using /scratch/kriles_root/kriles0/damoncht/unet_dyn_fastnoise/data/500Hz/500Hz_H1L1_D0-35_256x128_7200s_4c_traindata_n1000_seed159_norm.npz
Loading pure noise ...
D=20, pdet=68.89999999999999%
Validation:
D=9, pdet=100.0%
D=12, pdet=99.0%
D=15, pdet=93.0%
D=18, pdet=73.5%
D=20, pdet=65.0%
D=22, pdet=59.0%
D=35, pdet=19.0%
Epoch 160/1000, Training Loss: 3.860e-04, Validation Loss: 2.332e+03
Replace best val model at epoch 159
the learning rate: 0.0001
Time used = 3702.6343557834625
Using /scratch/kriles_root/kriles0/damoncht/unet_dyn_fastnoise/data/500Hz/500Hz_H1L1_D0-35_256x128_7200s_4c_traindata_n1000_seed160_norm.npz
Loading pure noise ...
D=20, pdet=71.3%
Validation:
D=9, pdet=100.0%
D=12, pdet=98.5%
D=15, pdet=87.0%
D=18, pdet=69.0%
D=20, pdet=57.99999999999999%
D=22, pdet=52.0%
D=35, pdet=11.5%
the learning rate: 0.0001
Time used = 3725.0971212387085
Using /scratch/kriles_root/kriles0/damoncht/unet_dyn_fastnoise/data/500Hz/500Hz_H1L1_D0-35_256x128_7200s_4c_traindata_n1000_seed161_norm.npz
Loading pure noise ...
D=20, pdet=71.0%
Validation:
D=9, pdet=88.0%
D=12, pdet=55.50000000000001%
D=15, pdet=36.5%
D=18, pdet=22.5%
D=20, pdet=10.5%
D=22, pdet=9.5%
D=35, pdet=0.0%
the learning rate: 0.0001
Time used = 3747.94441986084
Using /scratch/kriles_root/kriles0/damoncht/unet_dyn_fastnoise/data/500Hz/500Hz_H1L1_D0-35_256x128_7200s_4c_traindata_n1000_seed162_norm.npz
Loading pure noise ...
D=20, pdet=67.4%
Validation:
D=9, pdet=100.0%
D=12, pdet=99.0%
D=15, pdet=93.5%
D=18, pdet=72.5%
D=20, pdet=67.0%
D=22, pdet=59.5%
D=35, pdet=18.5%
Epoch 163/1000, Training Loss: 3.911e-04, Validation Loss: 2.332e+03
the learning rate: 0.0001
Time used = 3770.3988151550293
Using /scratch/kriles_root/kriles0/damoncht/unet_dyn_fastnoise/data/500Hz/500Hz_H1L1_D0-35_256x128_7200s_4c_traindata_n1000_seed163_norm.npz
Loading pure noise ...
D=20, pdet=69.39999999999999%
Validation:
D=9, pdet=87.5%
D=12, pdet=53.0%
D=15, pdet=32.5%
D=18, pdet=20.0%
D=20, pdet=10.0%
D=22, pdet=7.5%
D=35, pdet=0.0%
Replace best val model at epoch 163
the learning rate: 0.0001
Time used = 3792.6324734687805
Using /scratch/kriles_root/kriles0/damoncht/unet_dyn_fastnoise/data/500Hz/500Hz_H1L1_D0-35_256x128_7200s_4c_traindata_n1000_seed164_norm.npz
Loading pure noise ...
D=20, pdet=70.8%
Validation:
D=9, pdet=89.0%
D=12, pdet=59.0%
D=15, pdet=36.5%
D=18, pdet=26.0%
D=20, pdet=12.0%
D=22, pdet=12.0%
D=35, pdet=0.0%
Replace best val model at epoch 164
the learning rate: 0.0001
Time used = 3814.9329652786255
Using /scratch/kriles_root/kriles0/damoncht/unet_dyn_fastnoise/data/500Hz/500Hz_H1L1_D0-35_256x128_7200s_4c_traindata_n1000_seed165_norm.npz
Loading pure noise ...
D=20, pdet=69.69999999999999%
Validation:
D=9, pdet=100.0%
D=12, pdet=99.0%
D=15, pdet=85.5%
D=18, pdet=66.5%
D=20, pdet=54.50000000000001%
D=22, pdet=50.0%
D=35, pdet=12.0%
Epoch 166/1000, Training Loss: 3.850e-04, Validation Loss: 2.332e+03
the learning rate: 0.0001
Time used = 3837.090462207794
Using /scratch/kriles_root/kriles0/damoncht/unet_dyn_fastnoise/data/500Hz/500Hz_H1L1_D0-35_256x128_7200s_4c_traindata_n1000_seed166_norm.npz
Loading pure noise ...
D=20, pdet=68.8%
Validation:
D=9, pdet=100.0%
D=12, pdet=99.0%
D=15, pdet=90.5%
D=18, pdet=70.5%
D=20, pdet=60.0%
D=22, pdet=55.50000000000001%
D=35, pdet=15.5%
the learning rate: 0.0001
Time used = 3859.764721632004
Using /scratch/kriles_root/kriles0/damoncht/unet_dyn_fastnoise/data/500Hz/500Hz_H1L1_D0-35_256x128_7200s_4c_traindata_n1000_seed167_norm.npz
Loading pure noise ...
D=20, pdet=70.7%
Validation:
D=9, pdet=100.0%
D=12, pdet=89.0%
D=15, pdet=64.0%
D=18, pdet=54.50000000000001%
D=20, pdet=48.0%
D=22, pdet=39.0%
D=35, pdet=2.0%
the learning rate: 0.0001
Time used = 3881.9860916137695
Using /scratch/kriles_root/kriles0/damoncht/unet_dyn_fastnoise/data/500Hz/500Hz_H1L1_D0-35_256x128_7200s_4c_traindata_n1000_seed168_norm.npz
Loading pure noise ...
D=20, pdet=70.19999999999999%
Validation:
D=9, pdet=84.5%
D=12, pdet=52.0%
D=15, pdet=33.0%
D=18, pdet=20.5%
D=20, pdet=8.0%
D=22, pdet=8.0%
D=35, pdet=0.5%
Epoch 169/1000, Training Loss: 3.860e-04, Validation Loss: 2.332e+03
the learning rate: 0.0001
Time used = 3904.768617630005
Using /scratch/kriles_root/kriles0/damoncht/unet_dyn_fastnoise/data/500Hz/500Hz_H1L1_D0-35_256x128_7200s_4c_traindata_n1000_seed169_norm.npz
Loading pure noise ...
D=20, pdet=73.3%
Validation:
D=9, pdet=100.0%
D=12, pdet=98.5%
D=15, pdet=84.5%
D=18, pdet=65.5%
D=20, pdet=52.5%
D=22, pdet=49.0%
D=35, pdet=9.0%
the learning rate: 0.0001
Time used = 3927.3434596061707
Using /scratch/kriles_root/kriles0/damoncht/unet_dyn_fastnoise/data/500Hz/500Hz_H1L1_D0-35_256x128_7200s_4c_traindata_n1000_seed170_norm.npz
Loading pure noise ...
D=20, pdet=69.69999999999999%
Validation:
D=9, pdet=100.0%
D=12, pdet=99.0%
D=15, pdet=89.5%
D=18, pdet=70.5%
D=20, pdet=61.0%
D=22, pdet=53.5%
D=35, pdet=14.000000000000002%
the learning rate: 0.0001
Time used = 3950.1745183467865
Using /scratch/kriles_root/kriles0/damoncht/unet_dyn_fastnoise/data/500Hz/500Hz_H1L1_D0-35_256x128_7200s_4c_traindata_n1000_seed171_norm.npz
Loading pure noise ...
D=20, pdet=69.1%
Validation:
D=9, pdet=100.0%
D=12, pdet=99.0%
D=15, pdet=87.0%
D=18, pdet=68.0%
D=20, pdet=56.99999999999999%
D=22, pdet=53.0%
D=35, pdet=12.5%
Epoch 172/1000, Training Loss: 3.814e-04, Validation Loss: 2.332e+03
the learning rate: 0.0001
Time used = 3972.559082508087
Using /scratch/kriles_root/kriles0/damoncht/unet_dyn_fastnoise/data/500Hz/500Hz_H1L1_D0-35_256x128_7200s_4c_traindata_n1000_seed172_norm.npz
Loading pure noise ...
D=20, pdet=70.1%
Validation:
D=9, pdet=100.0%
D=12, pdet=99.0%
D=15, pdet=86.0%
D=18, pdet=69.0%
D=20, pdet=60.0%
D=22, pdet=53.0%
D=35, pdet=12.5%
Replace best val model at epoch 172
the learning rate: 0.0001
Time used = 3995.097024202347
Using /scratch/kriles_root/kriles0/damoncht/unet_dyn_fastnoise/data/500Hz/500Hz_H1L1_D0-35_256x128_7200s_4c_traindata_n1000_seed173_norm.npz
Loading pure noise ...
D=20, pdet=71.8%
Validation:
D=9, pdet=100.0%
D=12, pdet=99.5%
D=15, pdet=92.0%
D=18, pdet=73.5%
D=20, pdet=64.5%
D=22, pdet=57.99999999999999%
D=35, pdet=18.0%
the learning rate: 0.0001
Time used = 4017.3595752716064
Using /scratch/kriles_root/kriles0/damoncht/unet_dyn_fastnoise/data/500Hz/500Hz_H1L1_D0-35_256x128_7200s_4c_traindata_n1000_seed174_norm.npz
Loading pure noise ...
D=20, pdet=64.8%
Validation:
D=9, pdet=100.0%
D=12, pdet=99.5%
D=15, pdet=92.5%
D=18, pdet=75.5%
D=20, pdet=66.0%
D=22, pdet=57.99999999999999%
D=35, pdet=19.0%
Epoch 175/1000, Training Loss: 3.858e-04, Validation Loss: 2.332e+03
the learning rate: 0.0001
Time used = 4039.5479810237885
Using /scratch/kriles_root/kriles0/damoncht/unet_dyn_fastnoise/data/500Hz/500Hz_H1L1_D0-35_256x128_7200s_4c_traindata_n1000_seed175_norm.npz
Loading pure noise ...
D=20, pdet=67.2%
Validation:
D=9, pdet=100.0%
D=12, pdet=99.5%
D=15, pdet=91.0%
D=18, pdet=75.0%
D=20, pdet=62.0%
D=22, pdet=56.00000000000001%
D=35, pdet=15.5%
the learning rate: 0.0001
Time used = 4062.007320165634
Using /scratch/kriles_root/kriles0/damoncht/unet_dyn_fastnoise/data/500Hz/500Hz_H1L1_D0-35_256x128_7200s_4c_traindata_n1000_seed176_norm.npz
Loading pure noise ...
D=20, pdet=71.1%
Validation:
D=9, pdet=87.0%
D=12, pdet=56.49999999999999%
D=15, pdet=35.0%
D=18, pdet=22.5%
D=20, pdet=9.5%
D=22, pdet=9.0%
D=35, pdet=1.0%
the learning rate: 0.0001
Time used = 4084.552173614502
Using /scratch/kriles_root/kriles0/damoncht/unet_dyn_fastnoise/data/500Hz/500Hz_H1L1_D0-35_256x128_7200s_4c_traindata_n1000_seed177_norm.npz
Loading pure noise ...
D=20, pdet=70.3%
Validation:
D=9, pdet=100.0%
D=12, pdet=98.0%
D=15, pdet=77.5%
D=18, pdet=62.5%
D=20, pdet=52.0%
D=22, pdet=48.5%
D=35, pdet=8.0%
Epoch 178/1000, Training Loss: 3.771e-04, Validation Loss: 2.332e+03
the learning rate: 0.0001
Time used = 4107.094627857208
Using /scratch/kriles_root/kriles0/damoncht/unet_dyn_fastnoise/data/500Hz/500Hz_H1L1_D0-35_256x128_7200s_4c_traindata_n1000_seed178_norm.npz
Loading pure noise ...
D=20, pdet=69.3%
Validation:
D=9, pdet=94.5%
D=12, pdet=62.5%
D=15, pdet=45.5%
D=18, pdet=33.5%
D=20, pdet=18.5%
D=22, pdet=14.000000000000002%
D=35, pdet=0.0%
the learning rate: 0.0001
Time used = 4129.721253156662
Using /scratch/kriles_root/kriles0/damoncht/unet_dyn_fastnoise/data/500Hz/500Hz_H1L1_D0-35_256x128_7200s_4c_traindata_n1000_seed179_norm.npz
Loading pure noise ...
D=20, pdet=73.2%
Validation:
D=9, pdet=85.5%
D=12, pdet=54.0%
D=15, pdet=33.5%
D=18, pdet=21.5%
D=20, pdet=8.5%
D=22, pdet=9.0%
D=35, pdet=0.5%
the learning rate: 0.0001
Time used = 4151.803458690643
Using /scratch/kriles_root/kriles0/damoncht/unet_dyn_fastnoise/data/500Hz/500Hz_H1L1_D0-35_256x128_7200s_4c_traindata_n1000_seed180_norm.npz
Loading pure noise ...
D=20, pdet=69.5%
Validation:
D=9, pdet=100.0%
D=12, pdet=98.5%
D=15, pdet=86.5%
D=18, pdet=69.0%
D=20, pdet=58.5%
D=22, pdet=50.5%
D=35, pdet=14.000000000000002%
Epoch 181/1000, Training Loss: 3.809e-04, Validation Loss: 2.332e+03
the learning rate: 0.0001
Time used = 4173.935257196426
Using /scratch/kriles_root/kriles0/damoncht/unet_dyn_fastnoise/data/500Hz/500Hz_H1L1_D0-35_256x128_7200s_4c_traindata_n1000_seed181_norm.npz
Loading pure noise ...
D=20, pdet=69.8%
Validation:
D=9, pdet=100.0%
D=12, pdet=99.5%
D=15, pdet=87.0%
D=18, pdet=71.0%
D=20, pdet=58.5%
D=22, pdet=54.0%
D=35, pdet=14.000000000000002%
the learning rate: 0.0001
Time used = 4196.472331762314
Using /scratch/kriles_root/kriles0/damoncht/unet_dyn_fastnoise/data/500Hz/500Hz_H1L1_D0-35_256x128_7200s_4c_traindata_n1000_seed182_norm.npz
Loading pure noise ...
D=20, pdet=72.5%
Validation:
D=9, pdet=100.0%
D=12, pdet=99.0%
D=15, pdet=90.0%
D=18, pdet=69.0%
D=20, pdet=60.0%
D=22, pdet=55.00000000000001%
D=35, pdet=15.0%
the learning rate: 0.0001
Time used = 4219.16260433197
Using /scratch/kriles_root/kriles0/damoncht/unet_dyn_fastnoise/data/500Hz/500Hz_H1L1_D0-35_256x128_7200s_4c_traindata_n1000_seed183_norm.npz
Loading pure noise ...
D=20, pdet=69.3%
Validation:
D=9, pdet=100.0%
D=12, pdet=84.5%
D=15, pdet=63.0%
D=18, pdet=54.0%
D=20, pdet=44.0%
D=22, pdet=37.5%
D=35, pdet=1.0%
Epoch 184/1000, Training Loss: 3.693e-04, Validation Loss: 2.332e+03
the learning rate: 0.0001
Time used = 4241.477904081345
Using /scratch/kriles_root/kriles0/damoncht/unet_dyn_fastnoise/data/500Hz/500Hz_H1L1_D0-35_256x128_7200s_4c_traindata_n1000_seed184_norm.npz
Loading pure noise ...
D=20, pdet=68.30000000000001%
Validation:
D=9, pdet=100.0%
D=12, pdet=99.0%
D=15, pdet=94.0%
D=18, pdet=77.0%
D=20, pdet=66.5%
D=22, pdet=61.0%
D=35, pdet=20.5%
Replace best val model at epoch 184
the learning rate: 0.0001
Time used = 4269.370075941086
Using /scratch/kriles_root/kriles0/damoncht/unet_dyn_fastnoise/data/500Hz/500Hz_H1L1_D0-35_256x128_7200s_4c_traindata_n1000_seed185_norm.npz
Loading pure noise ...
D=20, pdet=67.10000000000001%
Validation:
D=9, pdet=100.0%
D=12, pdet=99.0%
D=15, pdet=94.0%
D=18, pdet=76.0%
D=20, pdet=66.5%
D=22, pdet=59.5%
D=35, pdet=20.0%
the learning rate: 0.0001
Time used = 4296.334767580032
Using /scratch/kriles_root/kriles0/damoncht/unet_dyn_fastnoise/data/500Hz/500Hz_H1L1_D0-35_256x128_7200s_4c_traindata_n1000_seed186_norm.npz
Loading pure noise ...
D=20, pdet=69.19999999999999%
Validation:
D=9, pdet=100.0%
D=12, pdet=99.5%
D=15, pdet=94.0%
D=18, pdet=75.5%
D=20, pdet=65.5%
D=22, pdet=61.0%
D=35, pdet=18.5%
Epoch 187/1000, Training Loss: 3.764e-04, Validation Loss: 2.332e+03
the learning rate: 0.0001
Time used = 4319.86957526207
Using /scratch/kriles_root/kriles0/damoncht/unet_dyn_fastnoise/data/500Hz/500Hz_H1L1_D0-35_256x128_7200s_4c_traindata_n1000_seed187_norm.npz
Loading pure noise ...
D=20, pdet=67.30000000000001%
Validation:
D=9, pdet=100.0%
D=12, pdet=99.0%
D=15, pdet=91.0%
D=18, pdet=74.0%
D=20, pdet=63.5%
D=22, pdet=57.99999999999999%
D=35, pdet=17.0%
the learning rate: 0.0001
Time used = 4342.64773607254
Using /scratch/kriles_root/kriles0/damoncht/unet_dyn_fastnoise/data/500Hz/500Hz_H1L1_D0-35_256x128_7200s_4c_traindata_n1000_seed188_norm.npz
Loading pure noise ...
D=20, pdet=71.8%
Validation:
D=9, pdet=100.0%
D=12, pdet=95.0%
D=15, pdet=68.5%
D=18, pdet=59.5%
D=20, pdet=48.5%
D=22, pdet=42.0%
D=35, pdet=2.0%
the learning rate: 0.0001
Time used = 4366.054531574249
Using /scratch/kriles_root/kriles0/damoncht/unet_dyn_fastnoise/data/500Hz/500Hz_H1L1_D0-35_256x128_7200s_4c_traindata_n1000_seed189_norm.npz
Loading pure noise ...
D=20, pdet=68.10000000000001%
Validation:
D=9, pdet=100.0%
D=12, pdet=99.5%
D=15, pdet=96.0%
D=18, pdet=76.5%
D=20, pdet=67.5%
D=22, pdet=61.5%
D=35, pdet=23.0%
Epoch 190/1000, Training Loss: 3.842e-04, Validation Loss: 2.332e+03
Replace best val model at epoch 189
the learning rate: 0.0001
Time used = 4389.876200914383
Using /scratch/kriles_root/kriles0/damoncht/unet_dyn_fastnoise/data/500Hz/500Hz_H1L1_D0-35_256x128_7200s_4c_traindata_n1000_seed190_norm.npz
Loading pure noise ...
D=20, pdet=64.9%
Validation:
D=9, pdet=87.5%
D=12, pdet=54.0%
D=15, pdet=36.0%
D=18, pdet=23.5%
D=20, pdet=10.0%
D=22, pdet=8.0%
D=35, pdet=0.0%
the learning rate: 0.0001
Time used = 4412.742658615112
Using /scratch/kriles_root/kriles0/damoncht/unet_dyn_fastnoise/data/500Hz/500Hz_H1L1_D0-35_256x128_7200s_4c_traindata_n1000_seed191_norm.npz
Loading pure noise ...
D=20, pdet=70.7%
Validation:
D=9, pdet=100.0%
D=12, pdet=99.5%
D=15, pdet=96.0%
D=18, pdet=80.0%
D=20, pdet=69.5%
D=22, pdet=63.0%
D=35, pdet=24.0%
Replace best pdet model at epoch 191
the learning rate: 0.0001
Time used = 4436.449894189835
Using /scratch/kriles_root/kriles0/damoncht/unet_dyn_fastnoise/data/500Hz/500Hz_H1L1_D0-35_256x128_7200s_4c_traindata_n1000_seed192_norm.npz
Loading pure noise ...
D=20, pdet=70.0%
Validation:
D=9, pdet=100.0%
D=12, pdet=99.0%
D=15, pdet=91.0%
D=18, pdet=72.5%
D=20, pdet=63.0%
D=22, pdet=56.99999999999999%
D=35, pdet=15.5%
Epoch 193/1000, Training Loss: 3.814e-04, Validation Loss: 2.332e+03
the learning rate: 0.0001
Time used = 4458.615515708923
Using /scratch/kriles_root/kriles0/damoncht/unet_dyn_fastnoise/data/500Hz/500Hz_H1L1_D0-35_256x128_7200s_4c_traindata_n1000_seed193_norm.npz
Loading pure noise ...
D=20, pdet=67.7%
Validation:
D=9, pdet=100.0%
D=12, pdet=99.0%
D=15, pdet=90.5%
D=18, pdet=73.0%
D=20, pdet=62.0%
D=22, pdet=56.00000000000001%
D=35, pdet=15.0%
the learning rate: 0.0001
Time used = 4480.96889090538
Using /scratch/kriles_root/kriles0/damoncht/unet_dyn_fastnoise/data/500Hz/500Hz_H1L1_D0-35_256x128_7200s_4c_traindata_n1000_seed194_norm.npz
Loading pure noise ...
D=20, pdet=69.0%
Validation:
D=9, pdet=100.0%
D=12, pdet=97.0%
D=15, pdet=79.0%
D=18, pdet=63.5%
D=20, pdet=52.5%
D=22, pdet=47.0%
D=35, pdet=8.0%
the learning rate: 0.0001
Time used = 4503.4142899513245
Using /scratch/kriles_root/kriles0/damoncht/unet_dyn_fastnoise/data/500Hz/500Hz_H1L1_D0-35_256x128_7200s_4c_traindata_n1000_seed195_norm.npz
Loading pure noise ...
D=20, pdet=70.8%
Validation:
D=9, pdet=100.0%
D=12, pdet=99.0%
D=15, pdet=92.0%
D=18, pdet=74.5%
D=20, pdet=62.0%
D=22, pdet=59.0%
D=35, pdet=18.0%
Epoch 196/1000, Training Loss: 3.698e-04, Validation Loss: 2.332e+03
Replace best val model at epoch 195
the learning rate: 0.0001
Time used = 4525.673939228058
Using /scratch/kriles_root/kriles0/damoncht/unet_dyn_fastnoise/data/500Hz/500Hz_H1L1_D0-35_256x128_7200s_4c_traindata_n1000_seed196_norm.npz
Loading pure noise ...
D=20, pdet=69.1%
Validation:
D=9, pdet=100.0%
D=12, pdet=99.0%
D=15, pdet=95.0%
D=18, pdet=76.0%
D=20, pdet=67.0%
D=22, pdet=61.0%
D=35, pdet=20.0%
Replace best val model at epoch 196
the learning rate: 0.0001
Time used = 4548.60741853714
Using /scratch/kriles_root/kriles0/damoncht/unet_dyn_fastnoise/data/500Hz/500Hz_H1L1_D0-35_256x128_7200s_4c_traindata_n1000_seed197_norm.npz
Loading pure noise ...
D=20, pdet=68.4%
Validation:
D=9, pdet=100.0%
D=12, pdet=100.0%
D=15, pdet=95.0%
D=18, pdet=77.0%
D=20, pdet=67.5%
D=22, pdet=60.5%
D=35, pdet=23.5%
Replace best val model at epoch 197
the learning rate: 0.0001
Time used = 4571.164900779724
Using /scratch/kriles_root/kriles0/damoncht/unet_dyn_fastnoise/data/500Hz/500Hz_H1L1_D0-35_256x128_7200s_4c_traindata_n1000_seed198_norm.npz
Loading pure noise ...
D=20, pdet=73.8%
Validation:
D=9, pdet=98.5%
D=12, pdet=73.5%
D=15, pdet=59.0%
D=18, pdet=46.0%
D=20, pdet=36.0%
D=22, pdet=29.5%
D=35, pdet=0.5%
Epoch 199/1000, Training Loss: 3.643e-04, Validation Loss: 2.332e+03
the learning rate: 0.0001
Time used = 4593.82720541954
Using /scratch/kriles_root/kriles0/damoncht/unet_dyn_fastnoise/data/500Hz/500Hz_H1L1_D0-35_256x128_7200s_4c_traindata_n1000_seed199_norm.npz
Loading pure noise ...
D=20, pdet=73.5%
Validation:
D=9, pdet=100.0%
D=12, pdet=99.0%
D=15, pdet=95.0%
D=18, pdet=76.5%
D=20, pdet=68.0%
D=22, pdet=61.0%
D=35, pdet=20.5%
the learning rate: 0.0001
Time used = 4616.930850982666
Using /scratch/kriles_root/kriles0/damoncht/unet_dyn_fastnoise/data/500Hz/500Hz_H1L1_D0-35_256x128_7200s_4c_traindata_n1000_seed200_norm.npz
Loading pure noise ...
D=20, pdet=65.7%
Validation:
D=9, pdet=94.5%
D=12, pdet=63.5%
D=15, pdet=45.5%
D=18, pdet=35.5%
D=20, pdet=20.5%
D=22, pdet=17.5%
D=35, pdet=0.0%
the learning rate: 0.0001
Time used = 4639.18434381485
Using /scratch/kriles_root/kriles0/damoncht/unet_dyn_fastnoise/data/500Hz/500Hz_H1L1_D0-35_256x128_7200s_4c_traindata_n1000_seed201_norm.npz
Loading pure noise ...
D=20, pdet=71.3%
Validation:
D=9, pdet=84.0%
D=12, pdet=52.5%
D=15, pdet=32.0%
D=18, pdet=19.0%
D=20, pdet=7.5%
D=22, pdet=5.0%
D=35, pdet=0.0%
Epoch 202/1000, Training Loss: 3.758e-04, Validation Loss: 2.332e+03
the learning rate: 0.0001
Time used = 4661.426511764526
Using /scratch/kriles_root/kriles0/damoncht/unet_dyn_fastnoise/data/500Hz/500Hz_H1L1_D0-35_256x128_7200s_4c_traindata_n1000_seed202_norm.npz
Loading pure noise ...
D=20, pdet=67.30000000000001%
Validation:
D=9, pdet=100.0%
D=12, pdet=100.0%
D=15, pdet=95.5%
D=18, pdet=76.5%
D=20, pdet=66.5%
D=22, pdet=58.5%
D=35, pdet=20.5%
the learning rate: 0.0001
Time used = 4683.92015504837
Using /scratch/kriles_root/kriles0/damoncht/unet_dyn_fastnoise/data/500Hz/500Hz_H1L1_D0-35_256x128_7200s_4c_traindata_n1000_seed203_norm.npz
Loading pure noise ...
D=20, pdet=69.19999999999999%
Validation:
D=9, pdet=100.0%
D=12, pdet=98.0%
D=15, pdet=80.0%
D=18, pdet=67.0%
D=20, pdet=54.0%
D=22, pdet=49.0%
D=35, pdet=10.0%
the learning rate: 0.0001
Time used = 4706.161531448364
Using /scratch/kriles_root/kriles0/damoncht/unet_dyn_fastnoise/data/500Hz/500Hz_H1L1_D0-35_256x128_7200s_4c_traindata_n1000_seed204_norm.npz
Loading pure noise ...
D=20, pdet=67.30000000000001%
Validation:
D=9, pdet=100.0%
D=12, pdet=95.5%
D=15, pdet=72.5%
D=18, pdet=59.5%
D=20, pdet=50.5%
D=22, pdet=43.0%
D=35, pdet=4.0%
Epoch 205/1000, Training Loss: 3.702e-04, Validation Loss: 2.332e+03
the learning rate: 0.0001
Time used = 4733.872123718262
Using /scratch/kriles_root/kriles0/damoncht/unet_dyn_fastnoise/data/500Hz/500Hz_H1L1_D0-35_256x128_7200s_4c_traindata_n1000_seed205_norm.npz
Loading pure noise ...
D=20, pdet=66.3%
Validation:
D=9, pdet=100.0%
D=12, pdet=99.5%
D=15, pdet=95.5%
D=18, pdet=77.0%
D=20, pdet=68.5%
D=22, pdet=61.0%
D=35, pdet=21.0%
the learning rate: 0.0001
Time used = 4756.1252727508545
Using /scratch/kriles_root/kriles0/damoncht/unet_dyn_fastnoise/data/500Hz/500Hz_H1L1_D0-35_256x128_7200s_4c_traindata_n1000_seed206_norm.npz
Loading pure noise ...
D=20, pdet=67.10000000000001%
Validation:
D=9, pdet=95.0%
D=12, pdet=68.0%
D=15, pdet=53.0%
D=18, pdet=38.5%
D=20, pdet=27.0%
D=22, pdet=20.5%
D=35, pdet=0.5%
the learning rate: 0.0001
Time used = 4778.539262294769
Using /scratch/kriles_root/kriles0/damoncht/unet_dyn_fastnoise/data/500Hz/500Hz_H1L1_D0-35_256x128_7200s_4c_traindata_n1000_seed207_norm.npz
Loading pure noise ...
D=20, pdet=69.3%
Validation:
D=9, pdet=84.0%
D=12, pdet=51.0%
D=15, pdet=30.5%
D=18, pdet=18.5%
D=20, pdet=7.000000000000001%
D=22, pdet=5.0%
D=35, pdet=0.0%
Epoch 208/1000, Training Loss: 3.687e-04, Validation Loss: 2.332e+03
the learning rate: 0.0001
Time used = 4804.062713623047
Using /scratch/kriles_root/kriles0/damoncht/unet_dyn_fastnoise/data/500Hz/500Hz_H1L1_D0-35_256x128_7200s_4c_traindata_n1000_seed208_norm.npz
Loading pure noise ...
D=20, pdet=69.5%
Validation:
D=9, pdet=100.0%
D=12, pdet=100.0%
D=15, pdet=93.5%
D=18, pdet=78.0%
D=20, pdet=68.5%
D=22, pdet=60.5%
D=35, pdet=22.0%
Replace best val model at epoch 208
the learning rate: 0.0001
Time used = 4827.0482223033905
Using /scratch/kriles_root/kriles0/damoncht/unet_dyn_fastnoise/data/500Hz/500Hz_H1L1_D0-35_256x128_7200s_4c_traindata_n1000_seed209_norm.npz
Loading pure noise ...
D=20, pdet=72.1%
Validation:
D=9, pdet=100.0%
D=12, pdet=99.0%
D=15, pdet=88.0%
D=18, pdet=69.5%
D=20, pdet=59.5%
D=22, pdet=53.5%
D=35, pdet=13.5%
the learning rate: 0.0001
Time used = 4849.391088962555
Using /scratch/kriles_root/kriles0/damoncht/unet_dyn_fastnoise/data/500Hz/500Hz_H1L1_D0-35_256x128_7200s_4c_traindata_n1000_seed210_norm.npz
Loading pure noise ...
D=20, pdet=71.8%
Validation:
D=9, pdet=97.5%
D=12, pdet=68.0%
D=15, pdet=53.0%
D=18, pdet=40.5%
D=20, pdet=28.999999999999996%
D=22, pdet=21.0%
D=35, pdet=0.0%
Epoch 211/1000, Training Loss: 3.670e-04, Validation Loss: 2.332e+03
the learning rate: 0.0001
Time used = 4871.633514165878
Using /scratch/kriles_root/kriles0/damoncht/unet_dyn_fastnoise/data/500Hz/500Hz_H1L1_D0-35_256x128_7200s_4c_traindata_n1000_seed211_norm.npz
Loading pure noise ...
D=20, pdet=69.1%
Validation:
D=9, pdet=100.0%
D=12, pdet=99.0%
D=15, pdet=89.5%
D=18, pdet=69.5%
D=20, pdet=57.49999999999999%
D=22, pdet=55.00000000000001%
D=35, pdet=13.5%
the learning rate: 0.0001
Time used = 4894.589613437653
Using /scratch/kriles_root/kriles0/damoncht/unet_dyn_fastnoise/data/500Hz/500Hz_H1L1_D0-35_256x128_7200s_4c_traindata_n1000_seed212_norm.npz
Loading pure noise ...
D=20, pdet=65.5%
Validation:
D=9, pdet=100.0%
D=12, pdet=99.0%
D=15, pdet=94.0%
D=18, pdet=75.0%
D=20, pdet=65.0%
D=22, pdet=59.5%
D=35, pdet=20.5%
the learning rate: 0.0001
Time used = 4916.7921941280365
Using /scratch/kriles_root/kriles0/damoncht/unet_dyn_fastnoise/data/500Hz/500Hz_H1L1_D0-35_256x128_7200s_4c_traindata_n1000_seed213_norm.npz
Loading pure noise ...
D=20, pdet=2.7%
Validation:
D=9, pdet=83.5%
D=12, pdet=50.5%
D=15, pdet=27.500000000000004%
D=18, pdet=16.0%
D=20, pdet=6.5%
D=22, pdet=4.0%
D=35, pdet=0.0%
Epoch 214/1000, Training Loss: 4.057e-04, Validation Loss: 2.332e+03
the learning rate: 0.0001
Time used = 4939.685143947601
Using /scratch/kriles_root/kriles0/damoncht/unet_dyn_fastnoise/data/500Hz/500Hz_H1L1_D0-35_256x128_7200s_4c_traindata_n1000_seed214_norm.npz
Loading pure noise ...
D=20, pdet=66.8%
Validation:
D=9, pdet=100.0%
D=12, pdet=99.0%
D=15, pdet=91.5%
D=18, pdet=72.0%
D=20, pdet=62.5%
D=22, pdet=56.00000000000001%
D=35, pdet=15.0%
the learning rate: 0.0001
Time used = 4962.587557077408
Using /scratch/kriles_root/kriles0/damoncht/unet_dyn_fastnoise/data/500Hz/500Hz_H1L1_D0-35_256x128_7200s_4c_traindata_n1000_seed215_norm.npz
Loading pure noise ...
D=20, pdet=66.60000000000001%
Validation:
D=9, pdet=100.0%
D=12, pdet=99.0%
D=15, pdet=91.5%
D=18, pdet=72.0%
D=20, pdet=62.5%
D=22, pdet=56.49999999999999%
D=35, pdet=16.0%
the learning rate: 0.0001
Time used = 4985.073041439056
Using /scratch/kriles_root/kriles0/damoncht/unet_dyn_fastnoise/data/500Hz/500Hz_H1L1_D0-35_256x128_7200s_4c_traindata_n1000_seed216_norm.npz
Loading pure noise ...
D=20, pdet=67.5%
Validation:
D=9, pdet=100.0%
D=12, pdet=98.0%
D=15, pdet=83.5%
D=18, pdet=69.0%
D=20, pdet=56.49999999999999%
D=22, pdet=49.5%
D=35, pdet=11.5%
Epoch 217/1000, Training Loss: 3.660e-04, Validation Loss: 2.332e+03
the learning rate: 0.0001
Time used = 5007.571435928345
Using /scratch/kriles_root/kriles0/damoncht/unet_dyn_fastnoise/data/500Hz/500Hz_H1L1_D0-35_256x128_7200s_4c_traindata_n1000_seed217_norm.npz
Loading pure noise ...
D=20, pdet=67.0%
Validation:
D=9, pdet=100.0%
D=12, pdet=99.0%
D=15, pdet=91.0%
D=18, pdet=72.0%
D=20, pdet=62.5%
D=22, pdet=56.49999999999999%
D=35, pdet=16.0%
the learning rate: 0.0001
Time used = 5035.578513383865
Using /scratch/kriles_root/kriles0/damoncht/unet_dyn_fastnoise/data/500Hz/500Hz_H1L1_D0-35_256x128_7200s_4c_traindata_n1000_seed218_norm.npz
Loading pure noise ...
D=20, pdet=68.5%
Validation:
D=9, pdet=97.0%
D=12, pdet=68.5%
D=15, pdet=54.0%
D=18, pdet=40.5%
D=20, pdet=26.5%
D=22, pdet=23.0%
D=35, pdet=0.5%
the learning rate: 0.0001
Time used = 5057.9403240680695
Using /scratch/kriles_root/kriles0/damoncht/unet_dyn_fastnoise/data/500Hz/500Hz_H1L1_D0-35_256x128_7200s_4c_traindata_n1000_seed219_norm.npz
Loading pure noise ...
D=20, pdet=67.7%
Validation:
D=9, pdet=85.0%
D=12, pdet=52.0%
D=15, pdet=31.5%
D=18, pdet=19.0%
D=20, pdet=8.0%
D=22, pdet=5.5%
D=35, pdet=0.0%
Epoch 220/1000, Training Loss: 3.646e-04, Validation Loss: 2.332e+03
the learning rate: 0.0001
Time used = 5080.105865240097
Using /scratch/kriles_root/kriles0/damoncht/unet_dyn_fastnoise/data/500Hz/500Hz_H1L1_D0-35_256x128_7200s_4c_traindata_n1000_seed220_norm.npz
Loading pure noise ...
D=20, pdet=70.6%
Validation:
D=9, pdet=100.0%
D=12, pdet=98.5%
D=15, pdet=79.0%
D=18, pdet=63.5%
D=20, pdet=53.0%
D=22, pdet=46.5%
D=35, pdet=6.5%
the learning rate: 0.0001
Time used = 5105.178761720657
Using /scratch/kriles_root/kriles0/damoncht/unet_dyn_fastnoise/data/500Hz/500Hz_H1L1_D0-35_256x128_7200s_4c_traindata_n1000_seed221_norm.npz
Loading pure noise ...
D=20, pdet=68.10000000000001%
Validation:
D=9, pdet=100.0%
D=12, pdet=81.5%
D=15, pdet=61.0%
D=18, pdet=50.0%
D=20, pdet=42.0%
D=22, pdet=33.5%
D=35, pdet=0.5%
the learning rate: 0.0001
Time used = 5127.652234315872
Using /scratch/kriles_root/kriles0/damoncht/unet_dyn_fastnoise/data/500Hz/500Hz_H1L1_D0-35_256x128_7200s_4c_traindata_n1000_seed222_norm.npz
Loading pure noise ...
D=20, pdet=71.2%
Validation:
D=9, pdet=100.0%
D=12, pdet=100.0%
D=15, pdet=96.5%
D=18, pdet=78.5%
D=20, pdet=69.5%
D=22, pdet=61.5%
D=35, pdet=27.500000000000004%
Epoch 223/1000, Training Loss: 3.622e-04, Validation Loss: 2.332e+03
Replace best pdet model at epoch 222
the learning rate: 0.0001
Time used = 5150.180670261383
Using /scratch/kriles_root/kriles0/damoncht/unet_dyn_fastnoise/data/500Hz/500Hz_H1L1_D0-35_256x128_7200s_4c_traindata_n1000_seed223_norm.npz
Loading pure noise ...
D=20, pdet=73.5%
Validation:
D=9, pdet=100.0%
D=12, pdet=84.0%
D=15, pdet=61.5%
D=18, pdet=53.0%
D=20, pdet=43.5%
D=22, pdet=36.5%
D=35, pdet=0.5%
the learning rate: 0.0001
Time used = 5172.804128885269
Using /scratch/kriles_root/kriles0/damoncht/unet_dyn_fastnoise/data/500Hz/500Hz_H1L1_D0-35_256x128_7200s_4c_traindata_n1000_seed224_norm.npz
Loading pure noise ...
D=20, pdet=66.4%
Validation:
D=9, pdet=89.0%
D=12, pdet=55.00000000000001%
D=15, pdet=34.5%
D=18, pdet=20.5%
D=20, pdet=10.5%
D=22, pdet=9.0%
D=35, pdet=0.0%
the learning rate: 0.0001
Time used = 5195.099381685257
Using /scratch/kriles_root/kriles0/damoncht/unet_dyn_fastnoise/data/500Hz/500Hz_H1L1_D0-35_256x128_7200s_4c_traindata_n1000_seed225_norm.npz
Loading pure noise ...
D=20, pdet=69.69999999999999%
Validation:
D=9, pdet=100.0%
D=12, pdet=100.0%
D=15, pdet=95.0%
D=18, pdet=77.0%
D=20, pdet=65.0%
D=22, pdet=57.99999999999999%
D=35, pdet=20.5%
Epoch 226/1000, Training Loss: 3.667e-04, Validation Loss: 2.332e+03
the learning rate: 0.0001
Time used = 5217.468156576157
Using /scratch/kriles_root/kriles0/damoncht/unet_dyn_fastnoise/data/500Hz/500Hz_H1L1_D0-35_256x128_7200s_4c_traindata_n1000_seed226_norm.npz
Loading pure noise ...
D=20, pdet=72.89999999999999%
Validation:
D=9, pdet=99.5%
D=12, pdet=76.0%
D=15, pdet=56.99999999999999%
D=18, pdet=47.0%
D=20, pdet=39.0%
D=22, pdet=30.5%
D=35, pdet=0.0%
the learning rate: 0.0001
Time used = 5240.010594844818
Using /scratch/kriles_root/kriles0/damoncht/unet_dyn_fastnoise/data/500Hz/500Hz_H1L1_D0-35_256x128_7200s_4c_traindata_n1000_seed227_norm.npz
Loading pure noise ...
D=20, pdet=74.8%
Validation:
D=9, pdet=100.0%
D=12, pdet=99.5%
D=15, pdet=95.5%
D=18, pdet=76.0%
D=20, pdet=66.0%
D=22, pdet=57.99999999999999%
D=35, pdet=20.0%
the learning rate: 0.0001
Time used = 5262.474122047424
Using /scratch/kriles_root/kriles0/damoncht/unet_dyn_fastnoise/data/500Hz/500Hz_H1L1_D0-35_256x128_7200s_4c_traindata_n1000_seed228_norm.npz
Loading pure noise ...
D=20, pdet=70.89999999999999%
Validation:
D=9, pdet=84.5%
D=12, pdet=52.0%
D=15, pdet=32.5%
D=18, pdet=19.0%
D=20, pdet=8.5%
D=22, pdet=6.5%
D=35, pdet=0.0%
Epoch 229/1000, Training Loss: 3.657e-04, Validation Loss: 2.332e+03
the learning rate: 0.0001
Time used = 5284.80538725853
Using /scratch/kriles_root/kriles0/damoncht/unet_dyn_fastnoise/data/500Hz/500Hz_H1L1_D0-35_256x128_7200s_4c_traindata_n1000_seed229_norm.npz
Loading pure noise ...
D=20, pdet=67.0%
Validation:
D=9, pdet=85.0%
D=12, pdet=52.0%
D=15, pdet=33.0%
D=18, pdet=20.0%
D=20, pdet=8.5%
D=22, pdet=6.5%
D=35, pdet=0.0%
the learning rate: 0.0001
Time used = 5307.255056858063
Using /scratch/kriles_root/kriles0/damoncht/unet_dyn_fastnoise/data/500Hz/500Hz_H1L1_D0-35_256x128_7200s_4c_traindata_n1000_seed230_norm.npz
Loading pure noise ...
D=20, pdet=68.2%
Validation:
D=9, pdet=100.0%
D=12, pdet=100.0%
D=15, pdet=95.5%
D=18, pdet=77.0%
D=20, pdet=66.5%
D=22, pdet=59.5%
D=35, pdet=22.5%
the learning rate: 0.0001
Time used = 5337.1411283016205
Using /scratch/kriles_root/kriles0/damoncht/unet_dyn_fastnoise/data/500Hz/500Hz_H1L1_D0-35_256x128_7200s_4c_traindata_n1000_seed231_norm.npz
Loading pure noise ...
D=20, pdet=69.6%
Validation:
D=9, pdet=100.0%
D=12, pdet=100.0%
D=15, pdet=94.0%
D=18, pdet=74.5%
D=20, pdet=64.5%
D=22, pdet=56.99999999999999%
D=35, pdet=18.5%
Epoch 232/1000, Training Loss: 3.660e-04, Validation Loss: 2.332e+03
the learning rate: 0.0001
Time used = 5359.380220413208
Using /scratch/kriles_root/kriles0/damoncht/unet_dyn_fastnoise/data/500Hz/500Hz_H1L1_D0-35_256x128_7200s_4c_traindata_n1000_seed232_norm.npz
Loading pure noise ...
D=20, pdet=67.2%
Validation:
D=9, pdet=86.0%
D=12, pdet=53.0%
D=15, pdet=34.0%
D=18, pdet=21.0%
D=20, pdet=9.5%
D=22, pdet=7.000000000000001%
D=35, pdet=0.0%
the learning rate: 0.0001
Time used = 5381.7862594127655
Using /scratch/kriles_root/kriles0/damoncht/unet_dyn_fastnoise/data/500Hz/500Hz_H1L1_D0-35_256x128_7200s_4c_traindata_n1000_seed233_norm.npz
Loading pure noise ...
D=20, pdet=66.3%
Validation:
D=9, pdet=100.0%
D=12, pdet=81.0%
D=15, pdet=61.5%
D=18, pdet=50.5%
D=20, pdet=41.0%
D=22, pdet=33.0%
D=35, pdet=0.5%
the learning rate: 0.0001
Time used = 5408.070394515991
Using /scratch/kriles_root/kriles0/damoncht/unet_dyn_fastnoise/data/500Hz/500Hz_H1L1_D0-35_256x128_7200s_4c_traindata_n1000_seed234_norm.npz
Loading pure noise ...
D=20, pdet=72.8%
Validation:
D=9, pdet=93.5%
D=12, pdet=61.0%
D=15, pdet=45.0%
D=18, pdet=32.5%
D=20, pdet=19.5%
D=22, pdet=16.0%
D=35, pdet=0.0%
Epoch 235/1000, Training Loss: 3.633e-04, Validation Loss: 2.332e+03
the learning rate: 0.0001
Time used = 5433.500802516937
Using /scratch/kriles_root/kriles0/damoncht/unet_dyn_fastnoise/data/500Hz/500Hz_H1L1_D0-35_256x128_7200s_4c_traindata_n1000_seed235_norm.npz
Loading pure noise ...
D=20, pdet=66.2%
Validation:
D=9, pdet=99.5%
D=12, pdet=85.0%
D=15, pdet=63.5%
D=18, pdet=53.5%
D=20, pdet=43.5%
D=22, pdet=35.5%
D=35, pdet=3.5000000000000004%
the learning rate: 0.0001
Time used = 5456.22358250618
Using /scratch/kriles_root/kriles0/damoncht/unet_dyn_fastnoise/data/500Hz/500Hz_H1L1_D0-35_256x128_7200s_4c_traindata_n1000_seed236_norm.npz
Loading pure noise ...
D=20, pdet=70.8%
Validation:
D=9, pdet=97.0%
D=12, pdet=66.5%
D=15, pdet=52.0%
D=18, pdet=37.5%
D=20, pdet=25.0%
D=22, pdet=20.0%
D=35, pdet=0.0%
the learning rate: 0.0001
Time used = 5478.36584353447
Using /scratch/kriles_root/kriles0/damoncht/unet_dyn_fastnoise/data/500Hz/500Hz_H1L1_D0-35_256x128_7200s_4c_traindata_n1000_seed237_norm.npz
Loading pure noise ...
D=20, pdet=69.8%
Validation:
D=9, pdet=91.5%
D=12, pdet=60.0%
D=15, pdet=40.5%
D=18, pdet=28.499999999999996%
D=20, pdet=12.5%
D=22, pdet=13.0%
D=35, pdet=0.0%
Epoch 238/1000, Training Loss: 3.669e-04, Validation Loss: 2.332e+03
the learning rate: 0.0001
Time used = 5500.665039539337
Using /scratch/kriles_root/kriles0/damoncht/unet_dyn_fastnoise/data/500Hz/500Hz_H1L1_D0-35_256x128_7200s_4c_traindata_n1000_seed238_norm.npz
Loading pure noise ...
D=20, pdet=67.30000000000001%
Validation:
D=9, pdet=100.0%
D=12, pdet=99.5%
D=15, pdet=91.5%
D=18, pdet=71.5%
D=20, pdet=60.0%
D=22, pdet=55.00000000000001%
D=35, pdet=17.0%
the learning rate: 0.0001
Time used = 5523.641167879105
Using /scratch/kriles_root/kriles0/damoncht/unet_dyn_fastnoise/data/500Hz/500Hz_H1L1_D0-35_256x128_7200s_4c_traindata_n1000_seed239_norm.npz
Loading pure noise ...
D=20, pdet=70.6%
Validation:
D=9, pdet=100.0%
D=12, pdet=99.0%
D=15, pdet=83.5%
D=18, pdet=63.5%
D=20, pdet=54.0%
D=22, pdet=50.5%
D=35, pdet=8.5%
the learning rate: 0.0001
Time used = 5546.114215135574
Using /scratch/kriles_root/kriles0/damoncht/unet_dyn_fastnoise/data/500Hz/500Hz_H1L1_D0-35_256x128_7200s_4c_traindata_n1000_seed240_norm.npz
Loading pure noise ...
D=20, pdet=69.39999999999999%
Validation:
D=9, pdet=100.0%
D=12, pdet=98.5%
D=15, pdet=86.0%
D=18, pdet=69.0%
D=20, pdet=57.49999999999999%
D=22, pdet=51.0%
D=35, pdet=13.0%
Epoch 241/1000, Training Loss: 3.661e-04, Validation Loss: 2.332e+03
the learning rate: 0.0001
Time used = 5568.81591963768
Using /scratch/kriles_root/kriles0/damoncht/unet_dyn_fastnoise/data/500Hz/500Hz_H1L1_D0-35_256x128_7200s_4c_traindata_n1000_seed241_norm.npz
Loading pure noise ...
D=20, pdet=67.10000000000001%
Validation:
D=9, pdet=100.0%
D=12, pdet=100.0%
D=15, pdet=96.0%
D=18, pdet=76.0%
D=20, pdet=67.0%
D=22, pdet=58.5%
D=35, pdet=22.0%
the learning rate: 0.0001
Time used = 5591.321304321289
Using /scratch/kriles_root/kriles0/damoncht/unet_dyn_fastnoise/data/500Hz/500Hz_H1L1_D0-35_256x128_7200s_4c_traindata_n1000_seed242_norm.npz
Loading pure noise ...
D=20, pdet=69.3%
Validation:
D=9, pdet=100.0%
D=12, pdet=100.0%
D=15, pdet=95.5%
D=18, pdet=75.5%
D=20, pdet=66.5%
D=22, pdet=57.99999999999999%
D=35, pdet=23.0%
the learning rate: 0.0001
Time used = 5613.987112045288
Using /scratch/kriles_root/kriles0/damoncht/unet_dyn_fastnoise/data/500Hz/500Hz_H1L1_D0-35_256x128_7200s_4c_traindata_n1000_seed243_norm.npz
Loading pure noise ...
D=20, pdet=69.89999999999999%
Validation:
D=9, pdet=98.0%
D=12, pdet=67.5%
D=15, pdet=51.0%
D=18, pdet=39.0%
D=20, pdet=26.0%
D=22, pdet=21.5%
D=35, pdet=0.0%
Epoch 244/1000, Training Loss: 3.508e-04, Validation Loss: 2.332e+03
the learning rate: 0.0001
Time used = 5638.999110460281
Using /scratch/kriles_root/kriles0/damoncht/unet_dyn_fastnoise/data/500Hz/500Hz_H1L1_D0-35_256x128_7200s_4c_traindata_n1000_seed244_norm.npz
Loading pure noise ...
D=20, pdet=69.69999999999999%
Validation:
D=9, pdet=85.5%
D=12, pdet=51.0%
D=15, pdet=30.0%
D=18, pdet=18.0%
D=20, pdet=7.5%
D=22, pdet=5.0%
D=35, pdet=0.0%
the learning rate: 0.0001
Time used = 5661.802525997162
Using /scratch/kriles_root/kriles0/damoncht/unet_dyn_fastnoise/data/500Hz/500Hz_H1L1_D0-35_256x128_7200s_4c_traindata_n1000_seed245_norm.npz
Loading pure noise ...
D=20, pdet=72.6%
Validation:
D=9, pdet=84.0%
D=12, pdet=49.5%
D=15, pdet=30.0%
D=18, pdet=17.0%
D=20, pdet=7.000000000000001%
D=22, pdet=4.5%
D=35, pdet=0.0%
the learning rate: 0.0001
Time used = 5684.013301610947
Using /scratch/kriles_root/kriles0/damoncht/unet_dyn_fastnoise/data/500Hz/500Hz_H1L1_D0-35_256x128_7200s_4c_traindata_n1000_seed246_norm.npz
Loading pure noise ...
D=20, pdet=69.8%
Validation:
D=9, pdet=100.0%
D=12, pdet=99.5%
D=15, pdet=84.5%
D=18, pdet=67.5%
D=20, pdet=57.49999999999999%
D=22, pdet=50.0%
D=35, pdet=13.0%
Epoch 247/1000, Training Loss: 3.591e-04, Validation Loss: 2.332e+03
the learning rate: 0.0001
Time used = 5706.303092241287
Using /scratch/kriles_root/kriles0/damoncht/unet_dyn_fastnoise/data/500Hz/500Hz_H1L1_D0-35_256x128_7200s_4c_traindata_n1000_seed247_norm.npz
Loading pure noise ...
D=20, pdet=73.3%
Validation:
D=9, pdet=93.5%
D=12, pdet=63.0%
D=15, pdet=44.5%
D=18, pdet=31.5%
D=20, pdet=19.5%
D=22, pdet=14.000000000000002%
D=35, pdet=0.0%
the learning rate: 0.0001
Time used = 5729.129978895187
Using /scratch/kriles_root/kriles0/damoncht/unet_dyn_fastnoise/data/500Hz/500Hz_H1L1_D0-35_256x128_7200s_4c_traindata_n1000_seed248_norm.npz
Loading pure noise ...
D=20, pdet=70.6%
Validation:
D=9, pdet=100.0%
D=12, pdet=99.0%
D=15, pdet=93.0%
D=18, pdet=75.0%
D=20, pdet=63.0%
D=22, pdet=56.00000000000001%
D=35, pdet=19.0%
Replace best val model at epoch 248
the learning rate: 0.0001
Time used = 5751.675272226334
Using /scratch/kriles_root/kriles0/damoncht/unet_dyn_fastnoise/data/500Hz/500Hz_H1L1_D0-35_256x128_7200s_4c_traindata_n1000_seed249_norm.npz
Loading pure noise ...
D=20, pdet=68.8%
Validation:
D=9, pdet=100.0%
D=12, pdet=100.0%
D=15, pdet=94.5%
D=18, pdet=77.5%
D=20, pdet=67.0%
D=22, pdet=59.0%
D=35, pdet=22.5%
Epoch 250/1000, Training Loss: 3.628e-04, Validation Loss: 2.332e+03
Replace best val model at epoch 249
the learning rate: 0.0001
Time used = 5774.591784238815
Using /scratch/kriles_root/kriles0/damoncht/unet_dyn_fastnoise/data/500Hz/500Hz_H1L1_D0-35_256x128_7200s_4c_traindata_n1000_seed250_norm.npz
Loading pure noise ...
D=20, pdet=72.2%
Validation:
D=9, pdet=85.0%
D=12, pdet=49.5%
D=15, pdet=30.5%
D=18, pdet=19.0%
D=20, pdet=7.5%
D=22, pdet=6.5%
D=35, pdet=0.0%
the learning rate: 0.0001
Time used = 5797.440289974213
Using /scratch/kriles_root/kriles0/damoncht/unet_dyn_fastnoise/data/500Hz/500Hz_H1L1_D0-35_256x128_7200s_4c_traindata_n1000_seed251_norm.npz
Loading pure noise ...
D=20, pdet=73.6%
Validation:
D=9, pdet=97.0%
D=12, pdet=70.5%
D=15, pdet=54.50000000000001%
D=18, pdet=39.5%
D=20, pdet=31.5%
D=22, pdet=22.0%
D=35, pdet=0.5%
the learning rate: 0.0001
Time used = 5819.8937520980835
Using /scratch/kriles_root/kriles0/damoncht/unet_dyn_fastnoise/data/500Hz/500Hz_H1L1_D0-35_256x128_7200s_4c_traindata_n1000_seed252_norm.npz
Loading pure noise ...
D=20, pdet=70.7%
Validation:
D=9, pdet=84.0%
D=12, pdet=48.0%
D=15, pdet=30.0%
D=18, pdet=17.5%
D=20, pdet=7.5%
D=22, pdet=5.5%
D=35, pdet=0.0%
Epoch 253/1000, Training Loss: 3.609e-04, Validation Loss: 2.332e+03
the learning rate: 0.0001
Time used = 5841.970081567764
Using /scratch/kriles_root/kriles0/damoncht/unet_dyn_fastnoise/data/500Hz/500Hz_H1L1_D0-35_256x128_7200s_4c_traindata_n1000_seed253_norm.npz
Loading pure noise ...
D=20, pdet=68.60000000000001%
Validation:
D=9, pdet=100.0%
D=12, pdet=100.0%
D=15, pdet=96.0%
D=18, pdet=78.0%
D=20, pdet=69.5%
D=22, pdet=62.0%
D=35, pdet=25.5%
the learning rate: 0.0001
Time used = 5864.421292543411
Using /scratch/kriles_root/kriles0/damoncht/unet_dyn_fastnoise/data/500Hz/500Hz_H1L1_D0-35_256x128_7200s_4c_traindata_n1000_seed254_norm.npz
Loading pure noise ...
D=20, pdet=69.0%
Validation:
D=9, pdet=100.0%
D=12, pdet=96.5%
D=15, pdet=74.0%
D=18, pdet=61.5%
D=20, pdet=50.5%
D=22, pdet=45.0%
D=35, pdet=4.5%
the learning rate: 0.0001
Time used = 5887.6321413517
Using /scratch/kriles_root/kriles0/damoncht/unet_dyn_fastnoise/data/500Hz/500Hz_H1L1_D0-35_256x128_7200s_4c_traindata_n1000_seed255_norm.npz
Loading pure noise ...
D=20, pdet=70.39999999999999%
Validation:
D=9, pdet=100.0%
D=12, pdet=100.0%
D=15, pdet=95.5%
D=18, pdet=78.5%
D=20, pdet=66.5%
D=22, pdet=61.0%
D=35, pdet=23.5%
Epoch 256/1000, Training Loss: 3.575e-04, Validation Loss: 2.331e+03
Replace best val model at epoch 255
the learning rate: 0.0001
Time used = 5910.453392267227
Using /scratch/kriles_root/kriles0/damoncht/unet_dyn_fastnoise/data/500Hz/500Hz_H1L1_D0-35_256x128_7200s_4c_traindata_n1000_seed256_norm.npz
Loading pure noise ...
D=20, pdet=68.10000000000001%
Validation:
D=9, pdet=100.0%
D=12, pdet=100.0%
D=15, pdet=95.5%
D=18, pdet=78.0%
D=20, pdet=67.5%
D=22, pdet=60.0%
D=35, pdet=23.0%
the learning rate: 0.0001
Time used = 5938.22003865242
Using /scratch/kriles_root/kriles0/damoncht/unet_dyn_fastnoise/data/500Hz/500Hz_H1L1_D0-35_256x128_7200s_4c_traindata_n1000_seed257_norm.npz
Loading pure noise ...
D=20, pdet=70.5%
Validation:
D=9, pdet=96.5%
D=12, pdet=68.0%
D=15, pdet=49.5%
D=18, pdet=38.0%
D=20, pdet=25.0%
D=22, pdet=19.5%
D=35, pdet=0.5%
the learning rate: 0.0001
Time used = 5961.186168909073
Using /scratch/kriles_root/kriles0/damoncht/unet_dyn_fastnoise/data/500Hz/500Hz_H1L1_D0-35_256x128_7200s_4c_traindata_n1000_seed258_norm.npz
Loading pure noise ...
D=20, pdet=59.4%
Validation:
D=9, pdet=75.5%
D=12, pdet=49.0%
D=15, pdet=29.5%
D=18, pdet=17.0%
D=20, pdet=7.000000000000001%
D=22, pdet=5.5%
D=35, pdet=0.5%
Epoch 259/1000, Training Loss: 3.519e-04, Validation Loss: 2.332e+03
the learning rate: 0.0001
Time used = 5983.430186033249
Using /scratch/kriles_root/kriles0/damoncht/unet_dyn_fastnoise/data/500Hz/500Hz_H1L1_D0-35_256x128_7200s_4c_traindata_n1000_seed259_norm.npz
Loading pure noise ...
D=20, pdet=63.6%
Validation:
D=9, pdet=100.0%
D=12, pdet=98.0%
D=15, pdet=76.5%
D=18, pdet=61.0%
D=20, pdet=52.0%
D=22, pdet=45.0%
D=35, pdet=6.5%
the learning rate: 0.0001
Time used = 6007.903795957565
Using /scratch/kriles_root/kriles0/damoncht/unet_dyn_fastnoise/data/500Hz/500Hz_H1L1_D0-35_256x128_7200s_4c_traindata_n1000_seed260_norm.npz
Loading pure noise ...
D=20, pdet=70.5%
Validation:
D=9, pdet=100.0%
D=12, pdet=98.5%
D=15, pdet=77.5%
D=18, pdet=62.5%
D=20, pdet=52.0%
D=22, pdet=47.5%
D=35, pdet=7.5%
the learning rate: 0.0001
Time used = 6031.486303567886
Using /scratch/kriles_root/kriles0/damoncht/unet_dyn_fastnoise/data/500Hz/500Hz_H1L1_D0-35_256x128_7200s_4c_traindata_n1000_seed261_norm.npz
Loading pure noise ...
D=20, pdet=69.39999999999999%
Validation:
D=9, pdet=94.5%
D=12, pdet=66.0%
D=15, pdet=46.0%
D=18, pdet=33.5%
D=20, pdet=23.0%
D=22, pdet=16.0%
D=35, pdet=0.0%
Epoch 262/1000, Training Loss: 3.543e-04, Validation Loss: 2.332e+03
the learning rate: 0.0001
Time used = 6054.387198448181
Using /scratch/kriles_root/kriles0/damoncht/unet_dyn_fastnoise/data/500Hz/500Hz_H1L1_D0-35_256x128_7200s_4c_traindata_n1000_seed262_norm.npz
Loading pure noise ...
D=20, pdet=71.7%
Validation:
D=9, pdet=100.0%
D=12, pdet=96.0%
D=15, pdet=72.0%
D=18, pdet=58.5%
D=20, pdet=50.5%
D=22, pdet=43.5%
D=35, pdet=3.0%
the learning rate: 0.0001
Time used = 6076.910217761993
Using /scratch/kriles_root/kriles0/damoncht/unet_dyn_fastnoise/data/500Hz/500Hz_H1L1_D0-35_256x128_7200s_4c_traindata_n1000_seed263_norm.npz
Loading pure noise ...
D=20, pdet=70.39999999999999%
Validation:
D=9, pdet=100.0%
D=12, pdet=100.0%
D=15, pdet=88.5%
D=18, pdet=71.0%
D=20, pdet=60.0%
D=22, pdet=55.00000000000001%
D=35, pdet=15.5%
the learning rate: 0.0001
Time used = 6099.487193346024
Using /scratch/kriles_root/kriles0/damoncht/unet_dyn_fastnoise/data/500Hz/500Hz_H1L1_D0-35_256x128_7200s_4c_traindata_n1000_seed264_norm.npz
Loading pure noise ...
D=20, pdet=74.0%
Validation:
D=9, pdet=84.5%
D=12, pdet=50.5%
D=15, pdet=31.0%
D=18, pdet=19.5%
D=20, pdet=7.5%
D=22, pdet=5.5%
D=35, pdet=0.0%
Epoch 265/1000, Training Loss: 3.545e-04, Validation Loss: 2.332e+03
the learning rate: 0.0001
Time used = 6125.731548786163
Using /scratch/kriles_root/kriles0/damoncht/unet_dyn_fastnoise/data/500Hz/500Hz_H1L1_D0-35_256x128_7200s_4c_traindata_n1000_seed265_norm.npz
Loading pure noise ...
D=20, pdet=71.39999999999999%
Validation:
D=9, pdet=100.0%
D=12, pdet=100.0%
D=15, pdet=95.5%
D=18, pdet=78.5%
D=20, pdet=67.5%
D=22, pdet=61.0%
D=35, pdet=23.0%
the learning rate: 0.0001
Time used = 6148.644546985626
Using /scratch/kriles_root/kriles0/damoncht/unet_dyn_fastnoise/data/500Hz/500Hz_H1L1_D0-35_256x128_7200s_4c_traindata_n1000_seed266_norm.npz
Loading pure noise ...
D=20, pdet=73.9%
Validation:
D=9, pdet=89.5%
D=12, pdet=56.99999999999999%
D=15, pdet=40.0%
D=18, pdet=28.000000000000004%
D=20, pdet=14.499999999999998%
D=22, pdet=9.0%
D=35, pdet=0.0%
the learning rate: 0.0001
Time used = 6171.205199480057
Using /scratch/kriles_root/kriles0/damoncht/unet_dyn_fastnoise/data/500Hz/500Hz_H1L1_D0-35_256x128_7200s_4c_traindata_n1000_seed267_norm.npz
Loading pure noise ...
D=20, pdet=69.69999999999999%
Validation:
D=9, pdet=100.0%
D=12, pdet=100.0%
D=15, pdet=96.0%
D=18, pdet=78.5%
D=20, pdet=71.0%
D=22, pdet=62.0%
D=35, pdet=24.5%
Epoch 268/1000, Training Loss: 3.517e-04, Validation Loss: 2.331e+03
the learning rate: 0.0001
Time used = 6193.469695568085
Using /scratch/kriles_root/kriles0/damoncht/unet_dyn_fastnoise/data/500Hz/500Hz_H1L1_D0-35_256x128_7200s_4c_traindata_n1000_seed268_norm.npz
Loading pure noise ...
D=20, pdet=69.89999999999999%
Validation:
D=9, pdet=100.0%
D=12, pdet=100.0%
D=15, pdet=91.0%
D=18, pdet=72.0%
D=20, pdet=62.5%
D=22, pdet=56.00000000000001%
D=35, pdet=19.0%
the learning rate: 0.0001
Time used = 6216.015561342239
Using /scratch/kriles_root/kriles0/damoncht/unet_dyn_fastnoise/data/500Hz/500Hz_H1L1_D0-35_256x128_7200s_4c_traindata_n1000_seed269_norm.npz
Loading pure noise ...
D=20, pdet=69.6%
Validation:
D=9, pdet=100.0%
D=12, pdet=100.0%
D=15, pdet=96.0%
D=18, pdet=78.5%
D=20, pdet=68.0%
D=22, pdet=61.0%
D=35, pdet=24.5%
the learning rate: 0.0001
Time used = 6238.276030778885
Using /scratch/kriles_root/kriles0/damoncht/unet_dyn_fastnoise/data/500Hz/500Hz_H1L1_D0-35_256x128_7200s_4c_traindata_n1000_seed270_norm.npz
Loading pure noise ...
D=20, pdet=68.2%
Validation:
D=9, pdet=100.0%
D=12, pdet=100.0%
D=15, pdet=93.5%
D=18, pdet=73.5%
D=20, pdet=63.5%
D=22, pdet=56.00000000000001%
D=35, pdet=19.0%
Epoch 271/1000, Training Loss: 3.510e-04, Validation Loss: 2.331e+03
the learning rate: 0.0001
Time used = 6260.38232755661
Using /scratch/kriles_root/kriles0/damoncht/unet_dyn_fastnoise/data/500Hz/500Hz_H1L1_D0-35_256x128_7200s_4c_traindata_n1000_seed271_norm.npz
Loading pure noise ...
D=20, pdet=65.7%
Validation:
D=9, pdet=100.0%
D=12, pdet=99.5%
D=15, pdet=94.5%
D=18, pdet=77.0%
D=20, pdet=66.5%
D=22, pdet=57.99999999999999%
D=35, pdet=22.0%
the learning rate: 0.0001
Time used = 6283.301098823547
Using /scratch/kriles_root/kriles0/damoncht/unet_dyn_fastnoise/data/500Hz/500Hz_H1L1_D0-35_256x128_7200s_4c_traindata_n1000_seed272_norm.npz
Loading pure noise ...
D=20, pdet=68.30000000000001%
Validation:
D=9, pdet=96.0%
D=12, pdet=66.0%
D=15, pdet=50.5%
D=18, pdet=38.5%
D=20, pdet=25.0%
D=22, pdet=19.5%
D=35, pdet=1.0%
the learning rate: 0.0001
Time used = 6306.127360343933
Using /scratch/kriles_root/kriles0/damoncht/unet_dyn_fastnoise/data/500Hz/500Hz_H1L1_D0-35_256x128_7200s_4c_traindata_n1000_seed273_norm.npz
Loading pure noise ...
D=20, pdet=70.5%
Validation:
D=9, pdet=100.0%
D=12, pdet=91.0%
D=15, pdet=67.0%
D=18, pdet=56.00000000000001%
D=20, pdet=47.0%
D=22, pdet=39.5%
D=35, pdet=1.0%
Epoch 274/1000, Training Loss: 3.514e-04, Validation Loss: 2.332e+03
the learning rate: 0.0001
Time used = 6328.569788694382
Using /scratch/kriles_root/kriles0/damoncht/unet_dyn_fastnoise/data/500Hz/500Hz_H1L1_D0-35_256x128_7200s_4c_traindata_n1000_seed274_norm.npz
Loading pure noise ...
D=20, pdet=71.1%
Validation:
D=9, pdet=100.0%
D=12, pdet=100.0%
D=15, pdet=94.5%
D=18, pdet=76.5%
D=20, pdet=67.5%
D=22, pdet=60.5%
D=35, pdet=22.0%
the learning rate: 0.0001
Time used = 6351.149106025696
Using /scratch/kriles_root/kriles0/damoncht/unet_dyn_fastnoise/data/500Hz/500Hz_H1L1_D0-35_256x128_7200s_4c_traindata_n1000_seed275_norm.npz
Loading pure noise ...
D=20, pdet=70.3%
Validation:
D=9, pdet=100.0%
D=12, pdet=99.5%
D=15, pdet=94.0%
D=18, pdet=73.5%
D=20, pdet=64.5%
D=22, pdet=57.49999999999999%
D=35, pdet=19.5%
the learning rate: 0.0001
Time used = 6373.297421216965
Using /scratch/kriles_root/kriles0/damoncht/unet_dyn_fastnoise/data/500Hz/500Hz_H1L1_D0-35_256x128_7200s_4c_traindata_n1000_seed276_norm.npz
Loading pure noise ...
D=20, pdet=68.60000000000001%
Validation:
D=9, pdet=100.0%
D=12, pdet=99.5%
D=15, pdet=89.0%
D=18, pdet=70.0%
D=20, pdet=58.5%
D=22, pdet=56.00000000000001%
D=35, pdet=14.499999999999998%
Epoch 277/1000, Training Loss: 3.554e-04, Validation Loss: 2.332e+03
the learning rate: 0.0001
Time used = 6395.462600708008
Using /scratch/kriles_root/kriles0/damoncht/unet_dyn_fastnoise/data/500Hz/500Hz_H1L1_D0-35_256x128_7200s_4c_traindata_n1000_seed277_norm.npz
Loading pure noise ...
D=20, pdet=72.0%
Validation:
D=9, pdet=100.0%
D=12, pdet=100.0%
D=15, pdet=93.5%
D=18, pdet=75.0%
D=20, pdet=65.0%
D=22, pdet=59.5%
D=35, pdet=22.5%
the learning rate: 0.0001
Time used = 6417.758296489716
Using /scratch/kriles_root/kriles0/damoncht/unet_dyn_fastnoise/data/500Hz/500Hz_H1L1_D0-35_256x128_7200s_4c_traindata_n1000_seed278_norm.npz
Loading pure noise ...
D=20, pdet=70.6%
Validation:
D=9, pdet=100.0%
D=12, pdet=100.0%
D=15, pdet=96.0%
D=18, pdet=77.0%
D=20, pdet=69.5%
D=22, pdet=60.0%
D=35, pdet=24.0%
the learning rate: 0.0001
Time used = 6440.053129911423
Using /scratch/kriles_root/kriles0/damoncht/unet_dyn_fastnoise/data/500Hz/500Hz_H1L1_D0-35_256x128_7200s_4c_traindata_n1000_seed279_norm.npz
Loading pure noise ...
D=20, pdet=67.60000000000001%
Validation:
D=9, pdet=99.5%
D=12, pdet=80.5%
D=15, pdet=59.5%
D=18, pdet=47.0%
D=20, pdet=38.5%
D=22, pdet=31.0%
D=35, pdet=0.0%
Epoch 280/1000, Training Loss: 3.518e-04, Validation Loss: 2.332e+03
the learning rate: 0.0001
Time used = 6462.106123447418
Using /scratch/kriles_root/kriles0/damoncht/unet_dyn_fastnoise/data/500Hz/500Hz_H1L1_D0-35_256x128_7200s_4c_traindata_n1000_seed280_norm.npz
Loading pure noise ...
D=20, pdet=72.1%
Validation:
D=9, pdet=100.0%
D=12, pdet=100.0%
D=15, pdet=96.0%
D=18, pdet=76.5%
D=20, pdet=68.5%
D=22, pdet=59.0%
D=35, pdet=22.5%
the learning rate: 0.0001
Time used = 6484.428263187408
Using /scratch/kriles_root/kriles0/damoncht/unet_dyn_fastnoise/data/500Hz/500Hz_H1L1_D0-35_256x128_7200s_4c_traindata_n1000_seed281_norm.npz
Loading pure noise ...
D=20, pdet=69.3%
Validation:
D=9, pdet=91.0%
D=12, pdet=60.0%
D=15, pdet=42.5%
D=18, pdet=29.5%
D=20, pdet=14.499999999999998%
D=22, pdet=13.0%
D=35, pdet=0.0%
the learning rate: 0.0001
Time used = 6506.822694301605
Using /scratch/kriles_root/kriles0/damoncht/unet_dyn_fastnoise/data/500Hz/500Hz_H1L1_D0-35_256x128_7200s_4c_traindata_n1000_seed282_norm.npz
Loading pure noise ...
D=20, pdet=72.2%
Validation:
D=9, pdet=100.0%
D=12, pdet=100.0%
D=15, pdet=95.5%
D=18, pdet=77.5%
D=20, pdet=69.0%
D=22, pdet=59.5%
D=35, pdet=22.5%
Epoch 283/1000, Training Loss: 3.456e-04, Validation Loss: 2.332e+03
the learning rate: 0.0001
Time used = 6530.706386804581
Using /scratch/kriles_root/kriles0/damoncht/unet_dyn_fastnoise/data/500Hz/500Hz_H1L1_D0-35_256x128_7200s_4c_traindata_n1000_seed283_norm.npz
Loading pure noise ...
D=20, pdet=72.1%
Validation:
D=9, pdet=100.0%
D=12, pdet=100.0%
D=15, pdet=94.5%
D=18, pdet=75.0%
D=20, pdet=65.5%
D=22, pdet=57.49999999999999%
D=35, pdet=22.0%
the learning rate: 0.0001
Time used = 6553.494831085205
Using /scratch/kriles_root/kriles0/damoncht/unet_dyn_fastnoise/data/500Hz/500Hz_H1L1_D0-35_256x128_7200s_4c_traindata_n1000_seed284_norm.npz
Loading pure noise ...
D=20, pdet=70.19999999999999%
Validation:
D=9, pdet=100.0%
D=12, pdet=100.0%
D=15, pdet=96.5%
D=18, pdet=80.0%
D=20, pdet=70.5%
D=22, pdet=63.5%
D=35, pdet=28.499999999999996%
Replace best pdet model at epoch 284
the learning rate: 0.0001
Time used = 6575.994801998138
Using /scratch/kriles_root/kriles0/damoncht/unet_dyn_fastnoise/data/500Hz/500Hz_H1L1_D0-35_256x128_7200s_4c_traindata_n1000_seed285_norm.npz
Loading pure noise ...
D=20, pdet=74.0%
Validation:
D=9, pdet=100.0%
D=12, pdet=99.5%
D=15, pdet=84.5%
D=18, pdet=69.5%
D=20, pdet=56.49999999999999%
D=22, pdet=52.5%
D=35, pdet=13.0%
Epoch 286/1000, Training Loss: 3.459e-04, Validation Loss: 2.332e+03
the learning rate: 0.0001
Time used = 6598.874403715134
Using /scratch/kriles_root/kriles0/damoncht/unet_dyn_fastnoise/data/500Hz/500Hz_H1L1_D0-35_256x128_7200s_4c_traindata_n1000_seed286_norm.npz
Loading pure noise ...
D=20, pdet=74.3%
Validation:
D=9, pdet=98.5%
D=12, pdet=74.5%
D=15, pdet=56.99999999999999%
D=18, pdet=46.0%
D=20, pdet=35.5%
D=22, pdet=29.5%
D=35, pdet=0.5%
the learning rate: 0.0001
Time used = 6621.350569486618
Using /scratch/kriles_root/kriles0/damoncht/unet_dyn_fastnoise/data/500Hz/500Hz_H1L1_D0-35_256x128_7200s_4c_traindata_n1000_seed287_norm.npz
Loading pure noise ...
D=20, pdet=68.10000000000001%
Validation:
D=9, pdet=100.0%
D=12, pdet=99.5%
D=15, pdet=93.0%
D=18, pdet=73.5%
D=20, pdet=60.5%
D=22, pdet=56.99999999999999%
D=35, pdet=17.5%
the learning rate: 0.0001
Time used = 6643.842639923096
Using /scratch/kriles_root/kriles0/damoncht/unet_dyn_fastnoise/data/500Hz/500Hz_H1L1_D0-35_256x128_7200s_4c_traindata_n1000_seed288_norm.npz
Loading pure noise ...
D=20, pdet=73.4%
Validation:
D=9, pdet=100.0%
D=12, pdet=99.5%
D=15, pdet=89.0%
D=18, pdet=69.0%
D=20, pdet=57.49999999999999%
D=22, pdet=54.50000000000001%
D=35, pdet=14.000000000000002%
Epoch 289/1000, Training Loss: 3.452e-04, Validation Loss: 2.332e+03
the learning rate: 0.0001
Time used = 6666.356292486191
Using /scratch/kriles_root/kriles0/damoncht/unet_dyn_fastnoise/data/500Hz/500Hz_H1L1_D0-35_256x128_7200s_4c_traindata_n1000_seed289_norm.npz
Loading pure noise ...
D=20, pdet=74.6%
Validation:
D=9, pdet=99.5%
D=12, pdet=81.0%
D=15, pdet=56.99999999999999%
D=18, pdet=48.5%
D=20, pdet=38.0%
D=22, pdet=27.500000000000004%
D=35, pdet=0.0%
the learning rate: 0.0001
Time used = 6690.232186079025
Using /scratch/kriles_root/kriles0/damoncht/unet_dyn_fastnoise/data/500Hz/500Hz_H1L1_D0-35_256x128_7200s_4c_traindata_n1000_seed290_norm.npz
Loading pure noise ...
D=20, pdet=71.89999999999999%
Validation:
D=9, pdet=93.0%
D=12, pdet=61.0%
D=15, pdet=43.0%
D=18, pdet=30.0%
D=20, pdet=18.0%
D=22, pdet=12.5%
D=35, pdet=0.0%
the learning rate: 0.0001
Time used = 6712.970132112503
Using /scratch/kriles_root/kriles0/damoncht/unet_dyn_fastnoise/data/500Hz/500Hz_H1L1_D0-35_256x128_7200s_4c_traindata_n1000_seed291_norm.npz
Loading pure noise ...
D=20, pdet=74.0%
Validation:
D=9, pdet=100.0%
D=12, pdet=100.0%
D=15, pdet=97.0%
D=18, pdet=79.5%
D=20, pdet=71.0%
D=22, pdet=62.0%
D=35, pdet=25.5%
Epoch 292/1000, Training Loss: 3.495e-04, Validation Loss: 2.332e+03
the learning rate: 0.0001
Time used = 6735.969429969788
Using /scratch/kriles_root/kriles0/damoncht/unet_dyn_fastnoise/data/500Hz/500Hz_H1L1_D0-35_256x128_7200s_4c_traindata_n1000_seed292_norm.npz
Loading pure noise ...
D=20, pdet=68.0%
Validation:
D=9, pdet=100.0%
D=12, pdet=100.0%
D=15, pdet=98.5%
D=18, pdet=77.0%
D=20, pdet=70.0%
D=22, pdet=61.5%
D=35, pdet=23.5%
the learning rate: 0.0001
Time used = 6758.524521827698
Using /scratch/kriles_root/kriles0/damoncht/unet_dyn_fastnoise/data/500Hz/500Hz_H1L1_D0-35_256x128_7200s_4c_traindata_n1000_seed293_norm.npz
Loading pure noise ...
D=20, pdet=68.8%
Validation:
D=9, pdet=100.0%
D=12, pdet=100.0%
D=15, pdet=95.0%
D=18, pdet=75.0%
D=20, pdet=66.0%
D=22, pdet=59.0%
D=35, pdet=20.5%
the learning rate: 0.0001
Time used = 6780.676693201065
Using /scratch/kriles_root/kriles0/damoncht/unet_dyn_fastnoise/data/500Hz/500Hz_H1L1_D0-35_256x128_7200s_4c_traindata_n1000_seed294_norm.npz
Loading pure noise ...
D=20, pdet=71.8%
Validation:
D=9, pdet=100.0%
D=12, pdet=100.0%
D=15, pdet=96.5%
D=18, pdet=78.0%
D=20, pdet=69.0%
D=22, pdet=59.0%
D=35, pdet=23.5%
Epoch 295/1000, Training Loss: 3.456e-04, Validation Loss: 2.331e+03
the learning rate: 0.0001
Time used = 6803.0158178806305
Using /scratch/kriles_root/kriles0/damoncht/unet_dyn_fastnoise/data/500Hz/500Hz_H1L1_D0-35_256x128_7200s_4c_traindata_n1000_seed295_norm.npz
Loading pure noise ...
D=20, pdet=72.7%
Validation:
D=9, pdet=100.0%
D=12, pdet=100.0%
D=15, pdet=96.5%
D=18, pdet=79.0%
D=20, pdet=69.0%
D=22, pdet=62.5%
D=35, pdet=24.5%
the learning rate: 0.0001
Time used = 6825.260803699493
Using /scratch/kriles_root/kriles0/damoncht/unet_dyn_fastnoise/data/500Hz/500Hz_H1L1_D0-35_256x128_7200s_4c_traindata_n1000_seed296_norm.npz
Loading pure noise ...
D=20, pdet=70.6%
Validation:
D=9, pdet=100.0%
D=12, pdet=100.0%
D=15, pdet=97.0%
D=18, pdet=78.5%
D=20, pdet=69.0%
D=22, pdet=60.0%
D=35, pdet=24.5%
the learning rate: 0.0001
Time used = 6851.462596654892
Using /scratch/kriles_root/kriles0/damoncht/unet_dyn_fastnoise/data/500Hz/500Hz_H1L1_D0-35_256x128_7200s_4c_traindata_n1000_seed297_norm.npz
Loading pure noise ...
D=20, pdet=69.5%
Validation:
D=9, pdet=100.0%
D=12, pdet=100.0%
D=15, pdet=92.5%
D=18, pdet=73.5%
D=20, pdet=62.5%
D=22, pdet=56.99999999999999%
D=35, pdet=19.5%
Epoch 298/1000, Training Loss: 3.502e-04, Validation Loss: 2.331e+03
the learning rate: 0.0001
Time used = 6874.407061576843
Using /scratch/kriles_root/kriles0/damoncht/unet_dyn_fastnoise/data/500Hz/500Hz_H1L1_D0-35_256x128_7200s_4c_traindata_n1000_seed298_norm.npz
Loading pure noise ...
D=20, pdet=71.5%
Validation:
D=9, pdet=100.0%
D=12, pdet=100.0%
D=15, pdet=85.5%
D=18, pdet=70.0%
D=20, pdet=56.00000000000001%
D=22, pdet=53.5%
D=35, pdet=14.499999999999998%
the learning rate: 0.0001
Time used = 6896.861292600632
Using /scratch/kriles_root/kriles0/damoncht/unet_dyn_fastnoise/data/500Hz/500Hz_H1L1_D0-35_256x128_7200s_4c_traindata_n1000_seed299_norm.npz
Loading pure noise ...
D=20, pdet=71.5%
Validation:
D=9, pdet=100.0%
D=12, pdet=100.0%
D=15, pdet=94.5%
D=18, pdet=74.5%
D=20, pdet=67.0%
D=22, pdet=57.49999999999999%
D=35, pdet=22.0%
the learning rate: 0.0001
Time used = 6919.207159519196
Using /scratch/kriles_root/kriles0/damoncht/unet_dyn_fastnoise/data/500Hz/500Hz_H1L1_D0-35_256x128_7200s_4c_traindata_n1000_seed0_norm.npz
Loading pure noise ...
D=20, pdet=63.800000000000004%
Validation:
D=9, pdet=100.0%
D=12, pdet=99.5%
D=15, pdet=93.0%
D=18, pdet=75.5%
D=20, pdet=62.5%
D=22, pdet=57.99999999999999%
D=35, pdet=18.0%
Epoch 301/1000, Training Loss: 3.484e-04, Validation Loss: 2.331e+03
the learning rate: 0.0001
Time used = 6941.583698749542
Using /scratch/kriles_root/kriles0/damoncht/unet_dyn_fastnoise/data/500Hz/500Hz_H1L1_D0-35_256x128_7200s_4c_traindata_n1000_seed1_norm.npz
Loading pure noise ...
D=20, pdet=72.8%
Validation:
D=9, pdet=100.0%
D=12, pdet=100.0%
D=15, pdet=95.5%
D=18, pdet=78.0%
D=20, pdet=68.0%
D=22, pdet=62.0%
D=35, pdet=24.5%
Replace best val model at epoch 301
the learning rate: 0.0001
Time used = 6965.038183927536
Using /scratch/kriles_root/kriles0/damoncht/unet_dyn_fastnoise/data/500Hz/500Hz_H1L1_D0-35_256x128_7200s_4c_traindata_n1000_seed2_norm.npz
Loading pure noise ...
D=20, pdet=61.9%
Validation:
D=9, pdet=100.0%
D=12, pdet=99.5%
D=15, pdet=95.0%
D=18, pdet=80.0%
D=20, pdet=69.0%
D=22, pdet=60.5%
D=35, pdet=25.0%
the learning rate: 0.0001
Time used = 6987.509542226791
Using /scratch/kriles_root/kriles0/damoncht/unet_dyn_fastnoise/data/500Hz/500Hz_H1L1_D0-35_256x128_7200s_4c_traindata_n1000_seed3_norm.npz
Loading pure noise ...
D=20, pdet=65.10000000000001%
Validation:
D=9, pdet=100.0%
D=12, pdet=99.5%
D=15, pdet=93.5%
D=18, pdet=77.0%
D=20, pdet=64.5%
D=22, pdet=59.5%
D=35, pdet=22.0%
Epoch 304/1000, Training Loss: 3.471e-04, Validation Loss: 2.332e+03
the learning rate: 0.0001
Time used = 7009.6742696762085
Using /scratch/kriles_root/kriles0/damoncht/unet_dyn_fastnoise/data/500Hz/500Hz_H1L1_D0-35_256x128_7200s_4c_traindata_n1000_seed4_norm.npz
Loading pure noise ...
D=20, pdet=65.60000000000001%
Validation:
D=9, pdet=100.0%
D=12, pdet=100.0%
D=15, pdet=95.5%
D=18, pdet=79.5%
D=20, pdet=68.0%
D=22, pdet=60.5%
D=35, pdet=25.5%
the learning rate: 0.0001
Time used = 7032.189502716064
Using /scratch/kriles_root/kriles0/damoncht/unet_dyn_fastnoise/data/500Hz/500Hz_H1L1_D0-35_256x128_7200s_4c_traindata_n1000_seed5_norm.npz
Loading pure noise ...
D=20, pdet=71.1%
Validation:
D=9, pdet=100.0%
D=12, pdet=100.0%
D=15, pdet=95.5%
D=18, pdet=79.0%
D=20, pdet=67.5%
D=22, pdet=60.5%
D=35, pdet=24.5%
the learning rate: 0.0001
Time used = 7055.070230960846
Using /scratch/kriles_root/kriles0/damoncht/unet_dyn_fastnoise/data/500Hz/500Hz_H1L1_D0-35_256x128_7200s_4c_traindata_n1000_seed6_norm.npz
Loading pure noise ...
D=20, pdet=69.0%
Validation:
D=9, pdet=100.0%
D=12, pdet=100.0%
D=15, pdet=95.0%
D=18, pdet=77.5%
D=20, pdet=66.5%
D=22, pdet=58.5%
D=35, pdet=21.0%
Epoch 307/1000, Training Loss: 3.483e-04, Validation Loss: 2.332e+03
the learning rate: 0.0001
Time used = 7077.34113240242
Using /scratch/kriles_root/kriles0/damoncht/unet_dyn_fastnoise/data/500Hz/500Hz_H1L1_D0-35_256x128_7200s_4c_traindata_n1000_seed7_norm.npz
Loading pure noise ...
D=20, pdet=68.4%
Validation:
D=9, pdet=100.0%
D=12, pdet=87.0%
D=15, pdet=64.0%
D=18, pdet=53.0%
D=20, pdet=43.5%
D=22, pdet=36.5%
D=35, pdet=0.5%
the learning rate: 0.0001
Time used = 7100.441396474838
Using /scratch/kriles_root/kriles0/damoncht/unet_dyn_fastnoise/data/500Hz/500Hz_H1L1_D0-35_256x128_7200s_4c_traindata_n1000_seed8_norm.npz
Loading pure noise ...
D=20, pdet=74.1%
Validation:
D=9, pdet=100.0%
D=12, pdet=100.0%
D=15, pdet=93.5%
D=18, pdet=73.0%
D=20, pdet=61.5%
D=22, pdet=57.99999999999999%
D=35, pdet=20.0%
the learning rate: 0.0001
Time used = 7123.794642210007
Using /scratch/kriles_root/kriles0/damoncht/unet_dyn_fastnoise/data/500Hz/500Hz_H1L1_D0-35_256x128_7200s_4c_traindata_n1000_seed9_norm.npz
Loading pure noise ...
D=20, pdet=69.89999999999999%
Validation:
D=9, pdet=100.0%
D=12, pdet=100.0%
D=15, pdet=95.5%
D=18, pdet=76.5%
D=20, pdet=67.0%
D=22, pdet=59.0%
D=35, pdet=23.0%
Epoch 310/1000, Training Loss: 3.441e-04, Validation Loss: 2.332e+03
the learning rate: 0.0001
Time used = 7146.151417732239
Using /scratch/kriles_root/kriles0/damoncht/unet_dyn_fastnoise/data/500Hz/500Hz_H1L1_D0-35_256x128_7200s_4c_traindata_n1000_seed10_norm.npz
Loading pure noise ...
D=20, pdet=72.6%
Validation:
D=9, pdet=100.0%
D=12, pdet=100.0%
D=15, pdet=96.5%
D=18, pdet=79.0%
D=20, pdet=69.5%
D=22, pdet=60.5%
D=35, pdet=24.5%
the learning rate: 0.0001
Time used = 7168.80161690712
Using /scratch/kriles_root/kriles0/damoncht/unet_dyn_fastnoise/data/500Hz/500Hz_H1L1_D0-35_256x128_7200s_4c_traindata_n1000_seed11_norm.npz
Loading pure noise ...
D=20, pdet=74.1%
Validation:
D=9, pdet=100.0%
D=12, pdet=100.0%
D=15, pdet=97.0%
D=18, pdet=78.5%
D=20, pdet=67.5%
D=22, pdet=61.0%
D=35, pdet=24.0%
the learning rate: 0.0001
Time used = 7191.326728582382
Using /scratch/kriles_root/kriles0/damoncht/unet_dyn_fastnoise/data/500Hz/500Hz_H1L1_D0-35_256x128_7200s_4c_traindata_n1000_seed12_norm.npz
Loading pure noise ...
D=20, pdet=70.3%
Validation:
D=9, pdet=100.0%
D=12, pdet=100.0%
D=15, pdet=96.0%
D=18, pdet=79.5%
D=20, pdet=68.5%
D=22, pdet=63.0%
D=35, pdet=25.0%
Epoch 313/1000, Training Loss: 3.468e-04, Validation Loss: 2.331e+03
the learning rate: 0.0001
Time used = 7215.236670017242
Using /scratch/kriles_root/kriles0/damoncht/unet_dyn_fastnoise/data/500Hz/500Hz_H1L1_D0-35_256x128_7200s_4c_traindata_n1000_seed13_norm.npz
Loading pure noise ...
D=20, pdet=72.7%
Validation:
D=9, pdet=100.0%
D=12, pdet=100.0%
D=15, pdet=96.0%
D=18, pdet=78.5%
D=20, pdet=67.5%
D=22, pdet=61.0%
D=35, pdet=23.0%
the learning rate: 0.0001
Time used = 7237.699068069458
Using /scratch/kriles_root/kriles0/damoncht/unet_dyn_fastnoise/data/500Hz/500Hz_H1L1_D0-35_256x128_7200s_4c_traindata_n1000_seed14_norm.npz
Loading pure noise ...
D=20, pdet=72.0%
Validation:
D=9, pdet=100.0%
D=12, pdet=100.0%
D=15, pdet=95.5%
D=18, pdet=77.0%
D=20, pdet=66.0%
D=22, pdet=59.5%
D=35, pdet=22.5%
the learning rate: 0.0001
Time used = 7259.8213448524475
Using /scratch/kriles_root/kriles0/damoncht/unet_dyn_fastnoise/data/500Hz/500Hz_H1L1_D0-35_256x128_7200s_4c_traindata_n1000_seed15_norm.npz
Loading pure noise ...
D=20, pdet=72.1%
Validation:
D=9, pdet=100.0%
D=12, pdet=100.0%
D=15, pdet=95.5%
D=18, pdet=77.0%
D=20, pdet=66.5%
D=22, pdet=59.0%
D=35, pdet=21.5%
Epoch 316/1000, Training Loss: 3.411e-04, Validation Loss: 2.332e+03
the learning rate: 0.0001
Time used = 7281.938143253326
Using /scratch/kriles_root/kriles0/damoncht/unet_dyn_fastnoise/data/500Hz/500Hz_H1L1_D0-35_256x128_7200s_4c_traindata_n1000_seed16_norm.npz
Loading pure noise ...
D=20, pdet=71.7%
Validation:
D=9, pdet=91.5%
D=12, pdet=57.49999999999999%
D=15, pdet=39.0%
D=18, pdet=27.0%
D=20, pdet=12.5%
D=22, pdet=8.0%
D=35, pdet=0.0%
the learning rate: 0.0001
Time used = 7304.543063163757
Using /scratch/kriles_root/kriles0/damoncht/unet_dyn_fastnoise/data/500Hz/500Hz_H1L1_D0-35_256x128_7200s_4c_traindata_n1000_seed17_norm.npz
Loading pure noise ...
D=20, pdet=69.69999999999999%
Validation:
D=9, pdet=100.0%
D=12, pdet=100.0%
D=15, pdet=90.0%
D=18, pdet=72.5%
D=20, pdet=59.5%
D=22, pdet=55.00000000000001%
D=35, pdet=16.5%
the learning rate: 0.0001
Time used = 7326.789667606354
Using /scratch/kriles_root/kriles0/damoncht/unet_dyn_fastnoise/data/500Hz/500Hz_H1L1_D0-35_256x128_7200s_4c_traindata_n1000_seed18_norm.npz
Loading pure noise ...
D=20, pdet=74.5%
Validation:
D=9, pdet=95.0%
D=12, pdet=64.5%
D=15, pdet=46.0%
D=18, pdet=34.0%
D=20, pdet=21.5%
D=22, pdet=16.5%
D=35, pdet=0.0%
Epoch 319/1000, Training Loss: 3.452e-04, Validation Loss: 2.331e+03
the learning rate: 0.0001
Time used = 7349.455877065659
Using /scratch/kriles_root/kriles0/damoncht/unet_dyn_fastnoise/data/500Hz/500Hz_H1L1_D0-35_256x128_7200s_4c_traindata_n1000_seed19_norm.npz
Loading pure noise ...
D=20, pdet=73.4%
Validation:
D=9, pdet=100.0%
D=12, pdet=100.0%
D=15, pdet=95.5%
D=18, pdet=77.5%
D=20, pdet=67.5%
D=22, pdet=60.5%
D=35, pdet=23.0%
Replace best val model at epoch 319
the learning rate: 0.0001
Time used = 7373.371804237366
Using /scratch/kriles_root/kriles0/damoncht/unet_dyn_fastnoise/data/500Hz/500Hz_H1L1_D0-35_256x128_7200s_4c_traindata_n1000_seed20_norm.npz
Loading pure noise ...
D=20, pdet=73.2%
Validation:
D=9, pdet=100.0%
D=12, pdet=100.0%
D=15, pdet=93.5%
D=18, pdet=74.0%
D=20, pdet=63.0%
D=22, pdet=57.99999999999999%
D=35, pdet=20.0%
the learning rate: 0.0001
Time used = 7396.605272293091
Using /scratch/kriles_root/kriles0/damoncht/unet_dyn_fastnoise/data/500Hz/500Hz_H1L1_D0-35_256x128_7200s_4c_traindata_n1000_seed21_norm.npz
Loading pure noise ...
D=20, pdet=71.8%
Validation:
D=9, pdet=100.0%
D=12, pdet=100.0%
D=15, pdet=95.5%
D=18, pdet=78.0%
D=20, pdet=67.0%
D=22, pdet=59.5%
D=35, pdet=22.0%
Epoch 322/1000, Training Loss: 3.445e-04, Validation Loss: 2.332e+03
the learning rate: 0.0001
Time used = 7419.6222977638245
Using /scratch/kriles_root/kriles0/damoncht/unet_dyn_fastnoise/data/500Hz/500Hz_H1L1_D0-35_256x128_7200s_4c_traindata_n1000_seed22_norm.npz
Loading pure noise ...
D=20, pdet=69.39999999999999%
Validation:
D=9, pdet=100.0%
D=12, pdet=100.0%
D=15, pdet=86.5%
D=18, pdet=66.5%
D=20, pdet=56.99999999999999%
D=22, pdet=53.5%
D=35, pdet=15.0%
the learning rate: 0.0001
Time used = 7443.409793376923
Using /scratch/kriles_root/kriles0/damoncht/unet_dyn_fastnoise/data/500Hz/500Hz_H1L1_D0-35_256x128_7200s_4c_traindata_n1000_seed23_norm.npz
Loading pure noise ...
D=20, pdet=70.0%
Validation:
D=9, pdet=100.0%
D=12, pdet=100.0%
D=15, pdet=96.5%
D=18, pdet=80.0%
D=20, pdet=69.5%
D=22, pdet=63.0%
D=35, pdet=23.0%
the learning rate: 0.0001
Time used = 7466.452178239822
Using /scratch/kriles_root/kriles0/damoncht/unet_dyn_fastnoise/data/500Hz/500Hz_H1L1_D0-35_256x128_7200s_4c_traindata_n1000_seed24_norm.npz
Loading pure noise ...
D=20, pdet=67.30000000000001%
Validation:
D=9, pdet=100.0%
D=12, pdet=100.0%
D=15, pdet=96.5%
D=18, pdet=79.0%
D=20, pdet=69.0%
D=22, pdet=61.0%
D=35, pdet=22.5%
Epoch 325/1000, Training Loss: 3.412e-04, Validation Loss: 2.331e+03
the learning rate: 0.0001
Time used = 7488.726442813873
Using /scratch/kriles_root/kriles0/damoncht/unet_dyn_fastnoise/data/500Hz/500Hz_H1L1_D0-35_256x128_7200s_4c_traindata_n1000_seed25_norm.npz
Loading pure noise ...
D=20, pdet=73.4%
Validation:
D=9, pdet=100.0%
D=12, pdet=100.0%
D=15, pdet=95.5%
D=18, pdet=76.0%
D=20, pdet=67.0%
D=22, pdet=59.0%
D=35, pdet=22.0%
the learning rate: 0.0001
Time used = 7511.358029127121
Using /scratch/kriles_root/kriles0/damoncht/unet_dyn_fastnoise/data/500Hz/500Hz_H1L1_D0-35_256x128_7200s_4c_traindata_n1000_seed26_norm.npz
Loading pure noise ...
D=20, pdet=73.4%
Validation:
D=9, pdet=100.0%
D=12, pdet=100.0%
D=15, pdet=97.0%
D=18, pdet=81.5%
D=20, pdet=69.0%
D=22, pdet=63.0%
D=35, pdet=24.5%
the learning rate: 0.0001
Time used = 7535.54504609108
Using /scratch/kriles_root/kriles0/damoncht/unet_dyn_fastnoise/data/500Hz/500Hz_H1L1_D0-35_256x128_7200s_4c_traindata_n1000_seed27_norm.npz
Loading pure noise ...
D=20, pdet=67.2%
Validation:
D=9, pdet=90.0%
D=12, pdet=63.0%
D=15, pdet=45.0%
D=18, pdet=30.5%
D=20, pdet=19.0%
D=22, pdet=12.0%
D=35, pdet=0.5%
Epoch 328/1000, Training Loss: 3.456e-04, Validation Loss: 2.332e+03
the learning rate: 0.0001
Time used = 7558.538281440735
Using /scratch/kriles_root/kriles0/damoncht/unet_dyn_fastnoise/data/500Hz/500Hz_H1L1_D0-35_256x128_7200s_4c_traindata_n1000_seed28_norm.npz
Loading pure noise ...
D=20, pdet=73.2%
Validation:
D=9, pdet=94.5%
D=12, pdet=78.0%
D=15, pdet=57.99999999999999%
D=18, pdet=45.5%
D=20, pdet=37.5%
D=22, pdet=28.499999999999996%
D=35, pdet=1.0%
the learning rate: 0.0001
Time used = 7581.232054710388
Using /scratch/kriles_root/kriles0/damoncht/unet_dyn_fastnoise/data/500Hz/500Hz_H1L1_D0-35_256x128_7200s_4c_traindata_n1000_seed29_norm.npz
Loading pure noise ...
D=20, pdet=68.60000000000001%
Validation:
D=9, pdet=99.0%
D=12, pdet=85.5%
D=15, pdet=62.5%
D=18, pdet=51.5%
D=20, pdet=42.0%
D=22, pdet=36.0%
D=35, pdet=1.0%
the learning rate: 0.0001
Time used = 7603.398319721222
Using /scratch/kriles_root/kriles0/damoncht/unet_dyn_fastnoise/data/500Hz/500Hz_H1L1_D0-35_256x128_7200s_4c_traindata_n1000_seed30_norm.npz
Loading pure noise ...
D=20, pdet=69.69999999999999%
Validation:
D=9, pdet=100.0%
D=12, pdet=100.0%
D=15, pdet=95.5%
D=18, pdet=78.0%
D=20, pdet=66.5%
D=22, pdet=59.5%
D=35, pdet=22.0%
Epoch 331/1000, Training Loss: 3.369e-04, Validation Loss: 2.331e+03
the learning rate: 0.0001
Time used = 7625.509073972702
Using /scratch/kriles_root/kriles0/damoncht/unet_dyn_fastnoise/data/500Hz/500Hz_H1L1_D0-35_256x128_7200s_4c_traindata_n1000_seed31_norm.npz
Loading pure noise ...
D=20, pdet=75.5%
Validation:
D=9, pdet=100.0%
D=12, pdet=100.0%
D=15, pdet=95.5%
D=18, pdet=77.5%
D=20, pdet=66.5%
D=22, pdet=60.0%
D=35, pdet=22.0%
the learning rate: 0.0001
Time used = 7648.014655351639
Using /scratch/kriles_root/kriles0/damoncht/unet_dyn_fastnoise/data/500Hz/500Hz_H1L1_D0-35_256x128_7200s_4c_traindata_n1000_seed32_norm.npz
Loading pure noise ...
D=20, pdet=69.19999999999999%
Validation:
D=9, pdet=87.0%
D=12, pdet=54.50000000000001%
D=15, pdet=35.5%
D=18, pdet=21.0%
D=20, pdet=11.0%
D=22, pdet=6.5%
D=35, pdet=0.0%
the learning rate: 0.0001
Time used = 7671.248204946518
Using /scratch/kriles_root/kriles0/damoncht/unet_dyn_fastnoise/data/500Hz/500Hz_H1L1_D0-35_256x128_7200s_4c_traindata_n1000_seed33_norm.npz
Loading pure noise ...
D=20, pdet=72.0%
Validation:
D=9, pdet=88.5%
D=12, pdet=57.99999999999999%
D=15, pdet=38.0%
D=18, pdet=24.0%
D=20, pdet=12.5%
D=22, pdet=7.000000000000001%
D=35, pdet=0.0%
Epoch 334/1000, Training Loss: 3.437e-04, Validation Loss: 2.332e+03
the learning rate: 0.0001
Time used = 7694.2906630039215
Using /scratch/kriles_root/kriles0/damoncht/unet_dyn_fastnoise/data/500Hz/500Hz_H1L1_D0-35_256x128_7200s_4c_traindata_n1000_seed34_norm.npz
Loading pure noise ...
D=20, pdet=72.5%
Validation:
D=9, pdet=98.5%
D=12, pdet=71.5%
D=15, pdet=55.00000000000001%
D=18, pdet=42.0%
D=20, pdet=34.0%
D=22, pdet=27.0%
D=35, pdet=0.5%
the learning rate: 0.0001
Time used = 7718.028143167496
Using /scratch/kriles_root/kriles0/damoncht/unet_dyn_fastnoise/data/500Hz/500Hz_H1L1_D0-35_256x128_7200s_4c_traindata_n1000_seed35_norm.npz
Loading pure noise ...
D=20, pdet=74.3%
Validation:
D=9, pdet=100.0%
D=12, pdet=100.0%
D=15, pdet=97.0%
D=18, pdet=80.5%
D=20, pdet=68.5%
D=22, pdet=63.0%
D=35, pdet=23.0%
Replace best val model at epoch 335
the learning rate: 0.0001
Time used = 7742.688999176025
Using /scratch/kriles_root/kriles0/damoncht/unet_dyn_fastnoise/data/500Hz/500Hz_H1L1_D0-35_256x128_7200s_4c_traindata_n1000_seed36_norm.npz
Loading pure noise ...
D=20, pdet=73.8%
Validation:
D=9, pdet=100.0%
D=12, pdet=98.0%
D=15, pdet=82.0%
D=18, pdet=65.5%
D=20, pdet=55.50000000000001%
D=22, pdet=49.5%
D=35, pdet=10.5%
Epoch 337/1000, Training Loss: 3.390e-04, Validation Loss: 2.332e+03
the learning rate: 0.0001
Time used = 7765.226740598679
Using /scratch/kriles_root/kriles0/damoncht/unet_dyn_fastnoise/data/500Hz/500Hz_H1L1_D0-35_256x128_7200s_4c_traindata_n1000_seed37_norm.npz
Loading pure noise ...
D=20, pdet=70.19999999999999%
Validation:
D=9, pdet=100.0%
D=12, pdet=99.5%
D=15, pdet=89.0%
D=18, pdet=70.0%
D=20, pdet=57.49999999999999%
D=22, pdet=54.0%
D=35, pdet=13.5%
the learning rate: 0.0001
Time used = 7787.56437754631
Using /scratch/kriles_root/kriles0/damoncht/unet_dyn_fastnoise/data/500Hz/500Hz_H1L1_D0-35_256x128_7200s_4c_traindata_n1000_seed38_norm.npz
Loading pure noise ...
D=20, pdet=69.69999999999999%
Validation:
D=9, pdet=100.0%
D=12, pdet=94.5%
D=15, pdet=71.0%
D=18, pdet=59.0%
D=20, pdet=49.0%
D=22, pdet=42.0%
D=35, pdet=3.5000000000000004%
the learning rate: 0.0001
Time used = 7809.731108427048
Using /scratch/kriles_root/kriles0/damoncht/unet_dyn_fastnoise/data/500Hz/500Hz_H1L1_D0-35_256x128_7200s_4c_traindata_n1000_seed39_norm.npz
Loading pure noise ...
D=20, pdet=72.6%
Validation:
D=9, pdet=100.0%
D=12, pdet=99.5%
D=15, pdet=88.0%
D=18, pdet=71.0%
D=20, pdet=59.0%
D=22, pdet=53.5%
D=35, pdet=16.0%
Epoch 340/1000, Training Loss: 3.435e-04, Validation Loss: 2.331e+03
the learning rate: 0.0001
Time used = 7832.209119081497
Using /scratch/kriles_root/kriles0/damoncht/unet_dyn_fastnoise/data/500Hz/500Hz_H1L1_D0-35_256x128_7200s_4c_traindata_n1000_seed40_norm.npz
Loading pure noise ...
D=20, pdet=69.1%
Validation:
D=9, pdet=100.0%
D=12, pdet=99.5%
D=15, pdet=95.0%
D=18, pdet=75.0%
D=20, pdet=64.5%
D=22, pdet=57.49999999999999%
D=35, pdet=21.0%
the learning rate: 0.0001
Time used = 7854.490131378174
Using /scratch/kriles_root/kriles0/damoncht/unet_dyn_fastnoise/data/500Hz/500Hz_H1L1_D0-35_256x128_7200s_4c_traindata_n1000_seed41_norm.npz
Loading pure noise ...
D=20, pdet=70.7%
Validation:
D=9, pdet=100.0%
D=12, pdet=99.5%
D=15, pdet=91.0%
D=18, pdet=71.5%
D=20, pdet=57.49999999999999%
D=22, pdet=55.00000000000001%
D=35, pdet=17.0%
Replace best val model at epoch 341
the learning rate: 0.0001
Time used = 7876.710739374161
Using /scratch/kriles_root/kriles0/damoncht/unet_dyn_fastnoise/data/500Hz/500Hz_H1L1_D0-35_256x128_7200s_4c_traindata_n1000_seed42_norm.npz
Loading pure noise ...
D=20, pdet=73.0%
Validation:
D=9, pdet=100.0%
D=12, pdet=100.0%
D=15, pdet=93.0%
D=18, pdet=72.5%
D=20, pdet=63.0%
D=22, pdet=56.49999999999999%
D=35, pdet=19.0%
Epoch 343/1000, Training Loss: 3.438e-04, Validation Loss: 2.331e+03
the learning rate: 0.0001
Time used = 7899.125611543655
Using /scratch/kriles_root/kriles0/damoncht/unet_dyn_fastnoise/data/500Hz/500Hz_H1L1_D0-35_256x128_7200s_4c_traindata_n1000_seed43_norm.npz
Loading pure noise ...
D=20, pdet=71.3%
Validation:
D=9, pdet=100.0%
D=12, pdet=84.0%
D=15, pdet=60.0%
D=18, pdet=50.0%
D=20, pdet=40.5%
D=22, pdet=32.0%
D=35, pdet=0.5%
the learning rate: 0.0001
Time used = 7921.818807840347
Using /scratch/kriles_root/kriles0/damoncht/unet_dyn_fastnoise/data/500Hz/500Hz_H1L1_D0-35_256x128_7200s_4c_traindata_n1000_seed44_norm.npz
Loading pure noise ...
D=20, pdet=72.8%
Validation:
D=9, pdet=88.0%
D=12, pdet=57.49999999999999%
D=15, pdet=37.5%
D=18, pdet=22.5%
D=20, pdet=12.5%
D=22, pdet=7.000000000000001%
D=35, pdet=0.0%
the learning rate: 0.0001
Time used = 7944.350009679794
Using /scratch/kriles_root/kriles0/damoncht/unet_dyn_fastnoise/data/500Hz/500Hz_H1L1_D0-35_256x128_7200s_4c_traindata_n1000_seed45_norm.npz
Loading pure noise ...
D=20, pdet=70.5%
Validation:
D=9, pdet=100.0%
D=12, pdet=91.0%
D=15, pdet=68.0%
D=18, pdet=56.49999999999999%
D=20, pdet=47.5%
D=22, pdet=40.5%
D=35, pdet=2.0%
Epoch 346/1000, Training Loss: 3.369e-04, Validation Loss: 2.331e+03
the learning rate: 0.0001
Time used = 7966.83779335022
Using /scratch/kriles_root/kriles0/damoncht/unet_dyn_fastnoise/data/500Hz/500Hz_H1L1_D0-35_256x128_7200s_4c_traindata_n1000_seed46_norm.npz
Loading pure noise ...
D=20, pdet=70.6%
Validation:
D=9, pdet=87.0%
D=12, pdet=54.0%
D=15, pdet=34.5%
D=18, pdet=21.0%
D=20, pdet=10.5%
D=22, pdet=6.5%
D=35, pdet=0.0%
the learning rate: 0.0001
Time used = 7989.703087091446
Using /scratch/kriles_root/kriles0/damoncht/unet_dyn_fastnoise/data/500Hz/500Hz_H1L1_D0-35_256x128_7200s_4c_traindata_n1000_seed47_norm.npz
Loading pure noise ...
D=20, pdet=74.0%
Validation:
D=9, pdet=94.5%
D=12, pdet=66.0%
D=15, pdet=49.0%
D=18, pdet=36.0%
D=20, pdet=22.5%
D=22, pdet=18.5%
D=35, pdet=0.5%
the learning rate: 0.0001
Time used = 8013.621859550476
Using /scratch/kriles_root/kriles0/damoncht/unet_dyn_fastnoise/data/500Hz/500Hz_H1L1_D0-35_256x128_7200s_4c_traindata_n1000_seed48_norm.npz
Loading pure noise ...
D=20, pdet=76.2%
Validation:
D=9, pdet=100.0%
D=12, pdet=100.0%
D=15, pdet=95.0%
D=18, pdet=78.5%
D=20, pdet=66.5%
D=22, pdet=61.0%
D=35, pdet=22.0%
Epoch 349/1000, Training Loss: 3.298e-04, Validation Loss: 2.331e+03
the learning rate: 0.0001
Time used = 8039.40611743927
Using /scratch/kriles_root/kriles0/damoncht/unet_dyn_fastnoise/data/500Hz/500Hz_H1L1_D0-35_256x128_7200s_4c_traindata_n1000_seed49_norm.npz
Loading pure noise ...
D=20, pdet=72.39999999999999%
Validation:
D=9, pdet=84.0%
D=12, pdet=49.0%
D=15, pdet=30.0%
D=18, pdet=18.0%
D=20, pdet=7.5%
D=22, pdet=5.5%
D=35, pdet=0.0%
the learning rate: 0.0001
Time used = 8062.199466228485
Using /scratch/kriles_root/kriles0/damoncht/unet_dyn_fastnoise/data/500Hz/500Hz_H1L1_D0-35_256x128_7200s_4c_traindata_n1000_seed50_norm.npz
Loading pure noise ...
D=20, pdet=71.8%
Validation:
D=9, pdet=87.5%
D=12, pdet=55.50000000000001%
D=15, pdet=37.0%
D=18, pdet=23.5%
D=20, pdet=10.5%
D=22, pdet=9.0%
D=35, pdet=0.0%
the learning rate: 0.0001
Time used = 8084.657558917999
Using /scratch/kriles_root/kriles0/damoncht/unet_dyn_fastnoise/data/500Hz/500Hz_H1L1_D0-35_256x128_7200s_4c_traindata_n1000_seed51_norm.npz
Loading pure noise ...
D=20, pdet=76.5%
Validation:
D=9, pdet=100.0%
D=12, pdet=100.0%
D=15, pdet=95.0%
D=18, pdet=79.0%
D=20, pdet=69.0%
D=22, pdet=62.0%
D=35, pdet=22.0%
Epoch 352/1000, Training Loss: 3.351e-04, Validation Loss: 2.331e+03
the learning rate: 0.0001
Time used = 8107.031187534332
Using /scratch/kriles_root/kriles0/damoncht/unet_dyn_fastnoise/data/500Hz/500Hz_H1L1_D0-35_256x128_7200s_4c_traindata_n1000_seed52_norm.npz
Loading pure noise ...
D=20, pdet=69.19999999999999%
Validation:
D=9, pdet=100.0%
D=12, pdet=100.0%
D=15, pdet=89.5%
D=18, pdet=70.0%
D=20, pdet=56.00000000000001%
D=22, pdet=54.0%
D=35, pdet=14.499999999999998%
the learning rate: 0.0001
Time used = 8129.470212459564
Using /scratch/kriles_root/kriles0/damoncht/unet_dyn_fastnoise/data/500Hz/500Hz_H1L1_D0-35_256x128_7200s_4c_traindata_n1000_seed53_norm.npz
Loading pure noise ...
D=20, pdet=72.8%
Validation:
D=9, pdet=94.0%
D=12, pdet=64.5%
D=15, pdet=46.5%
D=18, pdet=32.5%
D=20, pdet=20.0%
D=22, pdet=16.5%
D=35, pdet=0.0%
the learning rate: 0.0001
Time used = 8151.7170441150665
Using /scratch/kriles_root/kriles0/damoncht/unet_dyn_fastnoise/data/500Hz/500Hz_H1L1_D0-35_256x128_7200s_4c_traindata_n1000_seed54_norm.npz
Loading pure noise ...
D=20, pdet=68.30000000000001%
Validation:
D=9, pdet=100.0%
D=12, pdet=81.5%
D=15, pdet=61.5%
D=18, pdet=52.0%
D=20, pdet=40.0%
D=22, pdet=35.0%
D=35, pdet=1.0%
Epoch 355/1000, Training Loss: 3.370e-04, Validation Loss: 2.331e+03
the learning rate: 0.0001
Time used = 8173.992193698883
Using /scratch/kriles_root/kriles0/damoncht/unet_dyn_fastnoise/data/500Hz/500Hz_H1L1_D0-35_256x128_7200s_4c_traindata_n1000_seed55_norm.npz
Loading pure noise ...
D=20, pdet=71.8%
Validation:
D=9, pdet=100.0%
D=12, pdet=92.0%
D=15, pdet=70.0%
D=18, pdet=56.99999999999999%
D=20, pdet=48.0%
D=22, pdet=42.0%
D=35, pdet=2.5%
the learning rate: 0.0001
Time used = 8196.392285346985
Using /scratch/kriles_root/kriles0/damoncht/unet_dyn_fastnoise/data/500Hz/500Hz_H1L1_D0-35_256x128_7200s_4c_traindata_n1000_seed56_norm.npz
Loading pure noise ...
D=20, pdet=71.0%
Validation:
D=9, pdet=96.5%
D=12, pdet=69.0%
D=15, pdet=49.5%
D=18, pdet=37.0%
D=20, pdet=27.0%
D=22, pdet=21.5%
D=35, pdet=0.0%
the learning rate: 0.0001
Time used = 8218.59790468216
Using /scratch/kriles_root/kriles0/damoncht/unet_dyn_fastnoise/data/500Hz/500Hz_H1L1_D0-35_256x128_7200s_4c_traindata_n1000_seed57_norm.npz
Loading pure noise ...
D=20, pdet=72.8%
Validation:
D=9, pdet=83.0%
D=12, pdet=51.0%
D=15, pdet=31.0%
D=18, pdet=19.0%
D=20, pdet=8.5%
D=22, pdet=5.5%
D=35, pdet=0.0%
Epoch 358/1000, Training Loss: 3.412e-04, Validation Loss: 2.331e+03
the learning rate: 0.0001
Time used = 8240.723539113998
Using /scratch/kriles_root/kriles0/damoncht/unet_dyn_fastnoise/data/500Hz/500Hz_H1L1_D0-35_256x128_7200s_4c_traindata_n1000_seed58_norm.npz
Loading pure noise ...
D=20, pdet=69.69999999999999%
Validation:
D=9, pdet=100.0%
D=12, pdet=100.0%
D=15, pdet=85.0%
D=18, pdet=67.5%
D=20, pdet=55.00000000000001%
D=22, pdet=51.5%
D=35, pdet=11.5%
the learning rate: 0.0001
Time used = 8263.748287916183
Using /scratch/kriles_root/kriles0/damoncht/unet_dyn_fastnoise/data/500Hz/500Hz_H1L1_D0-35_256x128_7200s_4c_traindata_n1000_seed59_norm.npz
Loading pure noise ...
D=20, pdet=71.5%
Validation:
D=9, pdet=100.0%
D=12, pdet=97.0%
D=15, pdet=73.0%
D=18, pdet=60.0%
D=20, pdet=50.0%
D=22, pdet=47.0%
D=35, pdet=4.0%
the learning rate: 0.0001
Time used = 8286.77225971222
Using /scratch/kriles_root/kriles0/damoncht/unet_dyn_fastnoise/data/500Hz/500Hz_H1L1_D0-35_256x128_7200s_4c_traindata_n1000_seed60_norm.npz
Loading pure noise ...
D=20, pdet=20.3%
Validation:
D=9, pdet=83.5%
D=12, pdet=50.0%
D=15, pdet=30.5%
D=18, pdet=20.5%
D=20, pdet=7.000000000000001%
D=22, pdet=10.0%
D=35, pdet=0.5%
Epoch 361/1000, Training Loss: 3.326e-04, Validation Loss: 2.332e+03
the learning rate: 0.0001
Time used = 8309.355258703232
Using /scratch/kriles_root/kriles0/damoncht/unet_dyn_fastnoise/data/500Hz/500Hz_H1L1_D0-35_256x128_7200s_4c_traindata_n1000_seed61_norm.npz
Loading pure noise ...
D=20, pdet=61.5%
Validation:
D=9, pdet=100.0%
D=12, pdet=100.0%
D=15, pdet=96.5%
D=18, pdet=79.0%
D=20, pdet=69.5%
D=22, pdet=59.0%
D=35, pdet=24.5%
the learning rate: 0.0001
Time used = 8335.475122213364
Using /scratch/kriles_root/kriles0/damoncht/unet_dyn_fastnoise/data/500Hz/500Hz_H1L1_D0-35_256x128_7200s_4c_traindata_n1000_seed62_norm.npz
Loading pure noise ...
D=20, pdet=73.5%
Validation:
D=9, pdet=100.0%
D=12, pdet=100.0%
D=15, pdet=95.5%
D=18, pdet=77.5%
D=20, pdet=70.5%
D=22, pdet=59.0%
D=35, pdet=23.0%
the learning rate: 0.0001
Time used = 8358.132874250412
Using /scratch/kriles_root/kriles0/damoncht/unet_dyn_fastnoise/data/500Hz/500Hz_H1L1_D0-35_256x128_7200s_4c_traindata_n1000_seed63_norm.npz
Loading pure noise ...
D=20, pdet=72.39999999999999%
Validation:
D=9, pdet=100.0%
D=12, pdet=100.0%
D=15, pdet=97.0%
D=18, pdet=80.5%
D=20, pdet=71.0%
D=22, pdet=62.5%
D=35, pdet=24.5%
Epoch 364/1000, Training Loss: 3.371e-04, Validation Loss: 2.331e+03
the learning rate: 0.0001
Time used = 8380.176711320877
Using /scratch/kriles_root/kriles0/damoncht/unet_dyn_fastnoise/data/500Hz/500Hz_H1L1_D0-35_256x128_7200s_4c_traindata_n1000_seed64_norm.npz
Loading pure noise ...
D=20, pdet=71.7%
Validation:
D=9, pdet=100.0%
D=12, pdet=100.0%
D=15, pdet=97.5%
D=18, pdet=81.0%
D=20, pdet=72.0%
D=22, pdet=63.5%
D=35, pdet=26.5%
the learning rate: 0.0001
Time used = 8402.66833949089
Using /scratch/kriles_root/kriles0/damoncht/unet_dyn_fastnoise/data/500Hz/500Hz_H1L1_D0-35_256x128_7200s_4c_traindata_n1000_seed65_norm.npz
Loading pure noise ...
D=20, pdet=70.89999999999999%
Validation:
D=9, pdet=100.0%
D=12, pdet=100.0%
D=15, pdet=94.5%
D=18, pdet=77.0%
D=20, pdet=66.0%
D=22, pdet=58.5%
D=35, pdet=22.0%
the learning rate: 0.0001
Time used = 8425.069263458252
Using /scratch/kriles_root/kriles0/damoncht/unet_dyn_fastnoise/data/500Hz/500Hz_H1L1_D0-35_256x128_7200s_4c_traindata_n1000_seed66_norm.npz
Loading pure noise ...
D=20, pdet=74.3%
Validation:
D=9, pdet=100.0%
D=12, pdet=100.0%
D=15, pdet=93.0%
D=18, pdet=76.0%
D=20, pdet=66.0%
D=22, pdet=57.49999999999999%
D=35, pdet=21.5%
Epoch 367/1000, Training Loss: 3.339e-04, Validation Loss: 2.331e+03
the learning rate: 0.0001
Time used = 8447.471219301224
Using /scratch/kriles_root/kriles0/damoncht/unet_dyn_fastnoise/data/500Hz/500Hz_H1L1_D0-35_256x128_7200s_4c_traindata_n1000_seed67_norm.npz
Loading pure noise ...
D=20, pdet=69.1%
Validation:
D=9, pdet=100.0%
D=12, pdet=100.0%
D=15, pdet=96.0%
D=18, pdet=79.5%
D=20, pdet=68.0%
D=22, pdet=60.5%
D=35, pdet=23.0%
the learning rate: 0.0001
Time used = 8470.271226882935
Using /scratch/kriles_root/kriles0/damoncht/unet_dyn_fastnoise/data/500Hz/500Hz_H1L1_D0-35_256x128_7200s_4c_traindata_n1000_seed68_norm.npz
Loading pure noise ...
D=20, pdet=74.2%
Validation:
D=9, pdet=100.0%
D=12, pdet=100.0%
D=15, pdet=95.5%
D=18, pdet=78.5%
D=20, pdet=68.5%
D=22, pdet=58.5%
D=35, pdet=22.5%
the learning rate: 0.0001
Time used = 8493.131396055222
Using /scratch/kriles_root/kriles0/damoncht/unet_dyn_fastnoise/data/500Hz/500Hz_H1L1_D0-35_256x128_7200s_4c_traindata_n1000_seed69_norm.npz
Loading pure noise ...
D=20, pdet=75.9%
Validation:
D=9, pdet=100.0%
D=12, pdet=100.0%
D=15, pdet=96.0%
D=18, pdet=77.5%
D=20, pdet=66.0%
D=22, pdet=59.5%
D=35, pdet=22.5%
Epoch 370/1000, Training Loss: 3.317e-04, Validation Loss: 2.331e+03
the learning rate: 0.0001
Time used = 8515.803152561188
Using /scratch/kriles_root/kriles0/damoncht/unet_dyn_fastnoise/data/500Hz/500Hz_H1L1_D0-35_256x128_7200s_4c_traindata_n1000_seed70_norm.npz
Loading pure noise ...
D=20, pdet=73.0%
Validation:
D=9, pdet=100.0%
D=12, pdet=100.0%
D=15, pdet=97.0%
D=18, pdet=79.5%
D=20, pdet=69.5%
D=22, pdet=60.5%
D=35, pdet=24.5%
the learning rate: 0.0001
Time used = 8540.51528096199
Using /scratch/kriles_root/kriles0/damoncht/unet_dyn_fastnoise/data/500Hz/500Hz_H1L1_D0-35_256x128_7200s_4c_traindata_n1000_seed71_norm.npz
Loading pure noise ...
D=20, pdet=73.2%
Validation:
D=9, pdet=100.0%
D=12, pdet=100.0%
D=15, pdet=97.0%
D=18, pdet=80.5%
D=20, pdet=69.5%
D=22, pdet=62.5%
D=35, pdet=23.5%
the learning rate: 0.0001
Time used = 8562.822710990906
Using /scratch/kriles_root/kriles0/damoncht/unet_dyn_fastnoise/data/500Hz/500Hz_H1L1_D0-35_256x128_7200s_4c_traindata_n1000_seed72_norm.npz
Loading pure noise ...
D=20, pdet=73.8%
Validation:
D=9, pdet=100.0%
D=12, pdet=100.0%
D=15, pdet=96.0%
D=18, pdet=78.0%
D=20, pdet=66.0%
D=22, pdet=60.0%
D=35, pdet=22.0%
Epoch 373/1000, Training Loss: 3.395e-04, Validation Loss: 2.332e+03
the learning rate: 0.0001
Time used = 8584.999266386032
Using /scratch/kriles_root/kriles0/damoncht/unet_dyn_fastnoise/data/500Hz/500Hz_H1L1_D0-35_256x128_7200s_4c_traindata_n1000_seed73_norm.npz
Loading pure noise ...
D=20, pdet=74.8%
Validation:
D=9, pdet=100.0%
D=12, pdet=100.0%
D=15, pdet=95.5%
D=18, pdet=77.5%
D=20, pdet=67.0%
D=22, pdet=59.5%
D=35, pdet=23.0%
the learning rate: 0.0001
Time used = 8610.189805746078
Using /scratch/kriles_root/kriles0/damoncht/unet_dyn_fastnoise/data/500Hz/500Hz_H1L1_D0-35_256x128_7200s_4c_traindata_n1000_seed74_norm.npz
Loading pure noise ...
D=20, pdet=74.1%
Validation:
D=9, pdet=100.0%
D=12, pdet=100.0%
D=15, pdet=93.5%
D=18, pdet=73.0%
D=20, pdet=62.5%
D=22, pdet=56.99999999999999%
D=35, pdet=18.5%
the learning rate: 0.0001
Time used = 8637.695808649063
Using /scratch/kriles_root/kriles0/damoncht/unet_dyn_fastnoise/data/500Hz/500Hz_H1L1_D0-35_256x128_7200s_4c_traindata_n1000_seed75_norm.npz
Loading pure noise ...
D=20, pdet=73.1%
Validation:
D=9, pdet=100.0%
D=12, pdet=100.0%
D=15, pdet=96.5%
D=18, pdet=78.0%
D=20, pdet=69.0%
D=22, pdet=60.0%
D=35, pdet=23.0%
Epoch 376/1000, Training Loss: 3.369e-04, Validation Loss: 2.332e+03
the learning rate: 0.0001
Time used = 8660.004009723663
Using /scratch/kriles_root/kriles0/damoncht/unet_dyn_fastnoise/data/500Hz/500Hz_H1L1_D0-35_256x128_7200s_4c_traindata_n1000_seed76_norm.npz
Loading pure noise ...
D=20, pdet=73.5%
Validation:
D=9, pdet=100.0%
D=12, pdet=100.0%
D=15, pdet=93.0%
D=18, pdet=74.5%
D=20, pdet=61.0%
D=22, pdet=57.49999999999999%
D=35, pdet=19.0%
the learning rate: 0.0001
Time used = 8682.280461549759
Using /scratch/kriles_root/kriles0/damoncht/unet_dyn_fastnoise/data/500Hz/500Hz_H1L1_D0-35_256x128_7200s_4c_traindata_n1000_seed77_norm.npz
Loading pure noise ...
D=20, pdet=70.6%
Validation:
D=9, pdet=100.0%
D=12, pdet=100.0%
D=15, pdet=92.5%
D=18, pdet=72.5%
D=20, pdet=61.5%
D=22, pdet=56.99999999999999%
D=35, pdet=19.0%
the learning rate: 0.0001
Time used = 8704.45726943016
Using /scratch/kriles_root/kriles0/damoncht/unet_dyn_fastnoise/data/500Hz/500Hz_H1L1_D0-35_256x128_7200s_4c_traindata_n1000_seed78_norm.npz
Loading pure noise ...
D=20, pdet=73.4%
Validation:
D=9, pdet=100.0%
D=12, pdet=100.0%
D=15, pdet=87.0%
D=18, pdet=69.0%
D=20, pdet=57.49999999999999%
D=22, pdet=52.5%
D=35, pdet=13.0%
Epoch 379/1000, Training Loss: 3.291e-04, Validation Loss: 2.332e+03
the learning rate: 0.0001
Time used = 8726.581046104431
Using /scratch/kriles_root/kriles0/damoncht/unet_dyn_fastnoise/data/500Hz/500Hz_H1L1_D0-35_256x128_7200s_4c_traindata_n1000_seed79_norm.npz
Loading pure noise ...
D=20, pdet=72.7%
Validation:
D=9, pdet=100.0%
D=12, pdet=100.0%
D=15, pdet=97.5%
D=18, pdet=80.0%
D=20, pdet=69.5%
D=22, pdet=61.0%
D=35, pdet=24.0%
Replace best val model at epoch 379
the learning rate: 0.0001
Time used = 8748.920487642288
Using /scratch/kriles_root/kriles0/damoncht/unet_dyn_fastnoise/data/500Hz/500Hz_H1L1_D0-35_256x128_7200s_4c_traindata_n1000_seed80_norm.npz
Loading pure noise ...
D=20, pdet=72.2%
Validation:
D=9, pdet=100.0%
D=12, pdet=100.0%
D=15, pdet=97.0%
D=18, pdet=78.5%
D=20, pdet=69.5%
D=22, pdet=59.5%
D=35, pdet=23.5%
the learning rate: 0.0001
Time used = 8771.599441051483
Using /scratch/kriles_root/kriles0/damoncht/unet_dyn_fastnoise/data/500Hz/500Hz_H1L1_D0-35_256x128_7200s_4c_traindata_n1000_seed81_norm.npz
Loading pure noise ...
D=20, pdet=75.0%
Validation:
D=9, pdet=100.0%
D=12, pdet=100.0%
D=15, pdet=96.0%
D=18, pdet=78.5%
D=20, pdet=70.0%
D=22, pdet=59.5%
D=35, pdet=23.5%
Epoch 382/1000, Training Loss: 3.338e-04, Validation Loss: 2.331e+03
the learning rate: 0.0001
Time used = 8793.881110429764
Using /scratch/kriles_root/kriles0/damoncht/unet_dyn_fastnoise/data/500Hz/500Hz_H1L1_D0-35_256x128_7200s_4c_traindata_n1000_seed82_norm.npz
Loading pure noise ...
D=20, pdet=74.2%
Validation:
D=9, pdet=100.0%
D=12, pdet=100.0%
D=15, pdet=93.5%
D=18, pdet=76.0%
D=20, pdet=65.0%
D=22, pdet=57.49999999999999%
D=35, pdet=20.5%
the learning rate: 0.0001
Time used = 8816.229998111725
Using /scratch/kriles_root/kriles0/damoncht/unet_dyn_fastnoise/data/500Hz/500Hz_H1L1_D0-35_256x128_7200s_4c_traindata_n1000_seed83_norm.npz
Loading pure noise ...
D=20, pdet=72.5%
Validation:
D=9, pdet=100.0%
D=12, pdet=100.0%
D=15, pdet=97.0%
D=18, pdet=79.0%
D=20, pdet=70.0%
D=22, pdet=60.0%
D=35, pdet=24.0%
the learning rate: 0.0001
Time used = 8838.865465164185
Using /scratch/kriles_root/kriles0/damoncht/unet_dyn_fastnoise/data/500Hz/500Hz_H1L1_D0-35_256x128_7200s_4c_traindata_n1000_seed84_norm.npz
Loading pure noise ...
D=20, pdet=73.0%
Validation:
D=9, pdet=100.0%
D=12, pdet=100.0%
D=15, pdet=97.5%
D=18, pdet=81.0%
D=20, pdet=71.5%
D=22, pdet=61.5%
D=35, pdet=24.5%
Epoch 385/1000, Training Loss: 3.334e-04, Validation Loss: 2.331e+03
the learning rate: 0.0001
Time used = 8861.135626792908
Using /scratch/kriles_root/kriles0/damoncht/unet_dyn_fastnoise/data/500Hz/500Hz_H1L1_D0-35_256x128_7200s_4c_traindata_n1000_seed85_norm.npz
Loading pure noise ...
D=20, pdet=71.2%
Validation:
D=9, pdet=100.0%
D=12, pdet=100.0%
D=15, pdet=96.5%
D=18, pdet=78.5%
D=20, pdet=69.5%
D=22, pdet=59.0%
D=35, pdet=22.5%
the learning rate: 5e-05
Time used = 8883.585713624954
Using /scratch/kriles_root/kriles0/damoncht/unet_dyn_fastnoise/data/500Hz/500Hz_H1L1_D0-35_256x128_7200s_4c_traindata_n1000_seed86_norm.npz
Loading pure noise ...
D=20, pdet=75.5%
Validation:
D=9, pdet=100.0%
D=12, pdet=100.0%
D=15, pdet=97.0%
D=18, pdet=80.0%
D=20, pdet=70.5%
D=22, pdet=60.5%
D=35, pdet=23.0%
Replace best val model at epoch 386
the learning rate: 5e-05
Time used = 8906.361518383026
Using /scratch/kriles_root/kriles0/damoncht/unet_dyn_fastnoise/data/500Hz/500Hz_H1L1_D0-35_256x128_7200s_4c_traindata_n1000_seed87_norm.npz
Loading pure noise ...
D=20, pdet=72.5%
Validation:
D=9, pdet=100.0%
D=12, pdet=100.0%
D=15, pdet=92.5%
D=18, pdet=73.5%
D=20, pdet=62.0%
D=22, pdet=56.00000000000001%
D=35, pdet=19.5%
Epoch 388/1000, Training Loss: 3.372e-04, Validation Loss: 2.331e+03
the learning rate: 5e-05
Time used = 8928.607427597046
Using /scratch/kriles_root/kriles0/damoncht/unet_dyn_fastnoise/data/500Hz/500Hz_H1L1_D0-35_256x128_7200s_4c_traindata_n1000_seed88_norm.npz
Loading pure noise ...
D=20, pdet=74.2%
Validation:
D=9, pdet=100.0%
D=12, pdet=93.0%
D=15, pdet=71.0%
D=18, pdet=57.99999999999999%
D=20, pdet=48.0%
D=22, pdet=42.0%
D=35, pdet=2.5%
the learning rate: 5e-05
Time used = 8951.163579940796
Using /scratch/kriles_root/kriles0/damoncht/unet_dyn_fastnoise/data/500Hz/500Hz_H1L1_D0-35_256x128_7200s_4c_traindata_n1000_seed89_norm.npz
Loading pure noise ...
D=20, pdet=72.1%
Validation:
D=9, pdet=100.0%
D=12, pdet=100.0%
D=15, pdet=98.0%
D=18, pdet=80.0%
D=20, pdet=71.0%
D=22, pdet=61.5%
D=35, pdet=25.0%
the learning rate: 5e-05
Time used = 8974.076563119888
Using /scratch/kriles_root/kriles0/damoncht/unet_dyn_fastnoise/data/500Hz/500Hz_H1L1_D0-35_256x128_7200s_4c_traindata_n1000_seed90_norm.npz
Loading pure noise ...
D=20, pdet=74.2%
Validation:
D=9, pdet=100.0%
D=12, pdet=100.0%
D=15, pdet=97.0%
D=18, pdet=80.5%
D=20, pdet=70.0%
D=22, pdet=60.5%
D=35, pdet=23.5%
Epoch 391/1000, Training Loss: 3.282e-04, Validation Loss: 2.331e+03
the learning rate: 5e-05
Time used = 8996.177166938782
Using /scratch/kriles_root/kriles0/damoncht/unet_dyn_fastnoise/data/500Hz/500Hz_H1L1_D0-35_256x128_7200s_4c_traindata_n1000_seed91_norm.npz
Loading pure noise ...
D=20, pdet=75.3%
Validation:
D=9, pdet=100.0%
D=12, pdet=100.0%
D=15, pdet=91.0%
D=18, pdet=70.5%
D=20, pdet=57.99999999999999%
D=22, pdet=54.50000000000001%
D=35, pdet=15.5%
the learning rate: 5e-05
Time used = 9018.281258583069
Using /scratch/kriles_root/kriles0/damoncht/unet_dyn_fastnoise/data/500Hz/500Hz_H1L1_D0-35_256x128_7200s_4c_traindata_n1000_seed92_norm.npz
Loading pure noise ...
D=20, pdet=74.1%
Validation:
D=9, pdet=90.0%
D=12, pdet=58.5%
D=15, pdet=41.5%
D=18, pdet=28.000000000000004%
D=20, pdet=16.5%
D=22, pdet=10.0%
D=35, pdet=0.0%
the learning rate: 5e-05
Time used = 9040.440160751343
Using /scratch/kriles_root/kriles0/damoncht/unet_dyn_fastnoise/data/500Hz/500Hz_H1L1_D0-35_256x128_7200s_4c_traindata_n1000_seed93_norm.npz
Loading pure noise ...
D=20, pdet=71.5%
Validation:
D=9, pdet=97.0%
D=12, pdet=71.5%
D=15, pdet=54.0%
D=18, pdet=40.0%
D=20, pdet=30.5%
D=22, pdet=24.5%
D=35, pdet=0.0%
Epoch 394/1000, Training Loss: 3.280e-04, Validation Loss: 2.332e+03
the learning rate: 5e-05
Time used = 9063.132428407669
Using /scratch/kriles_root/kriles0/damoncht/unet_dyn_fastnoise/data/500Hz/500Hz_H1L1_D0-35_256x128_7200s_4c_traindata_n1000_seed94_norm.npz
Loading pure noise ...
D=20, pdet=72.5%
Validation:
D=9, pdet=100.0%
D=12, pdet=100.0%
D=15, pdet=97.5%
D=18, pdet=82.5%
D=20, pdet=71.0%
D=22, pdet=63.5%
D=35, pdet=25.5%
the learning rate: 5e-05
Time used = 9085.335579633713
Using /scratch/kriles_root/kriles0/damoncht/unet_dyn_fastnoise/data/500Hz/500Hz_H1L1_D0-35_256x128_7200s_4c_traindata_n1000_seed95_norm.npz
Loading pure noise ...
D=20, pdet=73.9%
Validation:
D=9, pdet=100.0%
D=12, pdet=100.0%
D=15, pdet=97.0%
D=18, pdet=80.0%
D=20, pdet=70.5%
D=22, pdet=61.0%
D=35, pdet=24.0%
Replace best val model at epoch 395
the learning rate: 5e-05
Time used = 9107.792549610138
Using /scratch/kriles_root/kriles0/damoncht/unet_dyn_fastnoise/data/500Hz/500Hz_H1L1_D0-35_256x128_7200s_4c_traindata_n1000_seed96_norm.npz
Loading pure noise ...
D=20, pdet=76.2%
Validation:
D=9, pdet=100.0%
D=12, pdet=100.0%
D=15, pdet=91.0%
D=18, pdet=71.0%
D=20, pdet=59.5%
D=22, pdet=56.49999999999999%
D=35, pdet=16.5%
Epoch 397/1000, Training Loss: 3.283e-04, Validation Loss: 2.331e+03
the learning rate: 5e-05
Time used = 9130.384217500687
Using /scratch/kriles_root/kriles0/damoncht/unet_dyn_fastnoise/data/500Hz/500Hz_H1L1_D0-35_256x128_7200s_4c_traindata_n1000_seed97_norm.npz
Loading pure noise ...
D=20, pdet=77.2%
Validation:
D=9, pdet=100.0%
D=12, pdet=100.0%
D=15, pdet=98.0%
D=18, pdet=81.0%
D=20, pdet=70.5%
D=22, pdet=63.0%
D=35, pdet=24.0%
the learning rate: 5e-05
Time used = 9153.579801082611
Using /scratch/kriles_root/kriles0/damoncht/unet_dyn_fastnoise/data/500Hz/500Hz_H1L1_D0-35_256x128_7200s_4c_traindata_n1000_seed98_norm.npz
Loading pure noise ...
D=20, pdet=70.39999999999999%
Validation:
D=9, pdet=100.0%
D=12, pdet=100.0%
D=15, pdet=98.0%
D=18, pdet=82.5%
D=20, pdet=73.0%
D=22, pdet=64.0%
D=35, pdet=27.0%
the learning rate: 5e-05
Time used = 9175.906380653381
Using /scratch/kriles_root/kriles0/damoncht/unet_dyn_fastnoise/data/500Hz/500Hz_H1L1_D0-35_256x128_7200s_4c_traindata_n1000_seed99_norm.npz
Loading pure noise ...
D=20, pdet=74.2%
Validation:
D=9, pdet=100.0%
D=12, pdet=100.0%
D=15, pdet=87.5%
D=18, pdet=68.5%
D=20, pdet=57.49999999999999%
D=22, pdet=53.5%
D=35, pdet=14.000000000000002%
Epoch 400/1000, Training Loss: 3.264e-04, Validation Loss: 2.332e+03
the learning rate: 5e-05
Time used = 9198.063609361649
Using /scratch/kriles_root/kriles0/damoncht/unet_dyn_fastnoise/data/500Hz/500Hz_H1L1_D0-35_256x128_7200s_4c_traindata_n1000_seed100_norm.npz
Loading pure noise ...
D=20, pdet=74.2%
Validation:
D=9, pdet=100.0%
D=12, pdet=100.0%
D=15, pdet=96.5%
D=18, pdet=80.0%
D=20, pdet=71.0%
D=22, pdet=60.5%
D=35, pdet=23.5%
the learning rate: 5e-05
Time used = 9220.635355949402
Using /scratch/kriles_root/kriles0/damoncht/unet_dyn_fastnoise/data/500Hz/500Hz_H1L1_D0-35_256x128_7200s_4c_traindata_n1000_seed101_norm.npz
Loading pure noise ...
D=20, pdet=73.7%
Validation:
D=9, pdet=100.0%
D=12, pdet=100.0%
D=15, pdet=96.5%
D=18, pdet=80.0%
D=20, pdet=71.0%
D=22, pdet=61.0%
D=35, pdet=23.5%
the learning rate: 5e-05
Time used = 9243.49471116066
Using /scratch/kriles_root/kriles0/damoncht/unet_dyn_fastnoise/data/500Hz/500Hz_H1L1_D0-35_256x128_7200s_4c_traindata_n1000_seed102_norm.npz
Loading pure noise ...
D=20, pdet=73.3%
Validation:
D=9, pdet=100.0%
D=12, pdet=100.0%
D=15, pdet=97.5%
D=18, pdet=83.0%
D=20, pdet=72.5%
D=22, pdet=63.0%
D=35, pdet=24.5%
Epoch 403/1000, Training Loss: 3.304e-04, Validation Loss: 2.331e+03
the learning rate: 5e-05
Time used = 9265.89929986
Using /scratch/kriles_root/kriles0/damoncht/unet_dyn_fastnoise/data/500Hz/500Hz_H1L1_D0-35_256x128_7200s_4c_traindata_n1000_seed103_norm.npz
Loading pure noise ...
D=20, pdet=75.4%
Validation:
D=9, pdet=100.0%
D=12, pdet=97.5%
D=15, pdet=76.0%
D=18, pdet=60.0%
D=20, pdet=52.0%
D=22, pdet=48.0%
D=35, pdet=6.0%
the learning rate: 5e-05
Time used = 9288.176533460617
Using /scratch/kriles_root/kriles0/damoncht/unet_dyn_fastnoise/data/500Hz/500Hz_H1L1_D0-35_256x128_7200s_4c_traindata_n1000_seed104_norm.npz
Loading pure noise ...
D=20, pdet=75.5%
Validation:
D=9, pdet=100.0%
D=12, pdet=78.5%
D=15, pdet=59.0%
D=18, pdet=48.5%
D=20, pdet=38.0%
D=22, pdet=31.0%
D=35, pdet=0.0%
the learning rate: 5e-05
Time used = 9310.711753845215
Using /scratch/kriles_root/kriles0/damoncht/unet_dyn_fastnoise/data/500Hz/500Hz_H1L1_D0-35_256x128_7200s_4c_traindata_n1000_seed105_norm.npz
Loading pure noise ...
D=20, pdet=74.2%
Validation:
D=9, pdet=100.0%
D=12, pdet=100.0%
D=15, pdet=93.0%
D=18, pdet=73.0%
D=20, pdet=61.0%
D=22, pdet=57.49999999999999%
D=35, pdet=19.5%
Epoch 406/1000, Training Loss: 3.243e-04, Validation Loss: 2.331e+03
the learning rate: 5e-05
Time used = 9333.552367210388
Using /scratch/kriles_root/kriles0/damoncht/unet_dyn_fastnoise/data/500Hz/500Hz_H1L1_D0-35_256x128_7200s_4c_traindata_n1000_seed106_norm.npz
Loading pure noise ...
D=20, pdet=72.7%
Validation:
D=9, pdet=100.0%
D=12, pdet=100.0%
D=15, pdet=96.5%
D=18, pdet=80.0%
D=20, pdet=68.0%
D=22, pdet=61.5%
D=35, pdet=23.0%
the learning rate: 5e-05
Time used = 9356.007313013077
Using /scratch/kriles_root/kriles0/damoncht/unet_dyn_fastnoise/data/500Hz/500Hz_H1L1_D0-35_256x128_7200s_4c_traindata_n1000_seed107_norm.npz
Loading pure noise ...
D=20, pdet=75.1%
Validation:
D=9, pdet=100.0%
D=12, pdet=100.0%
D=15, pdet=93.5%
D=18, pdet=73.0%
D=20, pdet=61.0%
D=22, pdet=56.99999999999999%
D=35, pdet=19.0%
the learning rate: 5e-05
Time used = 9378.174624204636
Using /scratch/kriles_root/kriles0/damoncht/unet_dyn_fastnoise/data/500Hz/500Hz_H1L1_D0-35_256x128_7200s_4c_traindata_n1000_seed108_norm.npz
Loading pure noise ...
D=20, pdet=73.9%
Validation:
D=9, pdet=100.0%
D=12, pdet=100.0%
D=15, pdet=95.5%
D=18, pdet=76.0%
D=20, pdet=64.5%
D=22, pdet=59.5%
D=35, pdet=21.5%
Epoch 409/1000, Training Loss: 3.315e-04, Validation Loss: 2.331e+03
the learning rate: 5e-05
Time used = 9400.331809282303
Using /scratch/kriles_root/kriles0/damoncht/unet_dyn_fastnoise/data/500Hz/500Hz_H1L1_D0-35_256x128_7200s_4c_traindata_n1000_seed109_norm.npz
Loading pure noise ...
D=20, pdet=75.9%
Validation:
D=9, pdet=87.5%
D=12, pdet=55.00000000000001%
D=15, pdet=35.5%
D=18, pdet=20.5%
D=20, pdet=10.0%
D=22, pdet=9.0%
D=35, pdet=0.0%
the learning rate: 5e-05
Time used = 9422.760452985764
Using /scratch/kriles_root/kriles0/damoncht/unet_dyn_fastnoise/data/500Hz/500Hz_H1L1_D0-35_256x128_7200s_4c_traindata_n1000_seed110_norm.npz
Loading pure noise ...
D=20, pdet=72.3%
Validation:
D=9, pdet=86.0%
D=12, pdet=52.0%
D=15, pdet=32.5%
D=18, pdet=19.0%
D=20, pdet=9.0%
D=22, pdet=6.0%
D=35, pdet=0.0%
the learning rate: 5e-05
Time used = 9445.239398241043
Using /scratch/kriles_root/kriles0/damoncht/unet_dyn_fastnoise/data/500Hz/500Hz_H1L1_D0-35_256x128_7200s_4c_traindata_n1000_seed111_norm.npz
Loading pure noise ...
D=20, pdet=74.0%
Validation:
D=9, pdet=100.0%
D=12, pdet=100.0%
D=15, pdet=96.0%
D=18, pdet=75.5%
D=20, pdet=64.5%
D=22, pdet=59.5%
D=35, pdet=22.0%
Epoch 412/1000, Training Loss: 3.273e-04, Validation Loss: 2.331e+03
the learning rate: 5e-05
Time used = 9467.411450862885
Using /scratch/kriles_root/kriles0/damoncht/unet_dyn_fastnoise/data/500Hz/500Hz_H1L1_D0-35_256x128_7200s_4c_traindata_n1000_seed112_norm.npz
Loading pure noise ...
D=20, pdet=74.4%
Validation:
D=9, pdet=100.0%
D=12, pdet=100.0%
D=15, pdet=97.5%
D=18, pdet=81.0%
D=20, pdet=70.0%
D=22, pdet=62.5%
D=35, pdet=24.5%
Replace best val model at epoch 412
the learning rate: 5e-05
Time used = 9490.028976678848
Using /scratch/kriles_root/kriles0/damoncht/unet_dyn_fastnoise/data/500Hz/500Hz_H1L1_D0-35_256x128_7200s_4c_traindata_n1000_seed113_norm.npz
Loading pure noise ...
D=20, pdet=73.8%
Validation:
D=9, pdet=100.0%
D=12, pdet=100.0%
D=15, pdet=96.5%
D=18, pdet=77.5%
D=20, pdet=69.5%
D=22, pdet=59.5%
D=35, pdet=23.5%
the learning rate: 5e-05
Time used = 9512.981019735336
Using /scratch/kriles_root/kriles0/damoncht/unet_dyn_fastnoise/data/500Hz/500Hz_H1L1_D0-35_256x128_7200s_4c_traindata_n1000_seed114_norm.npz
Loading pure noise ...
D=20, pdet=76.7%
Validation:
D=9, pdet=100.0%
D=12, pdet=98.5%
D=15, pdet=77.0%
D=18, pdet=62.5%
D=20, pdet=53.5%
D=22, pdet=47.5%
D=35, pdet=8.0%
Epoch 415/1000, Training Loss: 3.221e-04, Validation Loss: 2.332e+03
the learning rate: 5e-05
Time used = 9538.86329460144
Using /scratch/kriles_root/kriles0/damoncht/unet_dyn_fastnoise/data/500Hz/500Hz_H1L1_D0-35_256x128_7200s_4c_traindata_n1000_seed115_norm.npz
Loading pure noise ...
D=20, pdet=73.2%
Validation:
D=9, pdet=100.0%
D=12, pdet=100.0%
D=15, pdet=93.5%
D=18, pdet=72.5%
D=20, pdet=61.5%
D=22, pdet=56.49999999999999%
D=35, pdet=18.5%
the learning rate: 5e-05
Time used = 9561.89440870285
Using /scratch/kriles_root/kriles0/damoncht/unet_dyn_fastnoise/data/500Hz/500Hz_H1L1_D0-35_256x128_7200s_4c_traindata_n1000_seed116_norm.npz
Loading pure noise ...
D=20, pdet=73.3%
Validation:
D=9, pdet=100.0%
D=12, pdet=100.0%
D=15, pdet=92.5%
D=18, pdet=72.0%
D=20, pdet=60.0%
D=22, pdet=55.50000000000001%
D=35, pdet=16.5%
the learning rate: 5e-05
Time used = 9584.462143182755
Using /scratch/kriles_root/kriles0/damoncht/unet_dyn_fastnoise/data/500Hz/500Hz_H1L1_D0-35_256x128_7200s_4c_traindata_n1000_seed117_norm.npz
Loading pure noise ...
D=20, pdet=72.0%
Validation:
D=9, pdet=100.0%
D=12, pdet=97.5%
D=15, pdet=76.0%
D=18, pdet=61.0%
D=20, pdet=52.0%
D=22, pdet=47.0%
D=35, pdet=5.0%
Epoch 418/1000, Training Loss: 3.366e-04, Validation Loss: 2.332e+03
the learning rate: 5e-05
Time used = 9607.64946770668
Using /scratch/kriles_root/kriles0/damoncht/unet_dyn_fastnoise/data/500Hz/500Hz_H1L1_D0-35_256x128_7200s_4c_traindata_n1000_seed118_norm.npz
Loading pure noise ...
D=20, pdet=72.39999999999999%
Validation:
D=9, pdet=100.0%
D=12, pdet=96.5%
D=15, pdet=75.5%
D=18, pdet=61.0%
D=20, pdet=51.5%
D=22, pdet=47.0%
D=35, pdet=5.0%
the learning rate: 5e-05
Time used = 9630.95840382576
Using /scratch/kriles_root/kriles0/damoncht/unet_dyn_fastnoise/data/500Hz/500Hz_H1L1_D0-35_256x128_7200s_4c_traindata_n1000_seed119_norm.npz
Loading pure noise ...
D=20, pdet=74.5%
Validation:
D=9, pdet=95.5%
D=12, pdet=68.0%
D=15, pdet=49.5%
D=18, pdet=36.0%
D=20, pdet=25.0%
D=22, pdet=18.5%
D=35, pdet=0.0%
the learning rate: 5e-05
Time used = 9653.944123744965
Using /scratch/kriles_root/kriles0/damoncht/unet_dyn_fastnoise/data/500Hz/500Hz_H1L1_D0-35_256x128_7200s_4c_traindata_n1000_seed120_norm.npz
Loading pure noise ...
D=20, pdet=72.89999999999999%
Validation:
D=9, pdet=100.0%
D=12, pdet=100.0%
D=15, pdet=93.5%
D=18, pdet=72.5%
D=20, pdet=60.0%
D=22, pdet=56.00000000000001%
D=35, pdet=17.5%
Epoch 421/1000, Training Loss: 3.316e-04, Validation Loss: 2.331e+03
the learning rate: 5e-05
Time used = 9676.577484846115
Using /scratch/kriles_root/kriles0/damoncht/unet_dyn_fastnoise/data/500Hz/500Hz_H1L1_D0-35_256x128_7200s_4c_traindata_n1000_seed121_norm.npz
Loading pure noise ...
D=20, pdet=73.3%
Validation:
D=9, pdet=100.0%
D=12, pdet=100.0%
D=15, pdet=96.0%
D=18, pdet=79.0%
D=20, pdet=69.5%
D=22, pdet=62.5%
D=35, pdet=24.0%
the learning rate: 5e-05
Time used = 9703.485414266586
Using /scratch/kriles_root/kriles0/damoncht/unet_dyn_fastnoise/data/500Hz/500Hz_H1L1_D0-35_256x128_7200s_4c_traindata_n1000_seed122_norm.npz
Loading pure noise ...
D=20, pdet=74.8%
Validation:
D=9, pdet=100.0%
D=12, pdet=100.0%
D=15, pdet=96.0%
D=18, pdet=76.5%
D=20, pdet=66.5%
D=22, pdet=60.0%
D=35, pdet=22.5%
the learning rate: 5e-05
Time used = 9726.422597646713
Using /scratch/kriles_root/kriles0/damoncht/unet_dyn_fastnoise/data/500Hz/500Hz_H1L1_D0-35_256x128_7200s_4c_traindata_n1000_seed123_norm.npz
Loading pure noise ...
D=20, pdet=72.7%
Validation:
D=9, pdet=87.5%
D=12, pdet=53.0%
D=15, pdet=33.0%
D=18, pdet=20.0%
D=20, pdet=9.0%
D=22, pdet=7.000000000000001%
D=35, pdet=0.0%
Epoch 424/1000, Training Loss: 3.287e-04, Validation Loss: 2.332e+03
the learning rate: 5e-05
Time used = 9750.912272930145
Using /scratch/kriles_root/kriles0/damoncht/unet_dyn_fastnoise/data/500Hz/500Hz_H1L1_D0-35_256x128_7200s_4c_traindata_n1000_seed124_norm.npz
Loading pure noise ...
D=20, pdet=77.5%
Validation:
D=9, pdet=100.0%
D=12, pdet=100.0%
D=15, pdet=96.0%
D=18, pdet=79.5%
D=20, pdet=69.5%
D=22, pdet=62.0%
D=35, pdet=24.0%
the learning rate: 5e-05
Time used = 9773.431065320969
Using /scratch/kriles_root/kriles0/damoncht/unet_dyn_fastnoise/data/500Hz/500Hz_H1L1_D0-35_256x128_7200s_4c_traindata_n1000_seed125_norm.npz
Loading pure noise ...
D=20, pdet=74.8%
Validation:
D=9, pdet=100.0%
D=12, pdet=100.0%
D=15, pdet=97.5%
D=18, pdet=82.5%
D=20, pdet=71.5%
D=22, pdet=63.0%
D=35, pdet=26.0%
the learning rate: 5e-05
Time used = 9796.074382305145
Using /scratch/kriles_root/kriles0/damoncht/unet_dyn_fastnoise/data/500Hz/500Hz_H1L1_D0-35_256x128_7200s_4c_traindata_n1000_seed126_norm.npz
Loading pure noise ...
D=20, pdet=73.3%
Validation:
D=9, pdet=100.0%
D=12, pdet=100.0%
D=15, pdet=85.0%
D=18, pdet=63.5%
D=20, pdet=56.00000000000001%
D=22, pdet=50.0%
D=35, pdet=10.0%
Epoch 427/1000, Training Loss: 3.265e-04, Validation Loss: 2.332e+03
the learning rate: 5e-05
Time used = 9819.20129942894
Using /scratch/kriles_root/kriles0/damoncht/unet_dyn_fastnoise/data/500Hz/500Hz_H1L1_D0-35_256x128_7200s_4c_traindata_n1000_seed127_norm.npz
Loading pure noise ...
D=20, pdet=72.6%
Validation:
D=9, pdet=87.5%
D=12, pdet=54.50000000000001%
D=15, pdet=37.5%
D=18, pdet=23.5%
D=20, pdet=12.0%
D=22, pdet=7.5%
D=35, pdet=0.0%
the learning rate: 5e-05
Time used = 9841.839100599289
Using /scratch/kriles_root/kriles0/damoncht/unet_dyn_fastnoise/data/500Hz/500Hz_H1L1_D0-35_256x128_7200s_4c_traindata_n1000_seed128_norm.npz
Loading pure noise ...
D=20, pdet=74.9%
Validation:
D=9, pdet=100.0%
D=12, pdet=100.0%
D=15, pdet=97.0%
D=18, pdet=82.0%
D=20, pdet=71.0%
D=22, pdet=63.0%
D=35, pdet=26.0%
the learning rate: 5e-05
Time used = 9864.630295038223
Using /scratch/kriles_root/kriles0/damoncht/unet_dyn_fastnoise/data/500Hz/500Hz_H1L1_D0-35_256x128_7200s_4c_traindata_n1000_seed129_norm.npz
Loading pure noise ...
D=20, pdet=74.8%
Validation:
D=9, pdet=100.0%
D=12, pdet=100.0%
D=15, pdet=96.0%
D=18, pdet=76.0%
D=20, pdet=66.5%
D=22, pdet=59.0%
D=35, pdet=21.5%
Epoch 430/1000, Training Loss: 3.316e-04, Validation Loss: 2.332e+03
the learning rate: 5e-05
Time used = 9886.783827781677
Using /scratch/kriles_root/kriles0/damoncht/unet_dyn_fastnoise/data/500Hz/500Hz_H1L1_D0-35_256x128_7200s_4c_traindata_n1000_seed130_norm.npz
Loading pure noise ...
D=20, pdet=74.2%
Validation:
D=9, pdet=91.0%
D=12, pdet=60.0%
D=15, pdet=41.0%
D=18, pdet=27.500000000000004%
D=20, pdet=14.499999999999998%
D=22, pdet=11.0%
D=35, pdet=0.0%
the learning rate: 5e-05
Time used = 9909.29765701294
Using /scratch/kriles_root/kriles0/damoncht/unet_dyn_fastnoise/data/500Hz/500Hz_H1L1_D0-35_256x128_7200s_4c_traindata_n1000_seed131_norm.npz
Loading pure noise ...
D=20, pdet=71.39999999999999%
Validation:
D=9, pdet=100.0%
D=12, pdet=100.0%
D=15, pdet=97.5%
D=18, pdet=83.0%
D=20, pdet=72.5%
D=22, pdet=65.0%
D=35, pdet=27.0%
the learning rate: 5e-05
Time used = 9932.520457983017
Using /scratch/kriles_root/kriles0/damoncht/unet_dyn_fastnoise/data/500Hz/500Hz_H1L1_D0-35_256x128_7200s_4c_traindata_n1000_seed132_norm.npz
Loading pure noise ...
D=20, pdet=70.89999999999999%
Validation:
D=9, pdet=100.0%
D=12, pdet=100.0%
D=15, pdet=96.0%
D=18, pdet=76.5%
D=20, pdet=66.0%
D=22, pdet=59.0%
D=35, pdet=22.5%
Epoch 433/1000, Training Loss: 3.315e-04, Validation Loss: 2.331e+03
the learning rate: 5e-05
Time used = 9957.421152114868
Using /scratch/kriles_root/kriles0/damoncht/unet_dyn_fastnoise/data/500Hz/500Hz_H1L1_D0-35_256x128_7200s_4c_traindata_n1000_seed133_norm.npz
Loading pure noise ...
D=20, pdet=73.2%
Validation:
D=9, pdet=100.0%
D=12, pdet=100.0%
D=15, pdet=97.0%
D=18, pdet=82.0%
D=20, pdet=71.5%
D=22, pdet=64.0%
D=35, pdet=26.0%
the learning rate: 5e-05
Time used = 9981.064369916916
Using /scratch/kriles_root/kriles0/damoncht/unet_dyn_fastnoise/data/500Hz/500Hz_H1L1_D0-35_256x128_7200s_4c_traindata_n1000_seed134_norm.npz
Loading pure noise ...
D=20, pdet=77.0%
Validation:
D=9, pdet=100.0%
D=12, pdet=100.0%
D=15, pdet=96.0%
D=18, pdet=80.0%
D=20, pdet=69.0%
D=22, pdet=63.0%
D=35, pdet=23.5%
the learning rate: 5e-05
Time used = 10004.088978767395
Using /scratch/kriles_root/kriles0/damoncht/unet_dyn_fastnoise/data/500Hz/500Hz_H1L1_D0-35_256x128_7200s_4c_traindata_n1000_seed135_norm.npz
Loading pure noise ...
D=20, pdet=75.6%
Validation:
D=9, pdet=100.0%
D=12, pdet=100.0%
D=15, pdet=96.0%
D=18, pdet=78.0%
D=20, pdet=68.5%
D=22, pdet=60.0%
D=35, pdet=22.5%
Epoch 436/1000, Training Loss: 3.177e-04, Validation Loss: 2.331e+03
the learning rate: 5e-05
Time used = 10027.126558303833
Using /scratch/kriles_root/kriles0/damoncht/unet_dyn_fastnoise/data/500Hz/500Hz_H1L1_D0-35_256x128_7200s_4c_traindata_n1000_seed136_norm.npz
Loading pure noise ...
D=20, pdet=72.89999999999999%
Validation:
D=9, pdet=100.0%
D=12, pdet=100.0%
D=15, pdet=96.0%
D=18, pdet=79.0%
D=20, pdet=69.0%
D=22, pdet=60.5%
D=35, pdet=23.5%
the learning rate: 5e-05
Time used = 10051.556963205338
Using /scratch/kriles_root/kriles0/damoncht/unet_dyn_fastnoise/data/500Hz/500Hz_H1L1_D0-35_256x128_7200s_4c_traindata_n1000_seed137_norm.npz
Loading pure noise ...
D=20, pdet=76.3%
Validation:
D=9, pdet=100.0%
D=12, pdet=100.0%
D=15, pdet=97.5%
D=18, pdet=82.0%
D=20, pdet=73.0%
D=22, pdet=64.5%
D=35, pdet=27.0%
Replace best val model at epoch 437
the learning rate: 5e-05
Time used = 10075.134948253632
Using /scratch/kriles_root/kriles0/damoncht/unet_dyn_fastnoise/data/500Hz/500Hz_H1L1_D0-35_256x128_7200s_4c_traindata_n1000_seed138_norm.npz
Loading pure noise ...
D=20, pdet=73.5%
Validation:
D=9, pdet=100.0%
D=12, pdet=100.0%
D=15, pdet=96.5%
D=18, pdet=79.5%
D=20, pdet=70.0%
D=22, pdet=62.5%
D=35, pdet=23.5%
Epoch 439/1000, Training Loss: 3.282e-04, Validation Loss: 2.331e+03
the learning rate: 5e-05
Time used = 10097.482267856598
Using /scratch/kriles_root/kriles0/damoncht/unet_dyn_fastnoise/data/500Hz/500Hz_H1L1_D0-35_256x128_7200s_4c_traindata_n1000_seed139_norm.npz
Loading pure noise ...
D=20, pdet=71.8%
Validation:
D=9, pdet=100.0%
D=12, pdet=100.0%
D=15, pdet=96.0%
D=18, pdet=79.5%
D=20, pdet=70.0%
D=22, pdet=61.0%
D=35, pdet=23.5%
the learning rate: 5e-05
Time used = 10120.062341451645
Using /scratch/kriles_root/kriles0/damoncht/unet_dyn_fastnoise/data/500Hz/500Hz_H1L1_D0-35_256x128_7200s_4c_traindata_n1000_seed140_norm.npz
Loading pure noise ...
D=20, pdet=72.8%
Validation:
D=9, pdet=100.0%
D=12, pdet=100.0%
D=15, pdet=95.5%
D=18, pdet=78.0%
D=20, pdet=66.0%
D=22, pdet=57.99999999999999%
D=35, pdet=22.0%
the learning rate: 5e-05
Time used = 10142.361041545868
Using /scratch/kriles_root/kriles0/damoncht/unet_dyn_fastnoise/data/500Hz/500Hz_H1L1_D0-35_256x128_7200s_4c_traindata_n1000_seed141_norm.npz
Loading pure noise ...
D=20, pdet=74.6%
Validation:
D=9, pdet=100.0%
D=12, pdet=100.0%
D=15, pdet=87.5%
D=18, pdet=70.0%
D=20, pdet=57.49999999999999%
D=22, pdet=53.5%
D=35, pdet=14.499999999999998%
Epoch 442/1000, Training Loss: 3.223e-04, Validation Loss: 2.331e+03
the learning rate: 5e-05
Time used = 10164.687822818756
Using /scratch/kriles_root/kriles0/damoncht/unet_dyn_fastnoise/data/500Hz/500Hz_H1L1_D0-35_256x128_7200s_4c_traindata_n1000_seed142_norm.npz
Loading pure noise ...
D=20, pdet=72.1%
Validation:
D=9, pdet=100.0%
D=12, pdet=100.0%
D=15, pdet=96.5%
D=18, pdet=80.5%
D=20, pdet=71.5%
D=22, pdet=63.0%
D=35, pdet=26.0%
the learning rate: 5e-05
Time used = 10188.145580291748
Using /scratch/kriles_root/kriles0/damoncht/unet_dyn_fastnoise/data/500Hz/500Hz_H1L1_D0-35_256x128_7200s_4c_traindata_n1000_seed143_norm.npz
Loading pure noise ...
D=20, pdet=75.2%
Validation:
D=9, pdet=100.0%
D=12, pdet=100.0%
D=15, pdet=96.0%
D=18, pdet=79.5%
D=20, pdet=70.5%
D=22, pdet=62.0%
D=35, pdet=24.0%
Replace best val model at epoch 443
the learning rate: 5e-05
Time used = 10210.532279968262
Using /scratch/kriles_root/kriles0/damoncht/unet_dyn_fastnoise/data/500Hz/500Hz_H1L1_D0-35_256x128_7200s_4c_traindata_n1000_seed144_norm.npz
Loading pure noise ...
D=20, pdet=75.4%
Validation:
D=9, pdet=100.0%
D=12, pdet=100.0%
D=15, pdet=96.5%
D=18, pdet=80.0%
D=20, pdet=70.5%
D=22, pdet=61.5%
D=35, pdet=24.0%
Epoch 445/1000, Training Loss: 3.247e-04, Validation Loss: 2.331e+03
the learning rate: 5e-05
Time used = 10233.4768679142
Using /scratch/kriles_root/kriles0/damoncht/unet_dyn_fastnoise/data/500Hz/500Hz_H1L1_D0-35_256x128_7200s_4c_traindata_n1000_seed145_norm.npz
Loading pure noise ...
D=20, pdet=77.4%
Validation:
D=9, pdet=100.0%
D=12, pdet=97.0%
D=15, pdet=77.0%
D=18, pdet=60.5%
D=20, pdet=52.0%
D=22, pdet=47.0%
D=35, pdet=6.5%
the learning rate: 5e-05
Time used = 10255.849912166595
Using /scratch/kriles_root/kriles0/damoncht/unet_dyn_fastnoise/data/500Hz/500Hz_H1L1_D0-35_256x128_7200s_4c_traindata_n1000_seed146_norm.npz
Loading pure noise ...
D=20, pdet=73.0%
Validation:
D=9, pdet=100.0%
D=12, pdet=100.0%
D=15, pdet=96.0%
D=18, pdet=78.0%
D=20, pdet=69.0%
D=22, pdet=59.5%
D=35, pdet=23.5%
the learning rate: 5e-05
Time used = 10278.234139919281
Using /scratch/kriles_root/kriles0/damoncht/unet_dyn_fastnoise/data/500Hz/500Hz_H1L1_D0-35_256x128_7200s_4c_traindata_n1000_seed147_norm.npz
Loading pure noise ...
D=20, pdet=76.3%
Validation:
D=9, pdet=100.0%
D=12, pdet=100.0%
D=15, pdet=87.0%
D=18, pdet=66.0%
D=20, pdet=55.50000000000001%
D=22, pdet=52.5%
D=35, pdet=12.5%
Epoch 448/1000, Training Loss: 3.229e-04, Validation Loss: 2.331e+03
the learning rate: 5e-05
Time used = 10301.374127626419
Using /scratch/kriles_root/kriles0/damoncht/unet_dyn_fastnoise/data/500Hz/500Hz_H1L1_D0-35_256x128_7200s_4c_traindata_n1000_seed148_norm.npz
Loading pure noise ...
D=20, pdet=76.6%
Validation:
D=9, pdet=100.0%
D=12, pdet=100.0%
D=15, pdet=93.5%
D=18, pdet=73.0%
D=20, pdet=61.5%
D=22, pdet=57.99999999999999%
D=35, pdet=18.5%
the learning rate: 5e-05
Time used = 10324.395025968552
Using /scratch/kriles_root/kriles0/damoncht/unet_dyn_fastnoise/data/500Hz/500Hz_H1L1_D0-35_256x128_7200s_4c_traindata_n1000_seed149_norm.npz
Loading pure noise ...
D=20, pdet=75.5%
Validation:
D=9, pdet=97.0%
D=12, pdet=71.0%
D=15, pdet=54.0%
D=18, pdet=39.5%
D=20, pdet=31.5%
D=22, pdet=23.0%
D=35, pdet=0.0%
the learning rate: 5e-05
Time used = 10347.270158290863
Using /scratch/kriles_root/kriles0/damoncht/unet_dyn_fastnoise/data/500Hz/500Hz_H1L1_D0-35_256x128_7200s_4c_traindata_n1000_seed150_norm.npz
Loading pure noise ...
D=20, pdet=72.5%
Validation:
D=9, pdet=96.5%
D=12, pdet=69.5%
D=15, pdet=52.0%
D=18, pdet=39.0%
D=20, pdet=28.499999999999996%
D=22, pdet=22.0%
D=35, pdet=0.0%
Epoch 451/1000, Training Loss: 3.297e-04, Validation Loss: 2.331e+03
the learning rate: 5e-05
Time used = 10369.714207649231
Using /scratch/kriles_root/kriles0/damoncht/unet_dyn_fastnoise/data/500Hz/500Hz_H1L1_D0-35_256x128_7200s_4c_traindata_n1000_seed151_norm.npz
Loading pure noise ...
D=20, pdet=75.7%
Validation:
D=9, pdet=100.0%
D=12, pdet=100.0%
D=15, pdet=96.5%
D=18, pdet=78.5%
D=20, pdet=69.5%
D=22, pdet=61.0%
D=35, pdet=24.0%
the learning rate: 5e-05
Time used = 10392.070892095566
Using /scratch/kriles_root/kriles0/damoncht/unet_dyn_fastnoise/data/500Hz/500Hz_H1L1_D0-35_256x128_7200s_4c_traindata_n1000_seed152_norm.npz
Loading pure noise ...
D=20, pdet=72.89999999999999%
Validation:
D=9, pdet=100.0%
D=12, pdet=100.0%
D=15, pdet=94.5%
D=18, pdet=75.0%
D=20, pdet=63.5%
D=22, pdet=57.99999999999999%
D=35, pdet=19.5%
the learning rate: 5e-05
Time used = 10415.423033952713
Using /scratch/kriles_root/kriles0/damoncht/unet_dyn_fastnoise/data/500Hz/500Hz_H1L1_D0-35_256x128_7200s_4c_traindata_n1000_seed153_norm.npz
Loading pure noise ...
D=20, pdet=77.0%
Validation:
D=9, pdet=100.0%
D=12, pdet=82.0%
D=15, pdet=60.5%
D=18, pdet=51.0%
D=20, pdet=41.0%
D=22, pdet=35.0%
D=35, pdet=1.0%
Epoch 454/1000, Training Loss: 3.182e-04, Validation Loss: 2.332e+03
the learning rate: 5e-05
Time used = 10443.614178657532
Using /scratch/kriles_root/kriles0/damoncht/unet_dyn_fastnoise/data/500Hz/500Hz_H1L1_D0-35_256x128_7200s_4c_traindata_n1000_seed154_norm.npz
Loading pure noise ...
D=20, pdet=77.8%
Validation:
D=9, pdet=99.0%
D=12, pdet=75.5%
D=15, pdet=56.00000000000001%
D=18, pdet=46.0%
D=20, pdet=37.5%
D=22, pdet=28.000000000000004%
D=35, pdet=0.0%
the learning rate: 5e-05
Time used = 10466.834010362625
Using /scratch/kriles_root/kriles0/damoncht/unet_dyn_fastnoise/data/500Hz/500Hz_H1L1_D0-35_256x128_7200s_4c_traindata_n1000_seed155_norm.npz
Loading pure noise ...
D=20, pdet=75.8%
Validation:
D=9, pdet=91.0%
D=12, pdet=58.5%
D=15, pdet=40.5%
D=18, pdet=28.499999999999996%
D=20, pdet=15.0%
D=22, pdet=11.0%
D=35, pdet=0.0%
the learning rate: 5e-05
Time used = 10489.058076620102
Using /scratch/kriles_root/kriles0/damoncht/unet_dyn_fastnoise/data/500Hz/500Hz_H1L1_D0-35_256x128_7200s_4c_traindata_n1000_seed156_norm.npz
Loading pure noise ...
D=20, pdet=74.1%
Validation:
D=9, pdet=100.0%
D=12, pdet=85.0%
D=15, pdet=62.0%
D=18, pdet=53.0%
D=20, pdet=43.5%
D=22, pdet=36.0%
D=35, pdet=2.5%
Epoch 457/1000, Training Loss: 3.286e-04, Validation Loss: 2.332e+03
the learning rate: 5e-05
Time used = 10511.5415725708
Using /scratch/kriles_root/kriles0/damoncht/unet_dyn_fastnoise/data/500Hz/500Hz_H1L1_D0-35_256x128_7200s_4c_traindata_n1000_seed157_norm.npz
Loading pure noise ...
D=20, pdet=75.4%
Validation:
D=9, pdet=100.0%
D=12, pdet=100.0%
D=15, pdet=88.5%
D=18, pdet=69.0%
D=20, pdet=56.99999999999999%
D=22, pdet=52.5%
D=35, pdet=14.000000000000002%
the learning rate: 5e-05
Time used = 10535.149420499802
Using /scratch/kriles_root/kriles0/damoncht/unet_dyn_fastnoise/data/500Hz/500Hz_H1L1_D0-35_256x128_7200s_4c_traindata_n1000_seed158_norm.npz
Loading pure noise ...
D=20, pdet=75.7%
Validation:
D=9, pdet=100.0%
D=12, pdet=98.5%
D=15, pdet=77.5%
D=18, pdet=62.5%
D=20, pdet=52.5%
D=22, pdet=47.0%
D=35, pdet=7.000000000000001%
the learning rate: 5e-05
Time used = 10557.717259168625
Using /scratch/kriles_root/kriles0/damoncht/unet_dyn_fastnoise/data/500Hz/500Hz_H1L1_D0-35_256x128_7200s_4c_traindata_n1000_seed159_norm.npz
Loading pure noise ...
D=20, pdet=75.5%
Validation:
D=9, pdet=100.0%
D=12, pdet=100.0%
D=15, pdet=96.5%
D=18, pdet=80.0%
D=20, pdet=69.0%
D=22, pdet=63.0%
D=35, pdet=23.0%
Epoch 460/1000, Training Loss: 3.205e-04, Validation Loss: 2.331e+03
the learning rate: 5e-05
Time used = 10580.556627988815
Using /scratch/kriles_root/kriles0/damoncht/unet_dyn_fastnoise/data/500Hz/500Hz_H1L1_D0-35_256x128_7200s_4c_traindata_n1000_seed160_norm.npz
Loading pure noise ...
D=20, pdet=78.10000000000001%
Validation:
D=9, pdet=100.0%
D=12, pdet=100.0%
D=15, pdet=96.0%
D=18, pdet=78.0%
D=20, pdet=69.5%
D=22, pdet=59.5%
D=35, pdet=23.0%
the learning rate: 5e-05
Time used = 10603.0660841465
Using /scratch/kriles_root/kriles0/damoncht/unet_dyn_fastnoise/data/500Hz/500Hz_H1L1_D0-35_256x128_7200s_4c_traindata_n1000_seed161_norm.npz
Loading pure noise ...
D=20, pdet=74.8%
Validation:
D=9, pdet=100.0%
D=12, pdet=100.0%
D=15, pdet=86.5%
D=18, pdet=68.0%
D=20, pdet=55.50000000000001%
D=22, pdet=51.5%
D=35, pdet=12.5%
the learning rate: 5e-05
Time used = 10625.984574317932
Using /scratch/kriles_root/kriles0/damoncht/unet_dyn_fastnoise/data/500Hz/500Hz_H1L1_D0-35_256x128_7200s_4c_traindata_n1000_seed162_norm.npz
Loading pure noise ...
D=20, pdet=76.0%
Validation:
D=9, pdet=100.0%
D=12, pdet=100.0%
D=15, pdet=96.0%
D=18, pdet=80.5%
D=20, pdet=69.0%
D=22, pdet=62.5%
D=35, pdet=24.0%
Epoch 463/1000, Training Loss: 3.248e-04, Validation Loss: 2.331e+03
the learning rate: 5e-05
Time used = 10648.115104436874
Using /scratch/kriles_root/kriles0/damoncht/unet_dyn_fastnoise/data/500Hz/500Hz_H1L1_D0-35_256x128_7200s_4c_traindata_n1000_seed163_norm.npz
Loading pure noise ...
D=20, pdet=74.2%
Validation:
D=9, pdet=99.5%
D=12, pdet=78.0%
D=15, pdet=58.5%
D=18, pdet=47.0%
D=20, pdet=38.0%
D=22, pdet=30.0%
D=35, pdet=0.0%
the learning rate: 5e-05
Time used = 10670.895097970963
Using /scratch/kriles_root/kriles0/damoncht/unet_dyn_fastnoise/data/500Hz/500Hz_H1L1_D0-35_256x128_7200s_4c_traindata_n1000_seed164_norm.npz
Loading pure noise ...
D=20, pdet=77.3%
Validation:
D=9, pdet=100.0%
D=12, pdet=100.0%
D=15, pdet=96.5%
D=18, pdet=79.5%
D=20, pdet=69.5%
D=22, pdet=62.5%
D=35, pdet=24.5%
the learning rate: 5e-05
Time used = 10693.050169229507
Using /scratch/kriles_root/kriles0/damoncht/unet_dyn_fastnoise/data/500Hz/500Hz_H1L1_D0-35_256x128_7200s_4c_traindata_n1000_seed165_norm.npz
Loading pure noise ...
D=20, pdet=75.8%
Validation:
D=9, pdet=100.0%
D=12, pdet=100.0%
D=15, pdet=96.5%
D=18, pdet=81.5%
D=20, pdet=71.0%
D=22, pdet=64.0%
D=35, pdet=26.5%
Epoch 466/1000, Training Loss: 3.227e-04, Validation Loss: 2.331e+03
the learning rate: 5e-05
Time used = 10715.469090938568
Using /scratch/kriles_root/kriles0/damoncht/unet_dyn_fastnoise/data/500Hz/500Hz_H1L1_D0-35_256x128_7200s_4c_traindata_n1000_seed166_norm.npz
Loading pure noise ...
D=20, pdet=75.0%
Validation:
D=9, pdet=100.0%
D=12, pdet=83.0%
D=15, pdet=61.5%
D=18, pdet=53.0%
D=20, pdet=41.0%
D=22, pdet=34.5%
D=35, pdet=0.5%
the learning rate: 5e-05
Time used = 10740.594611167908
Using /scratch/kriles_root/kriles0/damoncht/unet_dyn_fastnoise/data/500Hz/500Hz_H1L1_D0-35_256x128_7200s_4c_traindata_n1000_seed167_norm.npz
Loading pure noise ...
D=20, pdet=75.5%
Validation:
D=9, pdet=100.0%
D=12, pdet=83.0%
D=15, pdet=62.5%
D=18, pdet=51.5%
D=20, pdet=41.5%
D=22, pdet=34.0%
D=35, pdet=0.5%
the learning rate: 5e-05
Time used = 10763.5934612751
Using /scratch/kriles_root/kriles0/damoncht/unet_dyn_fastnoise/data/500Hz/500Hz_H1L1_D0-35_256x128_7200s_4c_traindata_n1000_seed168_norm.npz
Loading pure noise ...
D=20, pdet=75.4%
Validation:
D=9, pdet=100.0%
D=12, pdet=100.0%
D=15, pdet=96.0%
D=18, pdet=77.0%
D=20, pdet=67.0%
D=22, pdet=59.5%
D=35, pdet=22.0%
Epoch 469/1000, Training Loss: 3.239e-04, Validation Loss: 2.331e+03
the learning rate: 5e-05
Time used = 10785.86718916893
Using /scratch/kriles_root/kriles0/damoncht/unet_dyn_fastnoise/data/500Hz/500Hz_H1L1_D0-35_256x128_7200s_4c_traindata_n1000_seed169_norm.npz
Loading pure noise ...
D=20, pdet=78.7%
Validation:
D=9, pdet=100.0%
D=12, pdet=100.0%
D=15, pdet=94.5%
D=18, pdet=73.0%
D=20, pdet=62.0%
D=22, pdet=56.00000000000001%
D=35, pdet=19.5%
the learning rate: 5e-05
Time used = 10808.1970911026
Using /scratch/kriles_root/kriles0/damoncht/unet_dyn_fastnoise/data/500Hz/500Hz_H1L1_D0-35_256x128_7200s_4c_traindata_n1000_seed170_norm.npz
Loading pure noise ...
D=20, pdet=74.0%
Validation:
D=9, pdet=100.0%
D=12, pdet=86.5%
D=15, pdet=64.0%
D=18, pdet=53.5%
D=20, pdet=44.0%
D=22, pdet=37.0%
D=35, pdet=1.0%
the learning rate: 5e-05
Time used = 10830.49762916565
Using /scratch/kriles_root/kriles0/damoncht/unet_dyn_fastnoise/data/500Hz/500Hz_H1L1_D0-35_256x128_7200s_4c_traindata_n1000_seed171_norm.npz
Loading pure noise ...
D=20, pdet=75.5%
Validation:
D=9, pdet=100.0%
D=12, pdet=95.5%
D=15, pdet=73.0%
D=18, pdet=60.0%
D=20, pdet=49.0%
D=22, pdet=44.0%
D=35, pdet=4.5%
Epoch 472/1000, Training Loss: 3.205e-04, Validation Loss: 2.331e+03
the learning rate: 5e-05
Time used = 10852.785653591156
Using /scratch/kriles_root/kriles0/damoncht/unet_dyn_fastnoise/data/500Hz/500Hz_H1L1_D0-35_256x128_7200s_4c_traindata_n1000_seed172_norm.npz
Loading pure noise ...
D=20, pdet=72.3%
Validation:
D=9, pdet=100.0%
D=12, pdet=100.0%
D=15, pdet=96.0%
D=18, pdet=77.0%
D=20, pdet=65.0%
D=22, pdet=59.5%
D=35, pdet=21.5%
the learning rate: 5e-05
Time used = 10875.038856744766
Using /scratch/kriles_root/kriles0/damoncht/unet_dyn_fastnoise/data/500Hz/500Hz_H1L1_D0-35_256x128_7200s_4c_traindata_n1000_seed173_norm.npz
Loading pure noise ...
D=20, pdet=77.60000000000001%
Validation:
D=9, pdet=100.0%
D=12, pdet=100.0%
D=15, pdet=95.5%
D=18, pdet=76.0%
D=20, pdet=65.0%
D=22, pdet=58.5%
D=35, pdet=21.0%
the learning rate: 5e-05
Time used = 10897.189002037048
Using /scratch/kriles_root/kriles0/damoncht/unet_dyn_fastnoise/data/500Hz/500Hz_H1L1_D0-35_256x128_7200s_4c_traindata_n1000_seed174_norm.npz
Loading pure noise ...
D=20, pdet=75.6%
Validation:
D=9, pdet=97.0%
D=12, pdet=70.0%
D=15, pdet=51.0%
D=18, pdet=40.5%
D=20, pdet=27.500000000000004%
D=22, pdet=21.5%
D=35, pdet=0.0%
Epoch 475/1000, Training Loss: 3.250e-04, Validation Loss: 2.331e+03
the learning rate: 5e-05
Time used = 10919.299085617065
Using /scratch/kriles_root/kriles0/damoncht/unet_dyn_fastnoise/data/500Hz/500Hz_H1L1_D0-35_256x128_7200s_4c_traindata_n1000_seed175_norm.npz
Loading pure noise ...
D=20, pdet=76.1%
Validation:
D=9, pdet=100.0%
D=12, pdet=100.0%
D=15, pdet=96.5%
D=18, pdet=80.0%
D=20, pdet=68.5%
D=22, pdet=62.0%
D=35, pdet=23.5%
the learning rate: 5e-05
Time used = 10943.181255340576
Using /scratch/kriles_root/kriles0/damoncht/unet_dyn_fastnoise/data/500Hz/500Hz_H1L1_D0-35_256x128_7200s_4c_traindata_n1000_seed176_norm.npz
Loading pure noise ...
D=20, pdet=78.2%
Validation:
D=9, pdet=84.0%
D=12, pdet=48.0%
D=15, pdet=31.0%
D=18, pdet=18.0%
D=20, pdet=7.5%
D=22, pdet=5.5%
D=35, pdet=0.0%
the learning rate: 5e-05
Time used = 10965.41152215004
Using /scratch/kriles_root/kriles0/damoncht/unet_dyn_fastnoise/data/500Hz/500Hz_H1L1_D0-35_256x128_7200s_4c_traindata_n1000_seed177_norm.npz
Loading pure noise ...
D=20, pdet=73.8%
Validation:
D=9, pdet=100.0%
D=12, pdet=100.0%
D=15, pdet=85.0%
D=18, pdet=63.5%
D=20, pdet=54.50000000000001%
D=22, pdet=49.0%
D=35, pdet=10.0%
Epoch 478/1000, Training Loss: 3.194e-04, Validation Loss: 2.331e+03
the learning rate: 5e-05
Time used = 10993.209753513336
Using /scratch/kriles_root/kriles0/damoncht/unet_dyn_fastnoise/data/500Hz/500Hz_H1L1_D0-35_256x128_7200s_4c_traindata_n1000_seed178_norm.npz
Loading pure noise ...
D=20, pdet=75.4%
Validation:
D=9, pdet=100.0%
D=12, pdet=100.0%
D=15, pdet=95.0%
D=18, pdet=74.5%
D=20, pdet=63.0%
D=22, pdet=57.99999999999999%
D=35, pdet=19.5%
the learning rate: 5e-05
Time used = 11015.823300600052
Using /scratch/kriles_root/kriles0/damoncht/unet_dyn_fastnoise/data/500Hz/500Hz_H1L1_D0-35_256x128_7200s_4c_traindata_n1000_seed179_norm.npz
Loading pure noise ...
D=20, pdet=77.60000000000001%
Validation:
D=9, pdet=100.0%
D=12, pdet=99.5%
D=15, pdet=82.5%
D=18, pdet=64.0%
D=20, pdet=53.5%
D=22, pdet=49.5%
D=35, pdet=8.5%
the learning rate: 5e-05
Time used = 11040.094243764877
Using /scratch/kriles_root/kriles0/damoncht/unet_dyn_fastnoise/data/500Hz/500Hz_H1L1_D0-35_256x128_7200s_4c_traindata_n1000_seed180_norm.npz
Loading pure noise ...
D=20, pdet=75.0%
Validation:
D=9, pdet=100.0%
D=12, pdet=99.5%
D=15, pdet=84.5%
D=18, pdet=63.5%
D=20, pdet=55.00000000000001%
D=22, pdet=49.5%
D=35, pdet=9.0%
Epoch 481/1000, Training Loss: 3.260e-04, Validation Loss: 2.331e+03
the learning rate: 5e-05
Time used = 11062.182809829712
Using /scratch/kriles_root/kriles0/damoncht/unet_dyn_fastnoise/data/500Hz/500Hz_H1L1_D0-35_256x128_7200s_4c_traindata_n1000_seed181_norm.npz
Loading pure noise ...
D=20, pdet=74.0%
Validation:
D=9, pdet=100.0%
D=12, pdet=100.0%
D=15, pdet=93.0%
D=18, pdet=72.0%
D=20, pdet=60.0%
D=22, pdet=57.49999999999999%
D=35, pdet=18.0%
the learning rate: 5e-05
Time used = 11084.4124417305
Using /scratch/kriles_root/kriles0/damoncht/unet_dyn_fastnoise/data/500Hz/500Hz_H1L1_D0-35_256x128_7200s_4c_traindata_n1000_seed182_norm.npz
Loading pure noise ...
D=20, pdet=79.7%
Validation:
D=9, pdet=100.0%
D=12, pdet=100.0%
D=15, pdet=93.0%
D=18, pdet=70.5%
D=20, pdet=60.0%
D=22, pdet=56.99999999999999%
D=35, pdet=17.0%
the learning rate: 5e-05
Time used = 11106.657777547836
Using /scratch/kriles_root/kriles0/damoncht/unet_dyn_fastnoise/data/500Hz/500Hz_H1L1_D0-35_256x128_7200s_4c_traindata_n1000_seed183_norm.npz
Loading pure noise ...
D=20, pdet=75.2%
Validation:
D=9, pdet=100.0%
D=12, pdet=100.0%
D=15, pdet=83.0%
D=18, pdet=64.0%
D=20, pdet=54.50000000000001%
D=22, pdet=50.0%
D=35, pdet=10.0%
Epoch 484/1000, Training Loss: 3.147e-04, Validation Loss: 2.331e+03
the learning rate: 5e-05
Time used = 11128.936700105667
Using /scratch/kriles_root/kriles0/damoncht/unet_dyn_fastnoise/data/500Hz/500Hz_H1L1_D0-35_256x128_7200s_4c_traindata_n1000_seed184_norm.npz
Loading pure noise ...
D=20, pdet=73.4%
Validation:
D=9, pdet=96.0%
D=12, pdet=67.5%
D=15, pdet=49.5%
D=18, pdet=36.5%
D=20, pdet=24.0%
D=22, pdet=18.5%
D=35, pdet=0.5%
the learning rate: 5e-05
Time used = 11151.291707515717
Using /scratch/kriles_root/kriles0/damoncht/unet_dyn_fastnoise/data/500Hz/500Hz_H1L1_D0-35_256x128_7200s_4c_traindata_n1000_seed185_norm.npz
Loading pure noise ...
D=20, pdet=74.4%
Validation:
D=9, pdet=100.0%
D=12, pdet=83.0%
D=15, pdet=63.0%
D=18, pdet=53.0%
D=20, pdet=43.0%
D=22, pdet=35.5%
D=35, pdet=1.0%
the learning rate: 5e-05
Time used = 11174.154802560806
Using /scratch/kriles_root/kriles0/damoncht/unet_dyn_fastnoise/data/500Hz/500Hz_H1L1_D0-35_256x128_7200s_4c_traindata_n1000_seed186_norm.npz
Loading pure noise ...
D=20, pdet=72.8%
Validation:
D=9, pdet=100.0%
D=12, pdet=100.0%
D=15, pdet=87.5%
D=18, pdet=68.5%
D=20, pdet=56.49999999999999%
D=22, pdet=53.0%
D=35, pdet=14.499999999999998%
Epoch 487/1000, Training Loss: 3.218e-04, Validation Loss: 2.331e+03
the learning rate: 2.5e-05
Time used = 11196.482388496399
Using /scratch/kriles_root/kriles0/damoncht/unet_dyn_fastnoise/data/500Hz/500Hz_H1L1_D0-35_256x128_7200s_4c_traindata_n1000_seed187_norm.npz
Loading pure noise ...
D=20, pdet=74.5%
Validation:
D=9, pdet=92.5%
D=12, pdet=61.5%
D=15, pdet=42.0%
D=18, pdet=31.0%
D=20, pdet=16.5%
D=22, pdet=14.499999999999998%
D=35, pdet=0.0%
the learning rate: 2.5e-05
Time used = 11218.981295347214
Using /scratch/kriles_root/kriles0/damoncht/unet_dyn_fastnoise/data/500Hz/500Hz_H1L1_D0-35_256x128_7200s_4c_traindata_n1000_seed188_norm.npz
Loading pure noise ...
D=20, pdet=79.5%
Validation:
D=9, pdet=100.0%
D=12, pdet=100.0%
D=15, pdet=88.0%
D=18, pdet=69.0%
D=20, pdet=56.99999999999999%
D=22, pdet=52.5%
D=35, pdet=15.5%
the learning rate: 2.5e-05
Time used = 11241.42609167099
Using /scratch/kriles_root/kriles0/damoncht/unet_dyn_fastnoise/data/500Hz/500Hz_H1L1_D0-35_256x128_7200s_4c_traindata_n1000_seed189_norm.npz
Loading pure noise ...
D=20, pdet=74.9%
Validation:
D=9, pdet=97.5%
D=12, pdet=71.5%
D=15, pdet=56.00000000000001%
D=18, pdet=43.5%
D=20, pdet=33.5%
D=22, pdet=25.5%
D=35, pdet=0.0%
Epoch 490/1000, Training Loss: 3.290e-04, Validation Loss: 2.332e+03
the learning rate: 2.5e-05
Time used = 11264.246393203735
Using /scratch/kriles_root/kriles0/damoncht/unet_dyn_fastnoise/data/500Hz/500Hz_H1L1_D0-35_256x128_7200s_4c_traindata_n1000_seed190_norm.npz
Loading pure noise ...
D=20, pdet=74.3%
Validation:
D=9, pdet=100.0%
D=12, pdet=100.0%
D=15, pdet=96.5%
D=18, pdet=81.5%
D=20, pdet=71.0%
D=22, pdet=63.0%
D=35, pdet=26.0%
the learning rate: 2.5e-05
Time used = 11286.732791900635
Using /scratch/kriles_root/kriles0/damoncht/unet_dyn_fastnoise/data/500Hz/500Hz_H1L1_D0-35_256x128_7200s_4c_traindata_n1000_seed191_norm.npz
Loading pure noise ...
D=20, pdet=74.1%
Validation:
D=9, pdet=100.0%
D=12, pdet=100.0%
D=15, pdet=96.0%
D=18, pdet=78.0%
D=20, pdet=67.0%
D=22, pdet=59.5%
D=35, pdet=22.0%
the learning rate: 2.5e-05
Time used = 11309.213122606277
Using /scratch/kriles_root/kriles0/damoncht/unet_dyn_fastnoise/data/500Hz/500Hz_H1L1_D0-35_256x128_7200s_4c_traindata_n1000_seed192_norm.npz
Loading pure noise ...
D=20, pdet=75.6%
Validation:
D=9, pdet=100.0%
D=12, pdet=100.0%
D=15, pdet=96.0%
D=18, pdet=80.0%
D=20, pdet=70.0%
D=22, pdet=61.5%
D=35, pdet=23.5%
Epoch 493/1000, Training Loss: 3.277e-04, Validation Loss: 2.331e+03
the learning rate: 2.5e-05
Time used = 11334.617607593536
Using /scratch/kriles_root/kriles0/damoncht/unet_dyn_fastnoise/data/500Hz/500Hz_H1L1_D0-35_256x128_7200s_4c_traindata_n1000_seed193_norm.npz
Loading pure noise ...
D=20, pdet=74.6%
Validation:
D=9, pdet=100.0%
D=12, pdet=100.0%
D=15, pdet=96.0%
D=18, pdet=80.0%
D=20, pdet=70.5%
D=22, pdet=62.0%
D=35, pdet=23.5%
the learning rate: 2.5e-05
Time used = 11356.992285490036
Using /scratch/kriles_root/kriles0/damoncht/unet_dyn_fastnoise/data/500Hz/500Hz_H1L1_D0-35_256x128_7200s_4c_traindata_n1000_seed194_norm.npz
Loading pure noise ...
D=20, pdet=74.3%
Validation:
D=9, pdet=100.0%
D=12, pdet=100.0%
D=15, pdet=96.0%
D=18, pdet=80.5%
D=20, pdet=70.5%
D=22, pdet=62.5%
D=35, pdet=25.0%
the learning rate: 2.5e-05
Time used = 11379.755249023438
Using /scratch/kriles_root/kriles0/damoncht/unet_dyn_fastnoise/data/500Hz/500Hz_H1L1_D0-35_256x128_7200s_4c_traindata_n1000_seed195_norm.npz
Loading pure noise ...
D=20, pdet=75.2%
Validation:
D=9, pdet=100.0%
D=12, pdet=100.0%
D=15, pdet=95.5%
D=18, pdet=77.0%
D=20, pdet=66.5%
D=22, pdet=58.5%
D=35, pdet=22.5%
Epoch 496/1000, Training Loss: 3.173e-04, Validation Loss: 2.331e+03
the learning rate: 2.5e-05
Time used = 11402.323431968689
Using /scratch/kriles_root/kriles0/damoncht/unet_dyn_fastnoise/data/500Hz/500Hz_H1L1_D0-35_256x128_7200s_4c_traindata_n1000_seed196_norm.npz
Loading pure noise ...
D=20, pdet=75.8%
Validation:
D=9, pdet=100.0%
D=12, pdet=98.5%
D=15, pdet=75.0%
D=18, pdet=61.0%
D=20, pdet=52.0%
D=22, pdet=46.0%
D=35, pdet=5.0%
the learning rate: 2.5e-05
Time used = 11424.986324071884
Using /scratch/kriles_root/kriles0/damoncht/unet_dyn_fastnoise/data/500Hz/500Hz_H1L1_D0-35_256x128_7200s_4c_traindata_n1000_seed197_norm.npz
Loading pure noise ...
D=20, pdet=74.8%
Validation:
D=9, pdet=100.0%
D=12, pdet=100.0%
D=15, pdet=96.0%
D=18, pdet=79.5%
D=20, pdet=67.5%
D=22, pdet=60.0%
D=35, pdet=23.0%
the learning rate: 2.5e-05
Time used = 11449.951543807983
Using /scratch/kriles_root/kriles0/damoncht/unet_dyn_fastnoise/data/500Hz/500Hz_H1L1_D0-35_256x128_7200s_4c_traindata_n1000_seed198_norm.npz
Loading pure noise ...
D=20, pdet=78.4%
Validation:
D=9, pdet=100.0%
D=12, pdet=100.0%
D=15, pdet=89.0%
D=18, pdet=70.0%
D=20, pdet=58.5%
D=22, pdet=54.50000000000001%
D=35, pdet=16.0%
Epoch 499/1000, Training Loss: 3.108e-04, Validation Loss: 2.331e+03
the learning rate: 2.5e-05
Time used = 11472.43456196785
Using /scratch/kriles_root/kriles0/damoncht/unet_dyn_fastnoise/data/500Hz/500Hz_H1L1_D0-35_256x128_7200s_4c_traindata_n1000_seed199_norm.npz
Loading pure noise ...
D=20, pdet=78.5%
Validation:
D=9, pdet=96.5%
D=12, pdet=71.0%
D=15, pdet=54.0%
D=18, pdet=42.0%
D=20, pdet=33.5%
D=22, pdet=23.0%
D=35, pdet=0.0%
the learning rate: 2.5e-05
Time used = 11499.635382175446
Using /scratch/kriles_root/kriles0/damoncht/unet_dyn_fastnoise/data/500Hz/500Hz_H1L1_D0-35_256x128_7200s_4c_traindata_n1000_seed200_norm.npz
Loading pure noise ...
D=20, pdet=71.89999999999999%
Validation:
D=9, pdet=100.0%
D=12, pdet=100.0%
D=15, pdet=96.0%
D=18, pdet=78.0%
D=20, pdet=65.5%
D=22, pdet=59.5%
D=35, pdet=23.0%
the learning rate: 2.5e-05
Time used = 11523.153522968292
Using /scratch/kriles_root/kriles0/damoncht/unet_dyn_fastnoise/data/500Hz/500Hz_H1L1_D0-35_256x128_7200s_4c_traindata_n1000_seed201_norm.npz
Loading pure noise ...
D=20, pdet=76.3%
Validation:
D=9, pdet=100.0%
D=12, pdet=100.0%
D=15, pdet=96.0%
D=18, pdet=79.5%
D=20, pdet=68.0%
D=22, pdet=62.0%
D=35, pdet=23.0%
Epoch 502/1000, Training Loss: 3.234e-04, Validation Loss: 2.331e+03
the learning rate: 2.5e-05
Time used = 11545.26565027237
Using /scratch/kriles_root/kriles0/damoncht/unet_dyn_fastnoise/data/500Hz/500Hz_H1L1_D0-35_256x128_7200s_4c_traindata_n1000_seed202_norm.npz
Loading pure noise ...
D=20, pdet=73.7%
Validation:
D=9, pdet=100.0%
D=12, pdet=96.0%
D=15, pdet=73.5%
D=18, pdet=60.5%
D=20, pdet=50.5%
D=22, pdet=46.5%
D=35, pdet=4.5%
the learning rate: 2.5e-05
Time used = 11568.379810333252
Using /scratch/kriles_root/kriles0/damoncht/unet_dyn_fastnoise/data/500Hz/500Hz_H1L1_D0-35_256x128_7200s_4c_traindata_n1000_seed203_norm.npz
Loading pure noise ...
D=20, pdet=75.9%
Validation:
D=9, pdet=94.0%
D=12, pdet=65.5%
D=15, pdet=47.0%
D=18, pdet=33.5%
D=20, pdet=23.0%
D=22, pdet=17.5%
D=35, pdet=0.0%
the learning rate: 2.5e-05
Time used = 11590.979664802551
Using /scratch/kriles_root/kriles0/damoncht/unet_dyn_fastnoise/data/500Hz/500Hz_H1L1_D0-35_256x128_7200s_4c_traindata_n1000_seed204_norm.npz
Loading pure noise ...
D=20, pdet=73.6%
Validation:
D=9, pdet=100.0%
D=12, pdet=100.0%
D=15, pdet=92.5%
D=18, pdet=71.0%
D=20, pdet=58.5%
D=22, pdet=54.50000000000001%
D=35, pdet=17.0%
Epoch 505/1000, Training Loss: 3.185e-04, Validation Loss: 2.331e+03
the learning rate: 2.5e-05
Time used = 11615.323326349258
Using /scratch/kriles_root/kriles0/damoncht/unet_dyn_fastnoise/data/500Hz/500Hz_H1L1_D0-35_256x128_7200s_4c_traindata_n1000_seed205_norm.npz
Loading pure noise ...
D=20, pdet=75.4%
Validation:
D=9, pdet=88.0%
D=12, pdet=54.50000000000001%
D=15, pdet=37.5%
D=18, pdet=24.0%
D=20, pdet=11.5%
D=22, pdet=7.000000000000001%
D=35, pdet=0.0%
the learning rate: 2.5e-05
Time used = 11638.283181667328
Using /scratch/kriles_root/kriles0/damoncht/unet_dyn_fastnoise/data/500Hz/500Hz_H1L1_D0-35_256x128_7200s_4c_traindata_n1000_seed206_norm.npz
Loading pure noise ...
D=20, pdet=74.6%
Validation:
D=9, pdet=100.0%
D=12, pdet=86.0%
D=15, pdet=65.0%
D=18, pdet=54.0%
D=20, pdet=43.5%
D=22, pdet=37.0%
D=35, pdet=1.5%
the learning rate: 2.5e-05
Time used = 11660.929630279541
Using /scratch/kriles_root/kriles0/damoncht/unet_dyn_fastnoise/data/500Hz/500Hz_H1L1_D0-35_256x128_7200s_4c_traindata_n1000_seed207_norm.npz
Loading pure noise ...
D=20, pdet=76.0%
Validation:
D=9, pdet=100.0%
D=12, pdet=100.0%
D=15, pdet=96.0%
D=18, pdet=79.5%
D=20, pdet=66.0%
D=22, pdet=59.5%
D=35, pdet=22.5%
Epoch 508/1000, Training Loss: 3.180e-04, Validation Loss: 2.331e+03
the learning rate: 2.5e-05
Time used = 11683.913046121597
Using /scratch/kriles_root/kriles0/damoncht/unet_dyn_fastnoise/data/500Hz/500Hz_H1L1_D0-35_256x128_7200s_4c_traindata_n1000_seed208_norm.npz
Loading pure noise ...
D=20, pdet=75.3%
Validation:
D=9, pdet=100.0%
D=12, pdet=100.0%
D=15, pdet=97.5%
D=18, pdet=82.0%
D=20, pdet=73.5%
D=22, pdet=66.5%
D=35, pdet=27.500000000000004%
Replace best val model at epoch 508
the learning rate: 2.5e-05
Time used = 11707.070385932922
Using /scratch/kriles_root/kriles0/damoncht/unet_dyn_fastnoise/data/500Hz/500Hz_H1L1_D0-35_256x128_7200s_4c_traindata_n1000_seed209_norm.npz
Loading pure noise ...
D=20, pdet=76.8%
Validation:
D=9, pdet=100.0%
D=12, pdet=100.0%
D=15, pdet=96.0%
D=18, pdet=80.0%
D=20, pdet=68.0%
D=22, pdet=62.0%
D=35, pdet=23.0%
the learning rate: 2.5e-05
Time used = 11729.308376073837
Using /scratch/kriles_root/kriles0/damoncht/unet_dyn_fastnoise/data/500Hz/500Hz_H1L1_D0-35_256x128_7200s_4c_traindata_n1000_seed210_norm.npz
Loading pure noise ...
D=20, pdet=76.8%
Validation:
D=9, pdet=100.0%
D=12, pdet=100.0%
D=15, pdet=96.5%
D=18, pdet=81.0%
D=20, pdet=71.0%
D=22, pdet=63.0%
D=35, pdet=24.5%
Epoch 511/1000, Training Loss: 3.166e-04, Validation Loss: 2.331e+03
the learning rate: 2.5e-05
Time used = 11751.320915460587
Using /scratch/kriles_root/kriles0/damoncht/unet_dyn_fastnoise/data/500Hz/500Hz_H1L1_D0-35_256x128_7200s_4c_traindata_n1000_seed211_norm.npz
Loading pure noise ...
D=20, pdet=75.2%
Validation:
D=9, pdet=100.0%
D=12, pdet=100.0%
D=15, pdet=97.5%
D=18, pdet=83.0%
D=20, pdet=73.5%
D=22, pdet=65.5%
D=35, pdet=27.0%
the learning rate: 2.5e-05
Time used = 11773.348391532898
Using /scratch/kriles_root/kriles0/damoncht/unet_dyn_fastnoise/data/500Hz/500Hz_H1L1_D0-35_256x128_7200s_4c_traindata_n1000_seed212_norm.npz
Loading pure noise ...
D=20, pdet=74.1%
Validation:
D=9, pdet=100.0%
D=12, pdet=99.5%
D=15, pdet=82.5%
D=18, pdet=63.5%
D=20, pdet=54.0%
D=22, pdet=49.0%
D=35, pdet=10.0%
the learning rate: 2.5e-05
Time used = 11795.620277881622
Using /scratch/kriles_root/kriles0/damoncht/unet_dyn_fastnoise/data/500Hz/500Hz_H1L1_D0-35_256x128_7200s_4c_traindata_n1000_seed213_norm.npz
Loading pure noise ...
D=20, pdet=74.7%
Validation:
D=9, pdet=100.0%
D=12, pdet=100.0%
D=15, pdet=94.5%
D=18, pdet=73.5%
D=20, pdet=62.0%
D=22, pdet=56.49999999999999%
D=35, pdet=17.5%
Epoch 514/1000, Training Loss: 3.214e-04, Validation Loss: 2.331e+03
the learning rate: 2.5e-05
Time used = 11817.71420788765
Using /scratch/kriles_root/kriles0/damoncht/unet_dyn_fastnoise/data/500Hz/500Hz_H1L1_D0-35_256x128_7200s_4c_traindata_n1000_seed214_norm.npz
Loading pure noise ...
D=20, pdet=76.9%
Validation:
D=9, pdet=100.0%
D=12, pdet=100.0%
D=15, pdet=97.0%
D=18, pdet=80.5%
D=20, pdet=69.5%
D=22, pdet=63.0%
D=35, pdet=24.0%
the learning rate: 2.5e-05
Time used = 11840.467231273651
Using /scratch/kriles_root/kriles0/damoncht/unet_dyn_fastnoise/data/500Hz/500Hz_H1L1_D0-35_256x128_7200s_4c_traindata_n1000_seed215_norm.npz
Loading pure noise ...
D=20, pdet=77.7%
Validation:
D=9, pdet=100.0%
D=12, pdet=100.0%
D=15, pdet=96.0%
D=18, pdet=77.0%
D=20, pdet=65.5%
D=22, pdet=59.0%
D=35, pdet=22.5%
the learning rate: 2.5e-05
Time used = 11863.401841163635
Using /scratch/kriles_root/kriles0/damoncht/unet_dyn_fastnoise/data/500Hz/500Hz_H1L1_D0-35_256x128_7200s_4c_traindata_n1000_seed216_norm.npz
Loading pure noise ...
D=20, pdet=75.8%
Validation:
D=9, pdet=100.0%
D=12, pdet=100.0%
D=15, pdet=98.0%
D=18, pdet=83.5%
D=20, pdet=73.5%
D=22, pdet=66.5%
D=35, pdet=27.500000000000004%
Epoch 517/1000, Training Loss: 3.140e-04, Validation Loss: 2.331e+03
the learning rate: 2.5e-05
Time used = 11885.782354593277
Using /scratch/kriles_root/kriles0/damoncht/unet_dyn_fastnoise/data/500Hz/500Hz_H1L1_D0-35_256x128_7200s_4c_traindata_n1000_seed217_norm.npz
Loading pure noise ...
D=20, pdet=74.3%
Validation:
D=9, pdet=100.0%
D=12, pdet=87.5%
D=15, pdet=65.5%
D=18, pdet=56.00000000000001%
D=20, pdet=45.0%
D=22, pdet=39.5%
D=35, pdet=2.0%
the learning rate: 2.5e-05
Time used = 11907.93472290039
Using /scratch/kriles_root/kriles0/damoncht/unet_dyn_fastnoise/data/500Hz/500Hz_H1L1_D0-35_256x128_7200s_4c_traindata_n1000_seed218_norm.npz
Loading pure noise ...
D=20, pdet=74.0%
Validation:
D=9, pdet=100.0%
D=12, pdet=100.0%
D=15, pdet=96.0%
D=18, pdet=78.0%
D=20, pdet=65.5%
D=22, pdet=59.5%
D=35, pdet=22.0%
the learning rate: 2.5e-05
Time used = 11929.969766616821
Using /scratch/kriles_root/kriles0/damoncht/unet_dyn_fastnoise/data/500Hz/500Hz_H1L1_D0-35_256x128_7200s_4c_traindata_n1000_seed219_norm.npz
Loading pure noise ...
D=20, pdet=77.5%
Validation:
D=9, pdet=100.0%
D=12, pdet=100.0%
D=15, pdet=96.5%
D=18, pdet=80.5%
D=20, pdet=70.5%
D=22, pdet=61.5%
D=35, pdet=24.0%
Epoch 520/1000, Training Loss: 3.156e-04, Validation Loss: 2.331e+03
the learning rate: 2.5e-05
Time used = 11952.230046749115
Using /scratch/kriles_root/kriles0/damoncht/unet_dyn_fastnoise/data/500Hz/500Hz_H1L1_D0-35_256x128_7200s_4c_traindata_n1000_seed220_norm.npz
Loading pure noise ...
D=20, pdet=75.9%
Validation:
D=9, pdet=100.0%
D=12, pdet=100.0%
D=15, pdet=96.0%
D=18, pdet=79.5%
D=20, pdet=68.0%
D=22, pdet=60.5%
D=35, pdet=23.5%
the learning rate: 2.5e-05
Time used = 11976.200155973434
Using /scratch/kriles_root/kriles0/damoncht/unet_dyn_fastnoise/data/500Hz/500Hz_H1L1_D0-35_256x128_7200s_4c_traindata_n1000_seed221_norm.npz
Loading pure noise ...
D=20, pdet=78.0%
Validation:
D=9, pdet=100.0%
D=12, pdet=100.0%
D=15, pdet=97.0%
D=18, pdet=80.5%
D=20, pdet=71.0%
D=22, pdet=63.0%
D=35, pdet=25.0%
the learning rate: 2.5e-05
Time used = 11999.11843919754
Using /scratch/kriles_root/kriles0/damoncht/unet_dyn_fastnoise/data/500Hz/500Hz_H1L1_D0-35_256x128_7200s_4c_traindata_n1000_seed222_norm.npz
Loading pure noise ...
D=20, pdet=77.2%
Validation:
D=9, pdet=100.0%
D=12, pdet=100.0%
D=15, pdet=96.5%
D=18, pdet=80.0%
D=20, pdet=71.0%
D=22, pdet=62.5%
D=35, pdet=25.0%
Epoch 523/1000, Training Loss: 3.147e-04, Validation Loss: 2.331e+03
the learning rate: 2.5e-05
Time used = 12021.782204389572
Using /scratch/kriles_root/kriles0/damoncht/unet_dyn_fastnoise/data/500Hz/500Hz_H1L1_D0-35_256x128_7200s_4c_traindata_n1000_seed223_norm.npz
Loading pure noise ...
D=20, pdet=78.9%
Validation:
D=9, pdet=100.0%
D=12, pdet=100.0%
D=15, pdet=96.0%
D=18, pdet=80.0%
D=20, pdet=70.5%
D=22, pdet=61.5%
D=35, pdet=23.5%
the learning rate: 2.5e-05
Time used = 12044.549229383469
Using /scratch/kriles_root/kriles0/damoncht/unet_dyn_fastnoise/data/500Hz/500Hz_H1L1_D0-35_256x128_7200s_4c_traindata_n1000_seed224_norm.npz
Loading pure noise ...
D=20, pdet=74.8%
Validation:
D=9, pdet=100.0%
D=12, pdet=100.0%
D=15, pdet=98.0%
D=18, pdet=83.5%
D=20, pdet=74.0%
D=22, pdet=66.5%
D=35, pdet=29.5%
Replace best val model at epoch 524
Replace best pdet model at epoch 524
the learning rate: 2.5e-05
Time used = 12066.756317138672
Using /scratch/kriles_root/kriles0/damoncht/unet_dyn_fastnoise/data/500Hz/500Hz_H1L1_D0-35_256x128_7200s_4c_traindata_n1000_seed225_norm.npz
Loading pure noise ...
D=20, pdet=74.6%
Validation:
D=9, pdet=100.0%
D=12, pdet=100.0%
D=15, pdet=96.5%
D=18, pdet=80.0%
D=20, pdet=70.5%
D=22, pdet=61.0%
D=35, pdet=23.0%
Epoch 526/1000, Training Loss: 3.197e-04, Validation Loss: 2.331e+03
the learning rate: 2.5e-05
Time used = 12089.324849367142
Using /scratch/kriles_root/kriles0/damoncht/unet_dyn_fastnoise/data/500Hz/500Hz_H1L1_D0-35_256x128_7200s_4c_traindata_n1000_seed226_norm.npz
Loading pure noise ...
D=20, pdet=76.2%
Validation:
D=9, pdet=100.0%
D=12, pdet=85.5%
D=15, pdet=62.5%
D=18, pdet=53.5%
D=20, pdet=43.0%
D=22, pdet=38.0%
D=35, pdet=1.5%
the learning rate: 2.5e-05
Time used = 12111.691016197205
Using /scratch/kriles_root/kriles0/damoncht/unet_dyn_fastnoise/data/500Hz/500Hz_H1L1_D0-35_256x128_7200s_4c_traindata_n1000_seed227_norm.npz
Loading pure noise ...
D=20, pdet=78.9%
Validation:
D=9, pdet=100.0%
D=12, pdet=100.0%
D=15, pdet=96.0%
D=18, pdet=79.5%
D=20, pdet=69.5%
D=22, pdet=61.0%
D=35, pdet=23.5%
the learning rate: 2.5e-05
Time used = 12133.794852495193
Using /scratch/kriles_root/kriles0/damoncht/unet_dyn_fastnoise/data/500Hz/500Hz_H1L1_D0-35_256x128_7200s_4c_traindata_n1000_seed228_norm.npz
Loading pure noise ...
D=20, pdet=74.3%
Validation:
D=9, pdet=100.0%
D=12, pdet=100.0%
D=15, pdet=89.0%
D=18, pdet=68.5%
D=20, pdet=57.49999999999999%
D=22, pdet=54.50000000000001%
D=35, pdet=14.000000000000002%
Epoch 529/1000, Training Loss: 3.210e-04, Validation Loss: 2.331e+03
the learning rate: 2.5e-05
Time used = 12157.908632993698
Using /scratch/kriles_root/kriles0/damoncht/unet_dyn_fastnoise/data/500Hz/500Hz_H1L1_D0-35_256x128_7200s_4c_traindata_n1000_seed229_norm.npz
Loading pure noise ...
D=20, pdet=72.89999999999999%
Validation:
D=9, pdet=96.5%
D=12, pdet=71.0%
D=15, pdet=51.5%
D=18, pdet=38.0%
D=20, pdet=27.0%
D=22, pdet=20.5%
D=35, pdet=0.0%
the learning rate: 2.5e-05
Time used = 12180.054753541946
Using /scratch/kriles_root/kriles0/damoncht/unet_dyn_fastnoise/data/500Hz/500Hz_H1L1_D0-35_256x128_7200s_4c_traindata_n1000_seed230_norm.npz
Loading pure noise ...
D=20, pdet=76.3%
Validation:
D=9, pdet=100.0%
D=12, pdet=100.0%
D=15, pdet=96.0%
D=18, pdet=79.0%
D=20, pdet=66.5%
D=22, pdet=60.5%
D=35, pdet=22.5%
the learning rate: 2.5e-05
Time used = 12203.051479578018
Using /scratch/kriles_root/kriles0/damoncht/unet_dyn_fastnoise/data/500Hz/500Hz_H1L1_D0-35_256x128_7200s_4c_traindata_n1000_seed231_norm.npz
Loading pure noise ...
D=20, pdet=76.6%
Validation:
D=9, pdet=100.0%
D=12, pdet=100.0%
D=15, pdet=86.0%
D=18, pdet=66.0%
D=20, pdet=55.50000000000001%
D=22, pdet=51.5%
D=35, pdet=12.5%
Epoch 532/1000, Training Loss: 3.198e-04, Validation Loss: 2.331e+03
the learning rate: 2.5e-05
Time used = 12226.06851387024
Using /scratch/kriles_root/kriles0/damoncht/unet_dyn_fastnoise/data/500Hz/500Hz_H1L1_D0-35_256x128_7200s_4c_traindata_n1000_seed232_norm.npz
Loading pure noise ...
D=20, pdet=78.10000000000001%
Validation:
D=9, pdet=100.0%
D=12, pdet=100.0%
D=15, pdet=96.0%
D=18, pdet=80.0%
D=20, pdet=68.0%
D=22, pdet=61.5%
D=35, pdet=22.5%
the learning rate: 2.5e-05
Time used = 12249.73847603798
Using /scratch/kriles_root/kriles0/damoncht/unet_dyn_fastnoise/data/500Hz/500Hz_H1L1_D0-35_256x128_7200s_4c_traindata_n1000_seed233_norm.npz
Loading pure noise ...
D=20, pdet=75.7%
Validation:
D=9, pdet=100.0%
D=12, pdet=100.0%
D=15, pdet=85.5%
D=18, pdet=66.0%
D=20, pdet=55.50000000000001%
D=22, pdet=51.5%
D=35, pdet=12.0%
the learning rate: 2.5e-05
Time used = 12273.436490058899
Using /scratch/kriles_root/kriles0/damoncht/unet_dyn_fastnoise/data/500Hz/500Hz_H1L1_D0-35_256x128_7200s_4c_traindata_n1000_seed234_norm.npz
Loading pure noise ...
D=20, pdet=78.4%
Validation:
D=9, pdet=100.0%
D=12, pdet=100.0%
D=15, pdet=95.0%
D=18, pdet=72.5%
D=20, pdet=60.0%
D=22, pdet=56.99999999999999%
D=35, pdet=17.5%
Epoch 535/1000, Training Loss: 3.176e-04, Validation Loss: 2.331e+03
the learning rate: 2.5e-05
Time used = 12298.536696910858
Using /scratch/kriles_root/kriles0/damoncht/unet_dyn_fastnoise/data/500Hz/500Hz_H1L1_D0-35_256x128_7200s_4c_traindata_n1000_seed235_norm.npz
Loading pure noise ...
D=20, pdet=74.5%
Validation:
D=9, pdet=100.0%
D=12, pdet=91.0%
D=15, pdet=68.5%
D=18, pdet=56.99999999999999%
D=20, pdet=46.5%
D=22, pdet=39.0%
D=35, pdet=3.5000000000000004%
the learning rate: 2.5e-05
Time used = 12321.96300148964
Using /scratch/kriles_root/kriles0/damoncht/unet_dyn_fastnoise/data/500Hz/500Hz_H1L1_D0-35_256x128_7200s_4c_traindata_n1000_seed236_norm.npz
Loading pure noise ...
D=20, pdet=79.2%
Validation:
D=9, pdet=100.0%
D=12, pdet=100.0%
D=15, pdet=87.5%
D=18, pdet=69.0%
D=20, pdet=57.49999999999999%
D=22, pdet=54.0%
D=35, pdet=15.0%
the learning rate: 2.5e-05
Time used = 12344.784630537033
Using /scratch/kriles_root/kriles0/damoncht/unet_dyn_fastnoise/data/500Hz/500Hz_H1L1_D0-35_256x128_7200s_4c_traindata_n1000_seed237_norm.npz
Loading pure noise ...
D=20, pdet=78.5%
Validation:
D=9, pdet=100.0%
D=12, pdet=99.5%
D=15, pdet=82.0%
D=18, pdet=63.5%
D=20, pdet=53.5%
D=22, pdet=49.5%
D=35, pdet=10.0%
Epoch 538/1000, Training Loss: 3.194e-04, Validation Loss: 2.331e+03
the learning rate: 2.5e-05
Time used = 12367.652343988419
Using /scratch/kriles_root/kriles0/damoncht/unet_dyn_fastnoise/data/500Hz/500Hz_H1L1_D0-35_256x128_7200s_4c_traindata_n1000_seed238_norm.npz
Loading pure noise ...
D=20, pdet=75.4%
Validation:
D=9, pdet=100.0%
D=12, pdet=100.0%
D=15, pdet=83.5%
D=18, pdet=65.5%
D=20, pdet=54.50000000000001%
D=22, pdet=50.5%
D=35, pdet=11.0%
the learning rate: 2.5e-05
Time used = 12390.534852981567
Using /scratch/kriles_root/kriles0/damoncht/unet_dyn_fastnoise/data/500Hz/500Hz_H1L1_D0-35_256x128_7200s_4c_traindata_n1000_seed239_norm.npz
Loading pure noise ...
D=20, pdet=76.1%
Validation:
D=9, pdet=100.0%
D=12, pdet=100.0%
D=15, pdet=97.0%
D=18, pdet=81.5%
D=20, pdet=71.5%
D=22, pdet=64.5%
D=35, pdet=26.0%
the learning rate: 2.5e-05
Time used = 12414.053042173386
Using /scratch/kriles_root/kriles0/damoncht/unet_dyn_fastnoise/data/500Hz/500Hz_H1L1_D0-35_256x128_7200s_4c_traindata_n1000_seed240_norm.npz
Loading pure noise ...
D=20, pdet=74.7%
Validation:
D=9, pdet=100.0%
D=12, pdet=98.5%
D=15, pdet=79.5%
D=18, pdet=63.0%
D=20, pdet=53.5%
D=22, pdet=48.0%
D=35, pdet=10.0%
Epoch 541/1000, Training Loss: 3.231e-04, Validation Loss: 2.331e+03
the learning rate: 2.5e-05
Time used = 12436.897162675858
Using /scratch/kriles_root/kriles0/damoncht/unet_dyn_fastnoise/data/500Hz/500Hz_H1L1_D0-35_256x128_7200s_4c_traindata_n1000_seed241_norm.npz
Loading pure noise ...
D=20, pdet=74.4%
Validation:
D=9, pdet=100.0%
D=12, pdet=100.0%
D=15, pdet=96.0%
D=18, pdet=80.0%
D=20, pdet=69.5%
D=22, pdet=61.0%
D=35, pdet=24.0%
the learning rate: 2.5e-05
Time used = 12459.51418876648
Using /scratch/kriles_root/kriles0/damoncht/unet_dyn_fastnoise/data/500Hz/500Hz_H1L1_D0-35_256x128_7200s_4c_traindata_n1000_seed242_norm.npz
Loading pure noise ...
D=20, pdet=75.0%
Validation:
D=9, pdet=100.0%
D=12, pdet=100.0%
D=15, pdet=97.5%
D=18, pdet=81.5%
D=20, pdet=72.5%
D=22, pdet=63.0%
D=35, pdet=26.5%
the learning rate: 2.5e-05
Time used = 12484.66466832161
Using /scratch/kriles_root/kriles0/damoncht/unet_dyn_fastnoise/data/500Hz/500Hz_H1L1_D0-35_256x128_7200s_4c_traindata_n1000_seed243_norm.npz
Loading pure noise ...
D=20, pdet=76.4%
Validation:
D=9, pdet=100.0%
D=12, pdet=97.5%
D=15, pdet=78.5%
D=18, pdet=62.0%
D=20, pdet=53.0%
D=22, pdet=48.0%
D=35, pdet=6.5%
Epoch 544/1000, Training Loss: 3.098e-04, Validation Loss: 2.332e+03
the learning rate: 2.5e-05
Time used = 12507.748310565948
Using /scratch/kriles_root/kriles0/damoncht/unet_dyn_fastnoise/data/500Hz/500Hz_H1L1_D0-35_256x128_7200s_4c_traindata_n1000_seed244_norm.npz
Loading pure noise ...
D=20, pdet=78.4%
Validation:
D=9, pdet=100.0%
D=12, pdet=100.0%
D=15, pdet=95.5%
D=18, pdet=74.0%
D=20, pdet=64.0%
D=22, pdet=58.5%
D=35, pdet=21.5%
the learning rate: 2.5e-05
Time used = 12532.008261442184
Using /scratch/kriles_root/kriles0/damoncht/unet_dyn_fastnoise/data/500Hz/500Hz_H1L1_D0-35_256x128_7200s_4c_traindata_n1000_seed245_norm.npz
Loading pure noise ...
D=20, pdet=76.4%
Validation:
D=9, pdet=100.0%
D=12, pdet=100.0%
D=15, pdet=91.5%
D=18, pdet=70.5%
D=20, pdet=58.5%
D=22, pdet=56.00000000000001%
D=35, pdet=16.0%
the learning rate: 2.5e-05
Time used = 12554.712004899979
Using /scratch/kriles_root/kriles0/damoncht/unet_dyn_fastnoise/data/500Hz/500Hz_H1L1_D0-35_256x128_7200s_4c_traindata_n1000_seed246_norm.npz
Loading pure noise ...
D=20, pdet=77.0%
Validation:
D=9, pdet=100.0%
D=12, pdet=100.0%
D=15, pdet=86.5%
D=18, pdet=65.0%
D=20, pdet=55.50000000000001%
D=22, pdet=50.5%
D=35, pdet=11.0%
Epoch 547/1000, Training Loss: 3.168e-04, Validation Loss: 2.331e+03
the learning rate: 2.5e-05
Time used = 12577.69183921814
Using /scratch/kriles_root/kriles0/damoncht/unet_dyn_fastnoise/data/500Hz/500Hz_H1L1_D0-35_256x128_7200s_4c_traindata_n1000_seed247_norm.npz
Loading pure noise ...
D=20, pdet=77.4%
Validation:
D=9, pdet=100.0%
D=12, pdet=99.5%
D=15, pdet=80.0%
D=18, pdet=62.5%
D=20, pdet=54.0%
D=22, pdet=50.0%
D=35, pdet=9.5%
the learning rate: 2.5e-05
Time used = 12600.224711179733
Using /scratch/kriles_root/kriles0/damoncht/unet_dyn_fastnoise/data/500Hz/500Hz_H1L1_D0-35_256x128_7200s_4c_traindata_n1000_seed248_norm.npz
Loading pure noise ...
D=20, pdet=76.3%
Validation:
D=9, pdet=100.0%
D=12, pdet=100.0%
D=15, pdet=96.0%
D=18, pdet=78.0%
D=20, pdet=66.5%
D=22, pdet=61.5%
D=35, pdet=23.0%
the learning rate: 2.5e-05
Time used = 12622.680284500122
Using /scratch/kriles_root/kriles0/damoncht/unet_dyn_fastnoise/data/500Hz/500Hz_H1L1_D0-35_256x128_7200s_4c_traindata_n1000_seed249_norm.npz
Loading pure noise ...
D=20, pdet=75.4%
Validation:
D=9, pdet=100.0%
D=12, pdet=100.0%
D=15, pdet=87.0%
D=18, pdet=65.0%
D=20, pdet=56.00000000000001%
D=22, pdet=51.5%
D=35, pdet=12.5%
Epoch 550/1000, Training Loss: 3.226e-04, Validation Loss: 2.331e+03
the learning rate: 2.5e-05
Time used = 12645.236785888672
Using /scratch/kriles_root/kriles0/damoncht/unet_dyn_fastnoise/data/500Hz/500Hz_H1L1_D0-35_256x128_7200s_4c_traindata_n1000_seed250_norm.npz
Loading pure noise ...
D=20, pdet=75.6%
Validation:
D=9, pdet=100.0%
D=12, pdet=100.0%
D=15, pdet=82.0%
D=18, pdet=64.0%
D=20, pdet=55.00000000000001%
D=22, pdet=50.0%
D=35, pdet=10.5%
the learning rate: 2.5e-05
Time used = 12667.811661720276
Using /scratch/kriles_root/kriles0/damoncht/unet_dyn_fastnoise/data/500Hz/500Hz_H1L1_D0-35_256x128_7200s_4c_traindata_n1000_seed251_norm.npz
Loading pure noise ...
D=20, pdet=78.2%
Validation:
D=9, pdet=97.0%
D=12, pdet=75.5%
D=15, pdet=56.49999999999999%
D=18, pdet=44.0%
D=20, pdet=35.5%
D=22, pdet=25.5%
D=35, pdet=0.0%
the learning rate: 2.5e-05
Time used = 12690.135127544403
Using /scratch/kriles_root/kriles0/damoncht/unet_dyn_fastnoise/data/500Hz/500Hz_H1L1_D0-35_256x128_7200s_4c_traindata_n1000_seed252_norm.npz
Loading pure noise ...
D=20, pdet=76.1%
Validation:
D=9, pdet=100.0%
D=12, pdet=100.0%
D=15, pdet=96.5%
D=18, pdet=79.5%
D=20, pdet=69.0%
D=22, pdet=61.5%
D=35, pdet=24.5%
Epoch 553/1000, Training Loss: 3.224e-04, Validation Loss: 2.331e+03
the learning rate: 2.5e-05
Time used = 12712.615678787231
Using /scratch/kriles_root/kriles0/damoncht/unet_dyn_fastnoise/data/500Hz/500Hz_H1L1_D0-35_256x128_7200s_4c_traindata_n1000_seed253_norm.npz
Loading pure noise ...
D=20, pdet=77.2%
Validation:
D=9, pdet=100.0%
D=12, pdet=100.0%
D=15, pdet=96.0%
D=18, pdet=79.0%
D=20, pdet=67.5%
D=22, pdet=61.0%
D=35, pdet=22.5%
the learning rate: 2.5e-05
Time used = 12735.365516901016
Using /scratch/kriles_root/kriles0/damoncht/unet_dyn_fastnoise/data/500Hz/500Hz_H1L1_D0-35_256x128_7200s_4c_traindata_n1000_seed254_norm.npz
Loading pure noise ...
D=20, pdet=76.5%
Validation:
D=9, pdet=100.0%
D=12, pdet=100.0%
D=15, pdet=96.0%
D=18, pdet=79.5%
D=20, pdet=69.5%
D=22, pdet=62.0%
D=35, pdet=25.0%
the learning rate: 2.5e-05
Time used = 12758.045128822327
Using /scratch/kriles_root/kriles0/damoncht/unet_dyn_fastnoise/data/500Hz/500Hz_H1L1_D0-35_256x128_7200s_4c_traindata_n1000_seed255_norm.npz
Loading pure noise ...
D=20, pdet=74.3%
Validation:
D=9, pdet=100.0%
D=12, pdet=100.0%
D=15, pdet=97.0%
D=18, pdet=80.0%
D=20, pdet=69.5%
D=22, pdet=63.5%
D=35, pdet=25.5%
Epoch 556/1000, Training Loss: 3.168e-04, Validation Loss: 2.331e+03
Replace best val model at epoch 555
the learning rate: 2.5e-05
Time used = 12780.41728258133
Using /scratch/kriles_root/kriles0/damoncht/unet_dyn_fastnoise/data/500Hz/500Hz_H1L1_D0-35_256x128_7200s_4c_traindata_n1000_seed256_norm.npz
Loading pure noise ...
D=20, pdet=74.4%
Validation:
D=9, pdet=100.0%
D=12, pdet=100.0%
D=15, pdet=96.0%
D=18, pdet=78.5%
D=20, pdet=65.0%
D=22, pdet=60.0%
D=35, pdet=23.0%
the learning rate: 2.5e-05
Time used = 12803.736996650696
Using /scratch/kriles_root/kriles0/damoncht/unet_dyn_fastnoise/data/500Hz/500Hz_H1L1_D0-35_256x128_7200s_4c_traindata_n1000_seed257_norm.npz
Loading pure noise ...
D=20, pdet=76.6%
Validation:
D=9, pdet=100.0%
D=12, pdet=100.0%
D=15, pdet=91.0%
D=18, pdet=70.0%
D=20, pdet=57.49999999999999%
D=22, pdet=54.50000000000001%
D=35, pdet=17.0%
the learning rate: 2.5e-05
Time used = 12826.290803194046
Using /scratch/kriles_root/kriles0/damoncht/unet_dyn_fastnoise/data/500Hz/500Hz_H1L1_D0-35_256x128_7200s_4c_traindata_n1000_seed258_norm.npz
Loading pure noise ...
D=20, pdet=76.0%
Validation:
D=9, pdet=100.0%
D=12, pdet=100.0%
D=15, pdet=96.0%
D=18, pdet=78.0%
D=20, pdet=66.0%
D=22, pdet=59.5%
D=35, pdet=22.5%
Epoch 559/1000, Training Loss: 3.134e-04, Validation Loss: 2.331e+03
the learning rate: 2.5e-05
Time used = 12848.68430352211
Using /scratch/kriles_root/kriles0/damoncht/unet_dyn_fastnoise/data/500Hz/500Hz_H1L1_D0-35_256x128_7200s_4c_traindata_n1000_seed259_norm.npz
Loading pure noise ...
D=20, pdet=72.39999999999999%
Validation:
D=9, pdet=100.0%
D=12, pdet=100.0%
D=15, pdet=96.0%
D=18, pdet=77.0%
D=20, pdet=66.5%
D=22, pdet=60.0%
D=35, pdet=22.0%
the learning rate: 2.5e-05
Time used = 12871.018154621124
Using /scratch/kriles_root/kriles0/damoncht/unet_dyn_fastnoise/data/500Hz/500Hz_H1L1_D0-35_256x128_7200s_4c_traindata_n1000_seed260_norm.npz
Loading pure noise ...
D=20, pdet=76.1%
Validation:
D=9, pdet=100.0%
D=12, pdet=100.0%
D=15, pdet=96.0%
D=18, pdet=80.0%
D=20, pdet=69.0%
D=22, pdet=62.5%
D=35, pdet=24.0%
the learning rate: 2.5e-05
Time used = 12893.252392530441
Using /scratch/kriles_root/kriles0/damoncht/unet_dyn_fastnoise/data/500Hz/500Hz_H1L1_D0-35_256x128_7200s_4c_traindata_n1000_seed261_norm.npz
Loading pure noise ...
D=20, pdet=76.1%
Validation:
D=9, pdet=100.0%
D=12, pdet=100.0%
D=15, pdet=95.0%
D=18, pdet=73.5%
D=20, pdet=62.5%
D=22, pdet=57.99999999999999%
D=35, pdet=19.0%
Epoch 562/1000, Training Loss: 3.150e-04, Validation Loss: 2.331e+03
the learning rate: 2.5e-05
Time used = 12915.552555084229
Using /scratch/kriles_root/kriles0/damoncht/unet_dyn_fastnoise/data/500Hz/500Hz_H1L1_D0-35_256x128_7200s_4c_traindata_n1000_seed262_norm.npz
Loading pure noise ...
D=20, pdet=75.7%
Validation:
D=9, pdet=100.0%
D=12, pdet=100.0%
D=15, pdet=89.0%
D=18, pdet=69.5%
D=20, pdet=56.99999999999999%
D=22, pdet=54.50000000000001%
D=35, pdet=14.499999999999998%
the learning rate: 2.5e-05
Time used = 12939.00439620018
Using /scratch/kriles_root/kriles0/damoncht/unet_dyn_fastnoise/data/500Hz/500Hz_H1L1_D0-35_256x128_7200s_4c_traindata_n1000_seed263_norm.npz
Loading pure noise ...
D=20, pdet=76.4%
Validation:
D=9, pdet=100.0%
D=12, pdet=100.0%
D=15, pdet=96.0%
D=18, pdet=80.5%
D=20, pdet=70.5%
D=22, pdet=63.5%
D=35, pdet=25.0%
the learning rate: 2.5e-05
Time used = 12961.370138645172
Using /scratch/kriles_root/kriles0/damoncht/unet_dyn_fastnoise/data/500Hz/500Hz_H1L1_D0-35_256x128_7200s_4c_traindata_n1000_seed264_norm.npz
Loading pure noise ...
D=20, pdet=77.5%
Validation:
D=9, pdet=100.0%
D=12, pdet=100.0%
D=15, pdet=96.5%
D=18, pdet=81.0%
D=20, pdet=70.5%
D=22, pdet=63.0%
D=35, pdet=25.5%
Epoch 565/1000, Training Loss: 3.174e-04, Validation Loss: 2.331e+03
the learning rate: 2.5e-05
Time used = 12985.082473516464
Using /scratch/kriles_root/kriles0/damoncht/unet_dyn_fastnoise/data/500Hz/500Hz_H1L1_D0-35_256x128_7200s_4c_traindata_n1000_seed265_norm.npz
Loading pure noise ...
D=20, pdet=74.7%
Validation:
D=9, pdet=100.0%
D=12, pdet=100.0%
D=15, pdet=97.0%
D=18, pdet=82.0%
D=20, pdet=72.0%
D=22, pdet=64.0%
D=35, pdet=28.000000000000004%
the learning rate: 2.5e-05
Time used = 13007.326239585876
Using /scratch/kriles_root/kriles0/damoncht/unet_dyn_fastnoise/data/500Hz/500Hz_H1L1_D0-35_256x128_7200s_4c_traindata_n1000_seed266_norm.npz
Loading pure noise ...
D=20, pdet=77.2%
Validation:
D=9, pdet=100.0%
D=12, pdet=100.0%
D=15, pdet=95.0%
D=18, pdet=73.5%
D=20, pdet=62.5%
D=22, pdet=56.00000000000001%
D=35, pdet=19.5%
the learning rate: 2.5e-05
Time used = 13029.727492332458
Using /scratch/kriles_root/kriles0/damoncht/unet_dyn_fastnoise/data/500Hz/500Hz_H1L1_D0-35_256x128_7200s_4c_traindata_n1000_seed267_norm.npz
Loading pure noise ...
D=20, pdet=75.1%
Validation:
D=9, pdet=95.0%
D=12, pdet=66.5%
D=15, pdet=49.5%
D=18, pdet=36.5%
D=20, pdet=24.0%
D=22, pdet=20.5%
D=35, pdet=0.5%
Epoch 568/1000, Training Loss: 3.153e-04, Validation Loss: 2.331e+03
the learning rate: 2.5e-05
Time used = 13052.425513029099
Using /scratch/kriles_root/kriles0/damoncht/unet_dyn_fastnoise/data/500Hz/500Hz_H1L1_D0-35_256x128_7200s_4c_traindata_n1000_seed268_norm.npz
Loading pure noise ...
D=20, pdet=75.6%
Validation:
D=9, pdet=100.0%
D=12, pdet=100.0%
D=15, pdet=97.0%
D=18, pdet=83.0%
D=20, pdet=74.0%
D=22, pdet=65.5%
D=35, pdet=28.499999999999996%
the learning rate: 2.5e-05
Time used = 13075.364511013031
Using /scratch/kriles_root/kriles0/damoncht/unet_dyn_fastnoise/data/500Hz/500Hz_H1L1_D0-35_256x128_7200s_4c_traindata_n1000_seed269_norm.npz
Loading pure noise ...
D=20, pdet=76.6%
Validation:
D=9, pdet=100.0%
D=12, pdet=100.0%
D=15, pdet=84.0%
D=18, pdet=63.5%
D=20, pdet=54.50000000000001%
D=22, pdet=49.5%
D=35, pdet=11.5%
the learning rate: 2.5e-05
Time used = 13097.882184743881
Using /scratch/kriles_root/kriles0/damoncht/unet_dyn_fastnoise/data/500Hz/500Hz_H1L1_D0-35_256x128_7200s_4c_traindata_n1000_seed270_norm.npz
Loading pure noise ...
D=20, pdet=74.0%
Validation:
D=9, pdet=100.0%
D=12, pdet=100.0%
D=15, pdet=96.0%
D=18, pdet=82.0%
D=20, pdet=71.0%
D=22, pdet=63.5%
D=35, pdet=26.5%
Epoch 571/1000, Training Loss: 3.170e-04, Validation Loss: 2.331e+03
the learning rate: 2.5e-05
Time used = 13120.395146846771
Using /scratch/kriles_root/kriles0/damoncht/unet_dyn_fastnoise/data/500Hz/500Hz_H1L1_D0-35_256x128_7200s_4c_traindata_n1000_seed271_norm.npz
Loading pure noise ...
D=20, pdet=71.39999999999999%
Validation:
D=9, pdet=100.0%
D=12, pdet=100.0%
D=15, pdet=93.5%
D=18, pdet=71.5%
D=20, pdet=60.5%
D=22, pdet=55.50000000000001%
D=35, pdet=18.0%
the learning rate: 2.5e-05
Time used = 13143.305145263672
Using /scratch/kriles_root/kriles0/damoncht/unet_dyn_fastnoise/data/500Hz/500Hz_H1L1_D0-35_256x128_7200s_4c_traindata_n1000_seed272_norm.npz
Loading pure noise ...
D=20, pdet=75.9%
Validation:
D=9, pdet=100.0%
D=12, pdet=100.0%
D=15, pdet=94.5%
D=18, pdet=74.5%
D=20, pdet=63.5%
D=22, pdet=57.49999999999999%
D=35, pdet=20.5%
the learning rate: 2.5e-05
Time used = 13165.664142131805
Using /scratch/kriles_root/kriles0/damoncht/unet_dyn_fastnoise/data/500Hz/500Hz_H1L1_D0-35_256x128_7200s_4c_traindata_n1000_seed273_norm.npz
Loading pure noise ...
D=20, pdet=75.0%
Validation:
D=9, pdet=100.0%
D=12, pdet=94.5%
D=15, pdet=73.0%
D=18, pdet=59.5%
D=20, pdet=49.5%
D=22, pdet=43.5%
D=35, pdet=4.5%
Epoch 574/1000, Training Loss: 3.169e-04, Validation Loss: 2.331e+03
the learning rate: 2.5e-05
Time used = 13190.290503263474
Using /scratch/kriles_root/kriles0/damoncht/unet_dyn_fastnoise/data/500Hz/500Hz_H1L1_D0-35_256x128_7200s_4c_traindata_n1000_seed274_norm.npz
Loading pure noise ...
D=20, pdet=73.5%
Validation:
D=9, pdet=100.0%
D=12, pdet=100.0%
D=15, pdet=97.5%
D=18, pdet=81.5%
D=20, pdet=71.5%
D=22, pdet=64.5%
D=35, pdet=28.000000000000004%
the learning rate: 2.5e-05
Time used = 13213.181399822235
Using /scratch/kriles_root/kriles0/damoncht/unet_dyn_fastnoise/data/500Hz/500Hz_H1L1_D0-35_256x128_7200s_4c_traindata_n1000_seed275_norm.npz
Loading pure noise ...
D=20, pdet=76.0%
Validation:
D=9, pdet=94.5%
D=12, pdet=66.0%
D=15, pdet=48.0%
D=18, pdet=33.5%
D=20, pdet=22.5%
D=22, pdet=16.5%
D=35, pdet=0.0%
the learning rate: 2.5e-05
Time used = 13238.735141515732
Using /scratch/kriles_root/kriles0/damoncht/unet_dyn_fastnoise/data/500Hz/500Hz_H1L1_D0-35_256x128_7200s_4c_traindata_n1000_seed276_norm.npz
Loading pure noise ...
D=20, pdet=73.3%
Validation:
D=9, pdet=100.0%
D=12, pdet=100.0%
D=15, pdet=97.0%
D=18, pdet=81.5%
D=20, pdet=71.0%
D=22, pdet=63.5%
D=35, pdet=26.5%
Epoch 577/1000, Training Loss: 3.203e-04, Validation Loss: 2.331e+03
the learning rate: 2.5e-05
Time used = 13261.54944729805
Using /scratch/kriles_root/kriles0/damoncht/unet_dyn_fastnoise/data/500Hz/500Hz_H1L1_D0-35_256x128_7200s_4c_traindata_n1000_seed277_norm.npz
Loading pure noise ...
D=20, pdet=78.5%
Validation:
D=9, pdet=100.0%
D=12, pdet=100.0%
D=15, pdet=96.0%
D=18, pdet=79.5%
D=20, pdet=68.0%
D=22, pdet=61.0%
D=35, pdet=24.0%
the learning rate: 2.5e-05
Time used = 13284.14663553238
Using /scratch/kriles_root/kriles0/damoncht/unet_dyn_fastnoise/data/500Hz/500Hz_H1L1_D0-35_256x128_7200s_4c_traindata_n1000_seed278_norm.npz
Loading pure noise ...
D=20, pdet=77.0%
Validation:
D=9, pdet=100.0%
D=12, pdet=100.0%
D=15, pdet=97.0%
D=18, pdet=81.0%
D=20, pdet=72.0%
D=22, pdet=64.0%
D=35, pdet=27.500000000000004%
the learning rate: 2.5e-05
Time used = 13306.618391513824
Using /scratch/kriles_root/kriles0/damoncht/unet_dyn_fastnoise/data/500Hz/500Hz_H1L1_D0-35_256x128_7200s_4c_traindata_n1000_seed279_norm.npz
Loading pure noise ...
D=20, pdet=75.8%
Validation:
D=9, pdet=100.0%
D=12, pdet=100.0%
D=15, pdet=96.0%
D=18, pdet=74.5%
D=20, pdet=65.0%
D=22, pdet=58.5%
D=35, pdet=20.5%
Epoch 580/1000, Training Loss: 3.175e-04, Validation Loss: 2.331e+03
the learning rate: 2.5e-05
Time used = 13328.96455860138
Using /scratch/kriles_root/kriles0/damoncht/unet_dyn_fastnoise/data/500Hz/500Hz_H1L1_D0-35_256x128_7200s_4c_traindata_n1000_seed280_norm.npz
Loading pure noise ...
D=20, pdet=79.2%
Validation:
D=9, pdet=100.0%
D=12, pdet=100.0%
D=15, pdet=96.0%
D=18, pdet=81.0%
D=20, pdet=70.5%
D=22, pdet=63.0%
D=35, pdet=24.5%
the learning rate: 2.5e-05
Time used = 13352.73465847969
Using /scratch/kriles_root/kriles0/damoncht/unet_dyn_fastnoise/data/500Hz/500Hz_H1L1_D0-35_256x128_7200s_4c_traindata_n1000_seed281_norm.npz
Loading pure noise ...
D=20, pdet=73.9%
Validation:
D=9, pdet=100.0%
D=12, pdet=100.0%
D=15, pdet=96.0%
D=18, pdet=80.0%
D=20, pdet=69.5%
D=22, pdet=61.5%
D=35, pdet=24.5%
the learning rate: 2.5e-05
Time used = 13375.519737243652
Using /scratch/kriles_root/kriles0/damoncht/unet_dyn_fastnoise/data/500Hz/500Hz_H1L1_D0-35_256x128_7200s_4c_traindata_n1000_seed282_norm.npz
Loading pure noise ...
D=20, pdet=76.9%
Validation:
D=9, pdet=100.0%
D=12, pdet=98.0%
D=15, pdet=75.5%
D=18, pdet=61.5%
D=20, pdet=51.5%
D=22, pdet=46.0%
D=35, pdet=5.5%
Epoch 583/1000, Training Loss: 3.127e-04, Validation Loss: 2.331e+03
the learning rate: 2.5e-05
Time used = 13398.23492527008
Using /scratch/kriles_root/kriles0/damoncht/unet_dyn_fastnoise/data/500Hz/500Hz_H1L1_D0-35_256x128_7200s_4c_traindata_n1000_seed283_norm.npz
Loading pure noise ...
D=20, pdet=76.2%
Validation:
D=9, pdet=100.0%
D=12, pdet=100.0%
D=15, pdet=96.5%
D=18, pdet=81.0%
D=20, pdet=71.0%
D=22, pdet=64.0%
D=35, pdet=26.0%
the learning rate: 2.5e-05
Time used = 13420.825464963913
Using /scratch/kriles_root/kriles0/damoncht/unet_dyn_fastnoise/data/500Hz/500Hz_H1L1_D0-35_256x128_7200s_4c_traindata_n1000_seed284_norm.npz
Loading pure noise ...
D=20, pdet=75.3%
Validation:
D=9, pdet=100.0%
D=12, pdet=100.0%
D=15, pdet=96.5%
D=18, pdet=81.5%
D=20, pdet=72.0%
D=22, pdet=63.0%
D=35, pdet=25.0%
the learning rate: 2.5e-05
Time used = 13443.66724395752
Using /scratch/kriles_root/kriles0/damoncht/unet_dyn_fastnoise/data/500Hz/500Hz_H1L1_D0-35_256x128_7200s_4c_traindata_n1000_seed285_norm.npz
Loading pure noise ...
D=20, pdet=78.0%
Validation:
D=9, pdet=100.0%
D=12, pdet=100.0%
D=15, pdet=86.0%
D=18, pdet=66.5%
D=20, pdet=56.99999999999999%
D=22, pdet=50.5%
D=35, pdet=13.0%
Epoch 586/1000, Training Loss: 3.119e-04, Validation Loss: 2.331e+03
the learning rate: 2.5e-05
Time used = 13466.3962829113
Using /scratch/kriles_root/kriles0/damoncht/unet_dyn_fastnoise/data/500Hz/500Hz_H1L1_D0-35_256x128_7200s_4c_traindata_n1000_seed286_norm.npz
Loading pure noise ...
D=20, pdet=79.7%
Validation:
D=9, pdet=100.0%
D=12, pdet=100.0%
D=15, pdet=94.0%
D=18, pdet=74.0%
D=20, pdet=64.0%
D=22, pdet=57.99999999999999%
D=35, pdet=20.5%
the learning rate: 2.5e-05
Time used = 13489.577464818954
Using /scratch/kriles_root/kriles0/damoncht/unet_dyn_fastnoise/data/500Hz/500Hz_H1L1_D0-35_256x128_7200s_4c_traindata_n1000_seed287_norm.npz
Loading pure noise ...
D=20, pdet=76.4%
Validation:
D=9, pdet=100.0%
D=12, pdet=100.0%
D=15, pdet=92.5%
D=18, pdet=71.0%
D=20, pdet=59.0%
D=22, pdet=55.00000000000001%
D=35, pdet=16.5%
the learning rate: 2.5e-05
Time used = 13512.583115816116
Using /scratch/kriles_root/kriles0/damoncht/unet_dyn_fastnoise/data/500Hz/500Hz_H1L1_D0-35_256x128_7200s_4c_traindata_n1000_seed288_norm.npz
Loading pure noise ...
D=20, pdet=75.5%
Validation:
D=9, pdet=100.0%
D=12, pdet=100.0%
D=15, pdet=86.5%
D=18, pdet=67.0%
D=20, pdet=55.50000000000001%
D=22, pdet=52.0%
D=35, pdet=12.5%
Epoch 589/1000, Training Loss: 3.122e-04, Validation Loss: 2.331e+03
the learning rate: 2.5e-05
Time used = 13535.206340789795
Using /scratch/kriles_root/kriles0/damoncht/unet_dyn_fastnoise/data/500Hz/500Hz_H1L1_D0-35_256x128_7200s_4c_traindata_n1000_seed289_norm.npz
Loading pure noise ...
D=20, pdet=75.9%
Validation:
D=9, pdet=100.0%
D=12, pdet=100.0%
D=15, pdet=96.0%
D=18, pdet=80.0%
D=20, pdet=70.5%
D=22, pdet=63.0%
D=35, pdet=24.0%
the learning rate: 2.5e-05
Time used = 13557.52229142189
Using /scratch/kriles_root/kriles0/damoncht/unet_dyn_fastnoise/data/500Hz/500Hz_H1L1_D0-35_256x128_7200s_4c_traindata_n1000_seed290_norm.npz
Loading pure noise ...
D=20, pdet=76.0%
Validation:
D=9, pdet=100.0%
D=12, pdet=100.0%
D=15, pdet=98.5%
D=18, pdet=82.5%
D=20, pdet=73.5%
D=22, pdet=67.0%
D=35, pdet=27.0%
the learning rate: 2.5e-05
Time used = 13580.006476163864
Using /scratch/kriles_root/kriles0/damoncht/unet_dyn_fastnoise/data/500Hz/500Hz_H1L1_D0-35_256x128_7200s_4c_traindata_n1000_seed291_norm.npz
Loading pure noise ...
D=20, pdet=78.5%
Validation:
D=9, pdet=100.0%
D=12, pdet=100.0%
D=15, pdet=96.0%
D=18, pdet=76.5%
D=20, pdet=66.5%
D=22, pdet=59.5%
D=35, pdet=21.0%
Epoch 592/1000, Training Loss: 3.167e-04, Validation Loss: 2.331e+03
the learning rate: 2.5e-05
Time used = 13602.636136054993
Using /scratch/kriles_root/kriles0/damoncht/unet_dyn_fastnoise/data/500Hz/500Hz_H1L1_D0-35_256x128_7200s_4c_traindata_n1000_seed292_norm.npz
Loading pure noise ...
D=20, pdet=76.8%
Validation:
D=9, pdet=100.0%
D=12, pdet=100.0%
D=15, pdet=97.0%
D=18, pdet=81.0%
D=20, pdet=70.5%
D=22, pdet=62.5%
D=35, pdet=25.0%
the learning rate: 2.5e-05
Time used = 13627.811486244202
Using /scratch/kriles_root/kriles0/damoncht/unet_dyn_fastnoise/data/500Hz/500Hz_H1L1_D0-35_256x128_7200s_4c_traindata_n1000_seed293_norm.npz
Loading pure noise ...
D=20, pdet=76.9%
Validation:
D=9, pdet=95.5%
D=12, pdet=66.5%
D=15, pdet=48.0%
D=18, pdet=34.5%
D=20, pdet=23.5%
D=22, pdet=18.0%
D=35, pdet=0.0%
the learning rate: 2.5e-05
Time used = 13650.7350628376
Using /scratch/kriles_root/kriles0/damoncht/unet_dyn_fastnoise/data/500Hz/500Hz_H1L1_D0-35_256x128_7200s_4c_traindata_n1000_seed294_norm.npz
Loading pure noise ...
D=20, pdet=78.0%
Validation:
D=9, pdet=95.5%
D=12, pdet=65.5%
D=15, pdet=46.5%
D=18, pdet=34.0%
D=20, pdet=21.5%
D=22, pdet=16.5%
D=35, pdet=0.0%
Epoch 595/1000, Training Loss: 3.143e-04, Validation Loss: 2.332e+03
the learning rate: 2.5e-05
Time used = 13673.335066080093
Using /scratch/kriles_root/kriles0/damoncht/unet_dyn_fastnoise/data/500Hz/500Hz_H1L1_D0-35_256x128_7200s_4c_traindata_n1000_seed295_norm.npz
Loading pure noise ...
D=20, pdet=77.0%
Validation:
D=9, pdet=98.5%
D=12, pdet=76.0%
D=15, pdet=56.99999999999999%
D=18, pdet=47.0%
D=20, pdet=37.0%
D=22, pdet=28.000000000000004%
D=35, pdet=0.0%
the learning rate: 2.5e-05
Time used = 13696.158378601074
Using /scratch/kriles_root/kriles0/damoncht/unet_dyn_fastnoise/data/500Hz/500Hz_H1L1_D0-35_256x128_7200s_4c_traindata_n1000_seed296_norm.npz
Loading pure noise ...
D=20, pdet=78.0%
Validation:
D=9, pdet=100.0%
D=12, pdet=100.0%
D=15, pdet=97.5%
D=18, pdet=82.0%
D=20, pdet=71.0%
D=22, pdet=63.5%
D=35, pdet=27.500000000000004%
the learning rate: 2.5e-05
Time used = 13718.446593284607
Using /scratch/kriles_root/kriles0/damoncht/unet_dyn_fastnoise/data/500Hz/500Hz_H1L1_D0-35_256x128_7200s_4c_traindata_n1000_seed297_norm.npz
Loading pure noise ...
D=20, pdet=76.4%
Validation:
D=9, pdet=100.0%
D=12, pdet=100.0%
D=15, pdet=96.5%
D=18, pdet=81.0%
D=20, pdet=70.0%
D=22, pdet=62.0%
D=35, pdet=25.0%
Epoch 598/1000, Training Loss: 3.183e-04, Validation Loss: 2.331e+03
the learning rate: 2.5e-05
Time used = 13741.05565738678
Using /scratch/kriles_root/kriles0/damoncht/unet_dyn_fastnoise/data/500Hz/500Hz_H1L1_D0-35_256x128_7200s_4c_traindata_n1000_seed298_norm.npz
Loading pure noise ...
D=20, pdet=77.3%
Validation:
D=9, pdet=100.0%
D=12, pdet=100.0%
D=15, pdet=95.5%
D=18, pdet=75.0%
D=20, pdet=65.5%
D=22, pdet=59.0%
D=35, pdet=20.0%
the learning rate: 2.5e-05
Time used = 13763.885446548462
Using /scratch/kriles_root/kriles0/damoncht/unet_dyn_fastnoise/data/500Hz/500Hz_H1L1_D0-35_256x128_7200s_4c_traindata_n1000_seed299_norm.npz
Loading pure noise ...
D=20, pdet=74.3%
Validation:
D=9, pdet=100.0%
D=12, pdet=98.5%
D=15, pdet=77.5%
D=18, pdet=62.5%
D=20, pdet=53.0%
D=22, pdet=47.5%
D=35, pdet=7.5%
the learning rate: 2.5e-05
Time used = 13786.839176654816
Using /scratch/kriles_root/kriles0/damoncht/unet_dyn_fastnoise/data/500Hz/500Hz_H1L1_D0-35_256x128_7200s_4c_traindata_n1000_seed0_norm.npz
Loading pure noise ...
D=20, pdet=76.8%
Validation:
D=9, pdet=100.0%
D=12, pdet=86.5%
D=15, pdet=65.0%
D=18, pdet=54.50000000000001%
D=20, pdet=45.0%
D=22, pdet=37.5%
D=35, pdet=3.0%
Epoch 601/1000, Training Loss: 3.130e-04, Validation Loss: 2.331e+03
the learning rate: 2.5e-05
Time used = 13809.34958434105
Using /scratch/kriles_root/kriles0/damoncht/unet_dyn_fastnoise/data/500Hz/500Hz_H1L1_D0-35_256x128_7200s_4c_traindata_n1000_seed1_norm.npz
Loading pure noise ...
D=20, pdet=77.7%
Validation:
D=9, pdet=100.0%
D=12, pdet=100.0%
D=15, pdet=96.0%
D=18, pdet=78.5%
D=20, pdet=67.0%
D=22, pdet=60.0%
D=35, pdet=22.0%
the learning rate: 2.5e-05
Time used = 13832.649230003357
Using /scratch/kriles_root/kriles0/damoncht/unet_dyn_fastnoise/data/500Hz/500Hz_H1L1_D0-35_256x128_7200s_4c_traindata_n1000_seed2_norm.npz
Loading pure noise ...
D=20, pdet=76.9%
Validation:
D=9, pdet=97.0%
D=12, pdet=71.5%
D=15, pdet=52.5%
D=18, pdet=40.5%
D=20, pdet=31.0%
D=22, pdet=24.0%
D=35, pdet=0.0%
the learning rate: 2.5e-05
Time used = 13855.66870546341
Using /scratch/kriles_root/kriles0/damoncht/unet_dyn_fastnoise/data/500Hz/500Hz_H1L1_D0-35_256x128_7200s_4c_traindata_n1000_seed3_norm.npz
Loading pure noise ...
D=20, pdet=75.1%
Validation:
D=9, pdet=100.0%
D=12, pdet=100.0%
D=15, pdet=96.0%
D=18, pdet=79.5%
D=20, pdet=67.5%
D=22, pdet=60.0%
D=35, pdet=23.0%
Epoch 604/1000, Training Loss: 3.152e-04, Validation Loss: 2.331e+03
the learning rate: 2.5e-05
Time used = 13877.962238073349
Using /scratch/kriles_root/kriles0/damoncht/unet_dyn_fastnoise/data/500Hz/500Hz_H1L1_D0-35_256x128_7200s_4c_traindata_n1000_seed4_norm.npz
Loading pure noise ...
D=20, pdet=75.2%
Validation:
D=9, pdet=100.0%
D=12, pdet=97.0%
D=15, pdet=74.5%
D=18, pdet=60.5%
D=20, pdet=52.0%
D=22, pdet=48.5%
D=35, pdet=5.5%
the learning rate: 2.5e-05
Time used = 13900.48272228241
Using /scratch/kriles_root/kriles0/damoncht/unet_dyn_fastnoise/data/500Hz/500Hz_H1L1_D0-35_256x128_7200s_4c_traindata_n1000_seed5_norm.npz
Loading pure noise ...
D=20, pdet=75.5%
Validation:
D=9, pdet=100.0%
D=12, pdet=100.0%
D=15, pdet=96.5%
D=18, pdet=80.0%
D=20, pdet=69.5%
D=22, pdet=62.5%
D=35, pdet=24.0%
the learning rate: 2.5e-05
Time used = 13923.566892147064
Using /scratch/kriles_root/kriles0/damoncht/unet_dyn_fastnoise/data/500Hz/500Hz_H1L1_D0-35_256x128_7200s_4c_traindata_n1000_seed6_norm.npz
Loading pure noise ...
D=20, pdet=76.1%
Validation:
D=9, pdet=100.0%
D=12, pdet=99.0%
D=15, pdet=81.5%
D=18, pdet=64.0%
D=20, pdet=54.0%
D=22, pdet=49.5%
D=35, pdet=10.0%
Epoch 607/1000, Training Loss: 3.193e-04, Validation Loss: 2.331e+03
the learning rate: 2.5e-05
Time used = 13945.885488986969
Using /scratch/kriles_root/kriles0/damoncht/unet_dyn_fastnoise/data/500Hz/500Hz_H1L1_D0-35_256x128_7200s_4c_traindata_n1000_seed7_norm.npz
Loading pure noise ...
D=20, pdet=77.4%
Validation:
D=9, pdet=100.0%
D=12, pdet=100.0%
D=15, pdet=96.0%
D=18, pdet=79.5%
D=20, pdet=69.0%
D=22, pdet=62.0%
D=35, pdet=23.0%
the learning rate: 2.5e-05
Time used = 13968.797240018845
Using /scratch/kriles_root/kriles0/damoncht/unet_dyn_fastnoise/data/500Hz/500Hz_H1L1_D0-35_256x128_7200s_4c_traindata_n1000_seed8_norm.npz
Loading pure noise ...
D=20, pdet=78.9%
Validation:
D=9, pdet=100.0%
D=12, pdet=100.0%
D=15, pdet=96.0%
D=18, pdet=80.0%
D=20, pdet=70.0%
D=22, pdet=63.0%
D=35, pdet=25.5%
the learning rate: 2.5e-05
Time used = 13991.361656665802
Using /scratch/kriles_root/kriles0/damoncht/unet_dyn_fastnoise/data/500Hz/500Hz_H1L1_D0-35_256x128_7200s_4c_traindata_n1000_seed9_norm.npz
Loading pure noise ...
D=20, pdet=76.5%
Validation:
D=9, pdet=100.0%
D=12, pdet=100.0%
D=15, pdet=96.0%
D=18, pdet=81.5%
D=20, pdet=71.0%
D=22, pdet=63.5%
D=35, pdet=23.5%
Epoch 610/1000, Training Loss: 3.160e-04, Validation Loss: 2.331e+03
the learning rate: 2.5e-05
Time used = 14014.667610168457
Using /scratch/kriles_root/kriles0/damoncht/unet_dyn_fastnoise/data/500Hz/500Hz_H1L1_D0-35_256x128_7200s_4c_traindata_n1000_seed10_norm.npz
Loading pure noise ...
D=20, pdet=76.2%
Validation:
D=9, pdet=100.0%
D=12, pdet=100.0%
D=15, pdet=93.0%
D=18, pdet=72.0%
D=20, pdet=59.5%
D=22, pdet=56.00000000000001%
D=35, pdet=17.5%
the learning rate: 2.5e-05
Time used = 14044.21685552597
Using /scratch/kriles_root/kriles0/damoncht/unet_dyn_fastnoise/data/500Hz/500Hz_H1L1_D0-35_256x128_7200s_4c_traindata_n1000_seed11_norm.npz
Loading pure noise ...
D=20, pdet=78.7%
Validation:
D=9, pdet=100.0%
D=12, pdet=99.0%
D=15, pdet=84.0%
D=18, pdet=63.5%
D=20, pdet=54.50000000000001%
D=22, pdet=49.5%
D=35, pdet=10.5%
the learning rate: 2.5e-05
Time used = 14067.95630145073
Using /scratch/kriles_root/kriles0/damoncht/unet_dyn_fastnoise/data/500Hz/500Hz_H1L1_D0-35_256x128_7200s_4c_traindata_n1000_seed12_norm.npz
Loading pure noise ...
D=20, pdet=77.4%
Validation:
D=9, pdet=100.0%
D=12, pdet=100.0%
D=15, pdet=96.0%
D=18, pdet=80.0%
D=20, pdet=69.0%
D=22, pdet=61.5%
D=35, pdet=22.0%
Epoch 613/1000, Training Loss: 3.184e-04, Validation Loss: 2.331e+03
the learning rate: 2.5e-05
Time used = 14090.275698900223
Using /scratch/kriles_root/kriles0/damoncht/unet_dyn_fastnoise/data/500Hz/500Hz_H1L1_D0-35_256x128_7200s_4c_traindata_n1000_seed13_norm.npz
Loading pure noise ...
D=20, pdet=77.9%
Validation:
D=9, pdet=100.0%
D=12, pdet=88.5%
D=15, pdet=66.0%
D=18, pdet=56.00000000000001%
D=20, pdet=45.5%
D=22, pdet=39.5%
D=35, pdet=3.0%
the learning rate: 2.5e-05
Time used = 14112.80648136139
Using /scratch/kriles_root/kriles0/damoncht/unet_dyn_fastnoise/data/500Hz/500Hz_H1L1_D0-35_256x128_7200s_4c_traindata_n1000_seed14_norm.npz
Loading pure noise ...
D=20, pdet=74.2%
Validation:
D=9, pdet=100.0%
D=12, pdet=84.5%
D=15, pdet=65.0%
D=18, pdet=54.50000000000001%
D=20, pdet=45.0%
D=22, pdet=38.5%
D=35, pdet=3.0%
the learning rate: 2.5e-05
Time used = 14135.108520746231
Using /scratch/kriles_root/kriles0/damoncht/unet_dyn_fastnoise/data/500Hz/500Hz_H1L1_D0-35_256x128_7200s_4c_traindata_n1000_seed15_norm.npz
Loading pure noise ...
D=20, pdet=77.7%
Validation:
D=9, pdet=100.0%
D=12, pdet=100.0%
D=15, pdet=96.0%
D=18, pdet=80.0%
D=20, pdet=70.0%
D=22, pdet=63.0%
D=35, pdet=23.5%
Epoch 616/1000, Training Loss: 3.128e-04, Validation Loss: 2.331e+03
the learning rate: 2.5e-05
Time used = 14157.349666595459
Using /scratch/kriles_root/kriles0/damoncht/unet_dyn_fastnoise/data/500Hz/500Hz_H1L1_D0-35_256x128_7200s_4c_traindata_n1000_seed16_norm.npz
Loading pure noise ...
D=20, pdet=74.4%
Validation:
D=9, pdet=100.0%
D=12, pdet=100.0%
D=15, pdet=85.0%
D=18, pdet=65.5%
D=20, pdet=54.50000000000001%
D=22, pdet=51.0%
D=35, pdet=11.5%
the learning rate: 2.5e-05
Time used = 14183.49806523323
Using /scratch/kriles_root/kriles0/damoncht/unet_dyn_fastnoise/data/500Hz/500Hz_H1L1_D0-35_256x128_7200s_4c_traindata_n1000_seed17_norm.npz
Loading pure noise ...
D=20, pdet=73.9%
Validation:
D=9, pdet=100.0%
D=12, pdet=100.0%
D=15, pdet=97.0%
D=18, pdet=80.5%
D=20, pdet=70.0%
D=22, pdet=63.5%
D=35, pdet=25.0%
the learning rate: 2.5e-05
Time used = 14205.930185079575
Using /scratch/kriles_root/kriles0/damoncht/unet_dyn_fastnoise/data/500Hz/500Hz_H1L1_D0-35_256x128_7200s_4c_traindata_n1000_seed18_norm.npz
Loading pure noise ...
D=20, pdet=77.60000000000001%
Validation:
D=9, pdet=100.0%
D=12, pdet=100.0%
D=15, pdet=86.5%
D=18, pdet=65.5%
D=20, pdet=55.50000000000001%
D=22, pdet=51.0%
D=35, pdet=11.5%
Epoch 619/1000, Training Loss: 3.168e-04, Validation Loss: 2.331e+03
the learning rate: 2.5e-05
Time used = 14228.34844994545
Using /scratch/kriles_root/kriles0/damoncht/unet_dyn_fastnoise/data/500Hz/500Hz_H1L1_D0-35_256x128_7200s_4c_traindata_n1000_seed19_norm.npz
Loading pure noise ...
D=20, pdet=77.10000000000001%
Validation:
D=9, pdet=100.0%
D=12, pdet=100.0%
D=15, pdet=96.0%
D=18, pdet=79.5%
D=20, pdet=70.0%
D=22, pdet=62.5%
D=35, pdet=25.0%
the learning rate: 2.5e-05
Time used = 14251.106308221817
Using /scratch/kriles_root/kriles0/damoncht/unet_dyn_fastnoise/data/500Hz/500Hz_H1L1_D0-35_256x128_7200s_4c_traindata_n1000_seed20_norm.npz
Loading pure noise ...
D=20, pdet=77.2%
Validation:
D=9, pdet=100.0%
D=12, pdet=100.0%
D=15, pdet=96.0%
D=18, pdet=77.0%
D=20, pdet=65.0%
D=22, pdet=60.0%
D=35, pdet=20.5%
the learning rate: 2.5e-05
Time used = 14273.47818851471
Using /scratch/kriles_root/kriles0/damoncht/unet_dyn_fastnoise/data/500Hz/500Hz_H1L1_D0-35_256x128_7200s_4c_traindata_n1000_seed21_norm.npz
Loading pure noise ...
D=20, pdet=74.2%
Validation:
D=9, pdet=100.0%
D=12, pdet=100.0%
D=15, pdet=98.0%
D=18, pdet=81.5%
D=20, pdet=72.5%
D=22, pdet=64.5%
D=35, pdet=26.0%
Epoch 622/1000, Training Loss: 3.180e-04, Validation Loss: 2.331e+03
the learning rate: 2.5e-05
Time used = 14296.071837186813
Using /scratch/kriles_root/kriles0/damoncht/unet_dyn_fastnoise/data/500Hz/500Hz_H1L1_D0-35_256x128_7200s_4c_traindata_n1000_seed22_norm.npz
Loading pure noise ...
D=20, pdet=79.10000000000001%
Validation:
D=9, pdet=100.0%
D=12, pdet=100.0%
D=15, pdet=86.5%
D=18, pdet=66.0%
D=20, pdet=55.50000000000001%
D=22, pdet=52.0%
D=35, pdet=12.0%
the learning rate: 2.5e-05
Time used = 14318.530038118362
Using /scratch/kriles_root/kriles0/damoncht/unet_dyn_fastnoise/data/500Hz/500Hz_H1L1_D0-35_256x128_7200s_4c_traindata_n1000_seed23_norm.npz
Loading pure noise ...
D=20, pdet=76.8%
Validation:
D=9, pdet=100.0%
D=12, pdet=100.0%
D=15, pdet=98.0%
D=18, pdet=82.0%
D=20, pdet=73.0%
D=22, pdet=65.0%
D=35, pdet=27.500000000000004%
the learning rate: 2.5e-05
Time used = 14340.828221321106
Using /scratch/kriles_root/kriles0/damoncht/unet_dyn_fastnoise/data/500Hz/500Hz_H1L1_D0-35_256x128_7200s_4c_traindata_n1000_seed24_norm.npz
Loading pure noise ...
D=20, pdet=75.9%
Validation:
D=9, pdet=100.0%
D=12, pdet=100.0%
D=15, pdet=97.0%
D=18, pdet=81.5%
D=20, pdet=71.0%
D=22, pdet=63.5%
D=35, pdet=25.5%
Epoch 625/1000, Training Loss: 3.139e-04, Validation Loss: 2.331e+03
the learning rate: 2.5e-05
Time used = 14363.13693022728
Using /scratch/kriles_root/kriles0/damoncht/unet_dyn_fastnoise/data/500Hz/500Hz_H1L1_D0-35_256x128_7200s_4c_traindata_n1000_seed25_norm.npz
Loading pure noise ...
D=20, pdet=77.9%
Validation:
D=9, pdet=100.0%
D=12, pdet=100.0%
D=15, pdet=95.0%
D=18, pdet=74.5%
D=20, pdet=64.0%
D=22, pdet=60.0%
D=35, pdet=20.5%
the learning rate: 1.25e-05
Time used = 14385.754833221436
Using /scratch/kriles_root/kriles0/damoncht/unet_dyn_fastnoise/data/500Hz/500Hz_H1L1_D0-35_256x128_7200s_4c_traindata_n1000_seed26_norm.npz
Loading pure noise ...
D=20, pdet=76.9%
Validation:
D=9, pdet=100.0%
D=12, pdet=100.0%
D=15, pdet=96.0%
D=18, pdet=80.0%
D=20, pdet=69.0%
D=22, pdet=61.5%
D=35, pdet=23.5%
the learning rate: 1.25e-05
Time used = 14408.243388175964
Using /scratch/kriles_root/kriles0/damoncht/unet_dyn_fastnoise/data/500Hz/500Hz_H1L1_D0-35_256x128_7200s_4c_traindata_n1000_seed27_norm.npz
Loading pure noise ...
D=20, pdet=76.5%
Validation:
D=9, pdet=86.5%
D=12, pdet=52.5%
D=15, pdet=32.0%
D=18, pdet=20.0%
D=20, pdet=8.5%
D=22, pdet=7.000000000000001%
D=35, pdet=0.0%
Epoch 628/1000, Training Loss: 3.191e-04, Validation Loss: 2.332e+03
the learning rate: 1.25e-05
Time used = 14431.43512225151
Using /scratch/kriles_root/kriles0/damoncht/unet_dyn_fastnoise/data/500Hz/500Hz_H1L1_D0-35_256x128_7200s_4c_traindata_n1000_seed28_norm.npz
Loading pure noise ...
D=20, pdet=77.60000000000001%
Validation:
D=9, pdet=100.0%
D=12, pdet=99.5%
D=15, pdet=81.5%
D=18, pdet=63.5%
D=20, pdet=54.0%
D=22, pdet=49.0%
D=35, pdet=10.0%
the learning rate: 1.25e-05
Time used = 14454.450910806656
Using /scratch/kriles_root/kriles0/damoncht/unet_dyn_fastnoise/data/500Hz/500Hz_H1L1_D0-35_256x128_7200s_4c_traindata_n1000_seed29_norm.npz
Loading pure noise ...
D=20, pdet=76.0%
Validation:
D=9, pdet=100.0%
D=12, pdet=100.0%
D=15, pdet=96.0%
D=18, pdet=80.5%
D=20, pdet=69.0%
D=22, pdet=62.5%
D=35, pdet=24.0%
the learning rate: 1.25e-05
Time used = 14476.653636693954
Using /scratch/kriles_root/kriles0/damoncht/unet_dyn_fastnoise/data/500Hz/500Hz_H1L1_D0-35_256x128_7200s_4c_traindata_n1000_seed30_norm.npz
Loading pure noise ...
D=20, pdet=76.7%
Validation:
D=9, pdet=100.0%
D=12, pdet=100.0%
D=15, pdet=94.5%
D=18, pdet=74.0%
D=20, pdet=62.5%
D=22, pdet=57.99999999999999%
D=35, pdet=20.0%
Epoch 631/1000, Training Loss: 3.104e-04, Validation Loss: 2.331e+03
the learning rate: 1.25e-05
Time used = 14498.837766885757
Using /scratch/kriles_root/kriles0/damoncht/unet_dyn_fastnoise/data/500Hz/500Hz_H1L1_D0-35_256x128_7200s_4c_traindata_n1000_seed31_norm.npz
Loading pure noise ...
D=20, pdet=79.2%
Validation:
D=9, pdet=100.0%
D=12, pdet=93.0%
D=15, pdet=71.5%
D=18, pdet=59.0%
D=20, pdet=49.0%
D=22, pdet=44.0%
D=35, pdet=4.0%
the learning rate: 1.25e-05
Time used = 14521.21135854721
Using /scratch/kriles_root/kriles0/damoncht/unet_dyn_fastnoise/data/500Hz/500Hz_H1L1_D0-35_256x128_7200s_4c_traindata_n1000_seed32_norm.npz
Loading pure noise ...
D=20, pdet=74.0%
Validation:
D=9, pdet=100.0%
D=12, pdet=99.5%
D=15, pdet=83.0%
D=18, pdet=64.5%
D=20, pdet=54.50000000000001%
D=22, pdet=50.5%
D=35, pdet=11.5%
the learning rate: 1.25e-05
Time used = 14543.521830797195
Using /scratch/kriles_root/kriles0/damoncht/unet_dyn_fastnoise/data/500Hz/500Hz_H1L1_D0-35_256x128_7200s_4c_traindata_n1000_seed33_norm.npz
Loading pure noise ...
D=20, pdet=74.1%
Validation:
D=9, pdet=95.5%
D=12, pdet=68.0%
D=15, pdet=48.0%
D=18, pdet=35.0%
D=20, pdet=23.5%
D=22, pdet=18.5%
D=35, pdet=0.0%
Epoch 634/1000, Training Loss: 3.181e-04, Validation Loss: 2.332e+03
the learning rate: 1.25e-05
Time used = 14565.797324895859
Using /scratch/kriles_root/kriles0/damoncht/unet_dyn_fastnoise/data/500Hz/500Hz_H1L1_D0-35_256x128_7200s_4c_traindata_n1000_seed34_norm.npz
Loading pure noise ...
D=20, pdet=77.8%
Validation:
D=9, pdet=100.0%
D=12, pdet=100.0%
D=15, pdet=96.5%
D=18, pdet=81.5%
D=20, pdet=70.5%
D=22, pdet=64.0%
D=35, pdet=26.0%
the learning rate: 1.25e-05
Time used = 14588.41672205925
Using /scratch/kriles_root/kriles0/damoncht/unet_dyn_fastnoise/data/500Hz/500Hz_H1L1_D0-35_256x128_7200s_4c_traindata_n1000_seed35_norm.npz
Loading pure noise ...
D=20, pdet=79.5%
Validation:
D=9, pdet=100.0%
D=12, pdet=100.0%
D=15, pdet=96.0%
D=18, pdet=77.5%
D=20, pdet=66.0%
D=22, pdet=60.0%
D=35, pdet=20.5%
the learning rate: 1.25e-05
Time used = 14610.818254709244
Using /scratch/kriles_root/kriles0/damoncht/unet_dyn_fastnoise/data/500Hz/500Hz_H1L1_D0-35_256x128_7200s_4c_traindata_n1000_seed36_norm.npz
Loading pure noise ...
D=20, pdet=78.60000000000001%
Validation:
D=9, pdet=100.0%
D=12, pdet=100.0%
D=15, pdet=97.5%
D=18, pdet=81.5%
D=20, pdet=70.5%
D=22, pdet=64.0%
D=35, pdet=26.5%
Epoch 637/1000, Training Loss: 3.125e-04, Validation Loss: 2.331e+03
the learning rate: 1.25e-05
Time used = 14634.362887382507
Using /scratch/kriles_root/kriles0/damoncht/unet_dyn_fastnoise/data/500Hz/500Hz_H1L1_D0-35_256x128_7200s_4c_traindata_n1000_seed37_norm.npz
Loading pure noise ...
D=20, pdet=75.1%
Validation:
D=9, pdet=100.0%
D=12, pdet=100.0%
D=15, pdet=95.5%
D=18, pdet=77.5%
D=20, pdet=66.0%
D=22, pdet=60.0%
D=35, pdet=20.5%
the learning rate: 1.25e-05
Time used = 14656.604063987732
Using /scratch/kriles_root/kriles0/damoncht/unet_dyn_fastnoise/data/500Hz/500Hz_H1L1_D0-35_256x128_7200s_4c_traindata_n1000_seed38_norm.npz
Loading pure noise ...
D=20, pdet=74.7%
Validation:
D=9, pdet=100.0%
D=12, pdet=100.0%
D=15, pdet=88.5%
D=18, pdet=68.5%
D=20, pdet=57.49999999999999%
D=22, pdet=54.0%
D=35, pdet=15.0%
the learning rate: 1.25e-05
Time used = 14678.78226351738
Using /scratch/kriles_root/kriles0/damoncht/unet_dyn_fastnoise/data/500Hz/500Hz_H1L1_D0-35_256x128_7200s_4c_traindata_n1000_seed39_norm.npz
Loading pure noise ...
D=20, pdet=77.3%
Validation:
D=9, pdet=100.0%
D=12, pdet=100.0%
D=15, pdet=97.5%
D=18, pdet=82.0%
D=20, pdet=70.5%
D=22, pdet=64.0%
D=35, pdet=26.5%
Epoch 640/1000, Training Loss: 3.178e-04, Validation Loss: 2.331e+03
the learning rate: 1.25e-05
Time used = 14701.4532828331
Using /scratch/kriles_root/kriles0/damoncht/unet_dyn_fastnoise/data/500Hz/500Hz_H1L1_D0-35_256x128_7200s_4c_traindata_n1000_seed40_norm.npz
Loading pure noise ...
D=20, pdet=74.5%
Validation:
D=9, pdet=100.0%
D=12, pdet=100.0%
D=15, pdet=97.5%
D=18, pdet=82.0%
D=20, pdet=71.0%
D=22, pdet=64.5%
D=35, pdet=27.500000000000004%
the learning rate: 1.25e-05
Time used = 14723.753629922867
Using /scratch/kriles_root/kriles0/damoncht/unet_dyn_fastnoise/data/500Hz/500Hz_H1L1_D0-35_256x128_7200s_4c_traindata_n1000_seed41_norm.npz
Loading pure noise ...
D=20, pdet=77.3%
Validation:
D=9, pdet=100.0%
D=12, pdet=100.0%
D=15, pdet=90.5%
D=18, pdet=71.0%
D=20, pdet=57.49999999999999%
D=22, pdet=54.50000000000001%
D=35, pdet=16.0%
the learning rate: 1.25e-05
Time used = 14746.197014331818
Using /scratch/kriles_root/kriles0/damoncht/unet_dyn_fastnoise/data/500Hz/500Hz_H1L1_D0-35_256x128_7200s_4c_traindata_n1000_seed42_norm.npz
Loading pure noise ...
D=20, pdet=76.9%
Validation:
D=9, pdet=100.0%
D=12, pdet=88.5%
D=15, pdet=67.5%
D=18, pdet=56.00000000000001%
D=20, pdet=46.0%
D=22, pdet=39.5%
D=35, pdet=3.0%
Epoch 643/1000, Training Loss: 3.189e-04, Validation Loss: 2.332e+03
the learning rate: 1.25e-05
Time used = 14768.50150847435
Using /scratch/kriles_root/kriles0/damoncht/unet_dyn_fastnoise/data/500Hz/500Hz_H1L1_D0-35_256x128_7200s_4c_traindata_n1000_seed43_norm.npz
Loading pure noise ...
D=20, pdet=75.1%
Validation:
D=9, pdet=100.0%
D=12, pdet=100.0%
D=15, pdet=88.5%
D=18, pdet=70.0%
D=20, pdet=57.99999999999999%
D=22, pdet=54.0%
D=35, pdet=15.5%
the learning rate: 1.25e-05
Time used = 14791.245279312134
Using /scratch/kriles_root/kriles0/damoncht/unet_dyn_fastnoise/data/500Hz/500Hz_H1L1_D0-35_256x128_7200s_4c_traindata_n1000_seed44_norm.npz
Loading pure noise ...
D=20, pdet=77.10000000000001%
Validation:
D=9, pdet=100.0%
D=12, pdet=100.0%
D=15, pdet=96.0%
D=18, pdet=80.0%
D=20, pdet=68.5%
D=22, pdet=60.0%
D=35, pdet=22.5%
the learning rate: 1.25e-05
Time used = 14814.04960989952
Using /scratch/kriles_root/kriles0/damoncht/unet_dyn_fastnoise/data/500Hz/500Hz_H1L1_D0-35_256x128_7200s_4c_traindata_n1000_seed45_norm.npz
Loading pure noise ...
D=20, pdet=74.0%
Validation:
D=9, pdet=100.0%
D=12, pdet=100.0%
D=15, pdet=97.5%
D=18, pdet=81.5%
D=20, pdet=72.0%
D=22, pdet=64.5%
D=35, pdet=27.0%
Epoch 646/1000, Training Loss: 3.138e-04, Validation Loss: 2.331e+03
the learning rate: 1.25e-05
Time used = 14836.7036652565
Using /scratch/kriles_root/kriles0/damoncht/unet_dyn_fastnoise/data/500Hz/500Hz_H1L1_D0-35_256x128_7200s_4c_traindata_n1000_seed46_norm.npz
Loading pure noise ...
D=20, pdet=75.1%
Validation:
D=9, pdet=100.0%
D=12, pdet=100.0%
D=15, pdet=95.0%
D=18, pdet=75.0%
D=20, pdet=63.5%
D=22, pdet=59.0%
D=35, pdet=20.0%
the learning rate: 1.25e-05
Time used = 14859.251450538635
Using /scratch/kriles_root/kriles0/damoncht/unet_dyn_fastnoise/data/500Hz/500Hz_H1L1_D0-35_256x128_7200s_4c_traindata_n1000_seed47_norm.npz
Loading pure noise ...
D=20, pdet=78.3%
Validation:
D=9, pdet=96.5%
D=12, pdet=70.0%
D=15, pdet=53.5%
D=18, pdet=41.0%
D=20, pdet=32.5%
D=22, pdet=22.0%
D=35, pdet=0.0%
the learning rate: 1.25e-05
Time used = 14881.64416384697
Using /scratch/kriles_root/kriles0/damoncht/unet_dyn_fastnoise/data/500Hz/500Hz_H1L1_D0-35_256x128_7200s_4c_traindata_n1000_seed48_norm.npz
Loading pure noise ...
D=20, pdet=78.5%
Validation:
D=9, pdet=100.0%
D=12, pdet=100.0%
D=15, pdet=96.0%
D=18, pdet=80.0%
D=20, pdet=69.5%
D=22, pdet=62.0%
D=35, pdet=24.0%
Epoch 649/1000, Training Loss: 3.055e-04, Validation Loss: 2.331e+03
the learning rate: 1.25e-05
Time used = 14903.969186782837
Using /scratch/kriles_root/kriles0/damoncht/unet_dyn_fastnoise/data/500Hz/500Hz_H1L1_D0-35_256x128_7200s_4c_traindata_n1000_seed49_norm.npz
Loading pure noise ...
D=20, pdet=75.5%
Validation:
D=9, pdet=100.0%
D=12, pdet=100.0%
D=15, pdet=96.0%
D=18, pdet=80.0%
D=20, pdet=69.5%
D=22, pdet=63.0%
D=35, pdet=25.0%
the learning rate: 1.25e-05
Time used = 14926.32980799675
Using /scratch/kriles_root/kriles0/damoncht/unet_dyn_fastnoise/data/500Hz/500Hz_H1L1_D0-35_256x128_7200s_4c_traindata_n1000_seed50_norm.npz
Loading pure noise ...
D=20, pdet=78.0%
Validation:
D=9, pdet=100.0%
D=12, pdet=93.0%
D=15, pdet=72.5%
D=18, pdet=59.0%
D=20, pdet=48.0%
D=22, pdet=42.5%
D=35, pdet=4.0%
the learning rate: 1.25e-05
Time used = 14948.560105085373
Using /scratch/kriles_root/kriles0/damoncht/unet_dyn_fastnoise/data/500Hz/500Hz_H1L1_D0-35_256x128_7200s_4c_traindata_n1000_seed51_norm.npz
Loading pure noise ...
D=20, pdet=81.2%
Validation:
D=9, pdet=100.0%
D=12, pdet=100.0%
D=15, pdet=95.5%
D=18, pdet=76.5%
D=20, pdet=65.5%
D=22, pdet=59.0%
D=35, pdet=21.5%
Epoch 652/1000, Training Loss: 3.107e-04, Validation Loss: 2.331e+03
the learning rate: 1.25e-05
Time used = 14971.053097963333
Using /scratch/kriles_root/kriles0/damoncht/unet_dyn_fastnoise/data/500Hz/500Hz_H1L1_D0-35_256x128_7200s_4c_traindata_n1000_seed52_norm.npz
Loading pure noise ...
D=20, pdet=77.3%
Validation:
D=9, pdet=100.0%
D=12, pdet=82.0%
D=15, pdet=61.0%
D=18, pdet=51.5%
D=20, pdet=39.5%
D=22, pdet=33.5%
D=35, pdet=2.0%
the learning rate: 1.25e-05
Time used = 14993.41060590744
Using /scratch/kriles_root/kriles0/damoncht/unet_dyn_fastnoise/data/500Hz/500Hz_H1L1_D0-35_256x128_7200s_4c_traindata_n1000_seed53_norm.npz
Loading pure noise ...
D=20, pdet=76.2%
Validation:
D=9, pdet=100.0%
D=12, pdet=100.0%
D=15, pdet=97.0%
D=18, pdet=80.0%
D=20, pdet=70.0%
D=22, pdet=62.5%
D=35, pdet=24.0%
the learning rate: 1.25e-05
Time used = 15015.667210817337
Using /scratch/kriles_root/kriles0/damoncht/unet_dyn_fastnoise/data/500Hz/500Hz_H1L1_D0-35_256x128_7200s_4c_traindata_n1000_seed54_norm.npz
Loading pure noise ...
D=20, pdet=76.7%
Validation:
D=9, pdet=100.0%
D=12, pdet=100.0%
D=15, pdet=96.0%
D=18, pdet=80.5%
D=20, pdet=70.0%
D=22, pdet=62.0%
D=35, pdet=25.0%
Epoch 655/1000, Training Loss: 3.128e-04, Validation Loss: 2.331e+03
the learning rate: 1.25e-05
Time used = 15038.45409154892
Using /scratch/kriles_root/kriles0/damoncht/unet_dyn_fastnoise/data/500Hz/500Hz_H1L1_D0-35_256x128_7200s_4c_traindata_n1000_seed55_norm.npz
Loading pure noise ...
D=20, pdet=75.4%
Validation:
D=9, pdet=100.0%
D=12, pdet=100.0%
D=15, pdet=88.0%
D=18, pdet=67.5%
D=20, pdet=56.99999999999999%
D=22, pdet=54.0%
D=35, pdet=13.5%
the learning rate: 1.25e-05
Time used = 15065.737858772278
Using /scratch/kriles_root/kriles0/damoncht/unet_dyn_fastnoise/data/500Hz/500Hz_H1L1_D0-35_256x128_7200s_4c_traindata_n1000_seed56_norm.npz
Loading pure noise ...
D=20, pdet=73.2%
Validation:
D=9, pdet=100.0%
D=12, pdet=100.0%
D=15, pdet=97.0%
D=18, pdet=81.5%
D=20, pdet=72.5%
D=22, pdet=64.5%
D=35, pdet=26.5%
the learning rate: 1.25e-05
Time used = 15088.830054044724
Using /scratch/kriles_root/kriles0/damoncht/unet_dyn_fastnoise/data/500Hz/500Hz_H1L1_D0-35_256x128_7200s_4c_traindata_n1000_seed57_norm.npz
Loading pure noise ...
D=20, pdet=76.8%
Validation:
D=9, pdet=100.0%
D=12, pdet=100.0%
D=15, pdet=96.0%
D=18, pdet=79.5%
D=20, pdet=69.0%
D=22, pdet=61.0%
D=35, pdet=23.0%
Epoch 658/1000, Training Loss: 3.180e-04, Validation Loss: 2.331e+03
the learning rate: 1.25e-05
Time used = 15111.259389400482
Using /scratch/kriles_root/kriles0/damoncht/unet_dyn_fastnoise/data/500Hz/500Hz_H1L1_D0-35_256x128_7200s_4c_traindata_n1000_seed58_norm.npz
Loading pure noise ...
D=20, pdet=74.3%
Validation:
D=9, pdet=100.0%
D=12, pdet=100.0%
D=15, pdet=96.0%
D=18, pdet=79.5%
D=20, pdet=68.5%
D=22, pdet=61.0%
D=35, pdet=22.5%
the learning rate: 1.25e-05
Time used = 15133.662497282028
Using /scratch/kriles_root/kriles0/damoncht/unet_dyn_fastnoise/data/500Hz/500Hz_H1L1_D0-35_256x128_7200s_4c_traindata_n1000_seed59_norm.npz
Loading pure noise ...
D=20, pdet=75.1%
Validation:
D=9, pdet=100.0%
D=12, pdet=100.0%
D=15, pdet=98.0%
D=18, pdet=83.5%
D=20, pdet=75.0%
D=22, pdet=66.5%
D=35, pdet=28.499999999999996%
the learning rate: 1.25e-05
Time used = 15157.492014408112
Using /scratch/kriles_root/kriles0/damoncht/unet_dyn_fastnoise/data/500Hz/500Hz_H1L1_D0-35_256x128_7200s_4c_traindata_n1000_seed60_norm.npz
Loading pure noise ...
D=20, pdet=76.1%
Validation:
D=9, pdet=95.0%
D=12, pdet=67.5%
D=15, pdet=47.0%
D=18, pdet=34.5%
D=20, pdet=23.5%
D=22, pdet=17.5%
D=35, pdet=0.5%
Epoch 661/1000, Training Loss: 3.070e-04, Validation Loss: 2.332e+03
the learning rate: 1.25e-05
Time used = 15179.639291524887
Using /scratch/kriles_root/kriles0/damoncht/unet_dyn_fastnoise/data/500Hz/500Hz_H1L1_D0-35_256x128_7200s_4c_traindata_n1000_seed61_norm.npz
Loading pure noise ...
D=20, pdet=76.1%
Validation:
D=9, pdet=100.0%
D=12, pdet=100.0%
D=15, pdet=98.0%
D=18, pdet=81.5%
D=20, pdet=72.0%
D=22, pdet=64.5%
D=35, pdet=26.0%
the learning rate: 1.25e-05
Time used = 15201.908304452896
Using /scratch/kriles_root/kriles0/damoncht/unet_dyn_fastnoise/data/500Hz/500Hz_H1L1_D0-35_256x128_7200s_4c_traindata_n1000_seed62_norm.npz
Loading pure noise ...
D=20, pdet=76.1%
Validation:
D=9, pdet=100.0%
D=12, pdet=95.5%
D=15, pdet=73.5%
D=18, pdet=60.5%
D=20, pdet=50.0%
D=22, pdet=44.5%
D=35, pdet=5.0%
the learning rate: 1.25e-05
Time used = 15224.449064016342
Using /scratch/kriles_root/kriles0/damoncht/unet_dyn_fastnoise/data/500Hz/500Hz_H1L1_D0-35_256x128_7200s_4c_traindata_n1000_seed63_norm.npz
Loading pure noise ...
D=20, pdet=75.4%
Validation:
D=9, pdet=100.0%
D=12, pdet=100.0%
D=15, pdet=98.0%
D=18, pdet=81.5%
D=20, pdet=71.5%
D=22, pdet=64.5%
D=35, pdet=27.500000000000004%
Epoch 664/1000, Training Loss: 3.148e-04, Validation Loss: 2.331e+03
the learning rate: 1.25e-05
Time used = 15246.98843407631
Using /scratch/kriles_root/kriles0/damoncht/unet_dyn_fastnoise/data/500Hz/500Hz_H1L1_D0-35_256x128_7200s_4c_traindata_n1000_seed64_norm.npz
Loading pure noise ...
D=20, pdet=75.0%
Validation:
D=9, pdet=100.0%
D=12, pdet=100.0%
D=15, pdet=98.0%
D=18, pdet=81.5%
D=20, pdet=75.0%
D=22, pdet=65.5%
D=35, pdet=28.000000000000004%
the learning rate: 1.25e-05
Time used = 15270.823364496231
Using /scratch/kriles_root/kriles0/damoncht/unet_dyn_fastnoise/data/500Hz/500Hz_H1L1_D0-35_256x128_7200s_4c_traindata_n1000_seed65_norm.npz
Loading pure noise ...
D=20, pdet=76.2%
Validation:
D=9, pdet=100.0%
D=12, pdet=100.0%
D=15, pdet=96.0%
D=18, pdet=80.0%
D=20, pdet=69.0%
D=22, pdet=62.5%
D=35, pdet=24.0%
the learning rate: 1.25e-05
Time used = 15293.420063495636
Using /scratch/kriles_root/kriles0/damoncht/unet_dyn_fastnoise/data/500Hz/500Hz_H1L1_D0-35_256x128_7200s_4c_traindata_n1000_seed66_norm.npz
Loading pure noise ...
D=20, pdet=77.5%
Validation:
D=9, pdet=100.0%
D=12, pdet=100.0%
D=15, pdet=95.5%
D=18, pdet=74.5%
D=20, pdet=63.5%
D=22, pdet=59.0%
D=35, pdet=20.0%
Epoch 667/1000, Training Loss: 3.129e-04, Validation Loss: 2.331e+03
the learning rate: 1.25e-05
Time used = 15316.262432575226
Using /scratch/kriles_root/kriles0/damoncht/unet_dyn_fastnoise/data/500Hz/500Hz_H1L1_D0-35_256x128_7200s_4c_traindata_n1000_seed67_norm.npz
Loading pure noise ...
D=20, pdet=75.6%
Validation:
D=9, pdet=100.0%
D=12, pdet=100.0%
D=15, pdet=95.5%
D=18, pdet=76.5%
D=20, pdet=65.5%
D=22, pdet=59.5%
D=35, pdet=21.5%
the learning rate: 1.25e-05
Time used = 15339.34942650795
Using /scratch/kriles_root/kriles0/damoncht/unet_dyn_fastnoise/data/500Hz/500Hz_H1L1_D0-35_256x128_7200s_4c_traindata_n1000_seed68_norm.npz
Loading pure noise ...
D=20, pdet=77.10000000000001%
Validation:
D=9, pdet=100.0%
D=12, pdet=86.5%
D=15, pdet=66.5%
D=18, pdet=55.50000000000001%
D=20, pdet=45.5%
D=22, pdet=39.0%
D=35, pdet=2.5%
the learning rate: 1.25e-05
Time used = 15361.766010522842
Using /scratch/kriles_root/kriles0/damoncht/unet_dyn_fastnoise/data/500Hz/500Hz_H1L1_D0-35_256x128_7200s_4c_traindata_n1000_seed69_norm.npz
Loading pure noise ...
D=20, pdet=78.8%
Validation:
D=9, pdet=100.0%
D=12, pdet=85.5%
D=15, pdet=66.0%
D=18, pdet=55.50000000000001%
D=20, pdet=45.5%
D=22, pdet=38.0%
D=35, pdet=2.5%
Epoch 670/1000, Training Loss: 3.104e-04, Validation Loss: 2.332e+03
the learning rate: 1.25e-05
Time used = 15384.034351587296
Using /scratch/kriles_root/kriles0/damoncht/unet_dyn_fastnoise/data/500Hz/500Hz_H1L1_D0-35_256x128_7200s_4c_traindata_n1000_seed70_norm.npz
Loading pure noise ...
D=20, pdet=78.10000000000001%
Validation:
D=9, pdet=100.0%
D=12, pdet=100.0%
D=15, pdet=97.0%
D=18, pdet=80.5%
D=20, pdet=70.0%
D=22, pdet=63.0%
D=35, pdet=26.0%
the learning rate: 1.25e-05
Time used = 15418.166093587875
Using /scratch/kriles_root/kriles0/damoncht/unet_dyn_fastnoise/data/500Hz/500Hz_H1L1_D0-35_256x128_7200s_4c_traindata_n1000_seed71_norm.npz
Loading pure noise ...
D=20, pdet=77.0%
Validation:
D=9, pdet=100.0%
D=12, pdet=100.0%
D=15, pdet=88.5%
D=18, pdet=69.5%
D=20, pdet=57.99999999999999%
D=22, pdet=54.0%
D=35, pdet=14.499999999999998%
the learning rate: 1.25e-05
Time used = 15440.402244091034
Using /scratch/kriles_root/kriles0/damoncht/unet_dyn_fastnoise/data/500Hz/500Hz_H1L1_D0-35_256x128_7200s_4c_traindata_n1000_seed72_norm.npz
Loading pure noise ...
D=20, pdet=76.4%
Validation:
D=9, pdet=100.0%
D=12, pdet=100.0%
D=15, pdet=95.0%
D=18, pdet=74.5%
D=20, pdet=63.0%
D=22, pdet=57.49999999999999%
D=35, pdet=20.0%
Epoch 673/1000, Training Loss: 3.195e-04, Validation Loss: 2.331e+03
the learning rate: 1.25e-05
Time used = 15463.073406934738
Using /scratch/kriles_root/kriles0/damoncht/unet_dyn_fastnoise/data/500Hz/500Hz_H1L1_D0-35_256x128_7200s_4c_traindata_n1000_seed73_norm.npz
Loading pure noise ...
D=20, pdet=78.4%
Validation:
D=9, pdet=87.5%
D=12, pdet=55.50000000000001%
D=15, pdet=35.0%
D=18, pdet=22.0%
D=20, pdet=10.0%
D=22, pdet=8.5%
D=35, pdet=0.0%
the learning rate: 1.25e-05
Time used = 15486.227608203888
Using /scratch/kriles_root/kriles0/damoncht/unet_dyn_fastnoise/data/500Hz/500Hz_H1L1_D0-35_256x128_7200s_4c_traindata_n1000_seed74_norm.npz
Loading pure noise ...
D=20, pdet=76.7%
Validation:
D=9, pdet=100.0%
D=12, pdet=100.0%
D=15, pdet=95.5%
D=18, pdet=75.0%
D=20, pdet=63.0%
D=22, pdet=59.0%
D=35, pdet=20.0%
the learning rate: 1.25e-05
Time used = 15508.713263511658
Using /scratch/kriles_root/kriles0/damoncht/unet_dyn_fastnoise/data/500Hz/500Hz_H1L1_D0-35_256x128_7200s_4c_traindata_n1000_seed75_norm.npz
Loading pure noise ...
D=20, pdet=75.9%
Validation:
D=9, pdet=100.0%
D=12, pdet=100.0%
D=15, pdet=90.5%
D=18, pdet=71.0%
D=20, pdet=59.0%
D=22, pdet=55.00000000000001%
D=35, pdet=16.5%
Epoch 676/1000, Training Loss: 3.161e-04, Validation Loss: 2.331e+03
the learning rate: 1.25e-05
Time used = 15539.211493968964
Using /scratch/kriles_root/kriles0/damoncht/unet_dyn_fastnoise/data/500Hz/500Hz_H1L1_D0-35_256x128_7200s_4c_traindata_n1000_seed76_norm.npz
Loading pure noise ...
D=20, pdet=76.3%
Validation:
D=9, pdet=93.5%
D=12, pdet=64.0%
D=15, pdet=46.0%
D=18, pdet=32.5%
D=20, pdet=19.5%
D=22, pdet=16.5%
D=35, pdet=0.0%
the learning rate: 1.25e-05
Time used = 15561.534768104553
Using /scratch/kriles_root/kriles0/damoncht/unet_dyn_fastnoise/data/500Hz/500Hz_H1L1_D0-35_256x128_7200s_4c_traindata_n1000_seed77_norm.npz
Loading pure noise ...
D=20, pdet=78.60000000000001%
Validation:
D=9, pdet=100.0%
D=12, pdet=100.0%
D=15, pdet=98.0%
D=18, pdet=82.5%
D=20, pdet=72.5%
D=22, pdet=65.0%
D=35, pdet=27.500000000000004%
the learning rate: 1.25e-05
Time used = 15584.079252958298
Using /scratch/kriles_root/kriles0/damoncht/unet_dyn_fastnoise/data/500Hz/500Hz_H1L1_D0-35_256x128_7200s_4c_traindata_n1000_seed78_norm.npz
Loading pure noise ...
D=20, pdet=77.2%
Validation:
D=9, pdet=100.0%
D=12, pdet=100.0%
D=15, pdet=96.5%
D=18, pdet=80.0%
D=20, pdet=69.5%
D=22, pdet=62.0%
D=35, pdet=24.5%
Epoch 679/1000, Training Loss: 3.089e-04, Validation Loss: 2.331e+03
the learning rate: 1.25e-05
Time used = 15607.218974351883
Using /scratch/kriles_root/kriles0/damoncht/unet_dyn_fastnoise/data/500Hz/500Hz_H1L1_D0-35_256x128_7200s_4c_traindata_n1000_seed79_norm.npz
Loading pure noise ...
D=20, pdet=76.9%
Validation:
D=9, pdet=100.0%
D=12, pdet=100.0%
D=15, pdet=96.0%
D=18, pdet=79.0%
D=20, pdet=68.5%
D=22, pdet=60.5%
D=35, pdet=24.0%
the learning rate: 1.25e-05
Time used = 15629.843219280243
Using /scratch/kriles_root/kriles0/damoncht/unet_dyn_fastnoise/data/500Hz/500Hz_H1L1_D0-35_256x128_7200s_4c_traindata_n1000_seed80_norm.npz
Loading pure noise ...
D=20, pdet=75.2%
Validation:
D=9, pdet=100.0%
D=12, pdet=100.0%
D=15, pdet=93.0%
D=18, pdet=71.5%
D=20, pdet=60.0%
D=22, pdet=56.00000000000001%
D=35, pdet=18.0%
the learning rate: 1.25e-05
Time used = 15652.795844078064
Using /scratch/kriles_root/kriles0/damoncht/unet_dyn_fastnoise/data/500Hz/500Hz_H1L1_D0-35_256x128_7200s_4c_traindata_n1000_seed81_norm.npz
Loading pure noise ...
D=20, pdet=76.9%
Validation:
D=9, pdet=100.0%
D=12, pdet=100.0%
D=15, pdet=95.5%
D=18, pdet=78.5%
D=20, pdet=67.5%
D=22, pdet=59.5%
D=35, pdet=23.0%
Epoch 682/1000, Training Loss: 3.136e-04, Validation Loss: 2.331e+03
the learning rate: 1.25e-05
Time used = 15677.150793552399
Using /scratch/kriles_root/kriles0/damoncht/unet_dyn_fastnoise/data/500Hz/500Hz_H1L1_D0-35_256x128_7200s_4c_traindata_n1000_seed82_norm.npz
Loading pure noise ...
D=20, pdet=75.6%
Validation:
D=9, pdet=100.0%
D=12, pdet=100.0%
D=15, pdet=97.5%
D=18, pdet=80.5%
D=20, pdet=70.0%
D=22, pdet=62.5%
D=35, pdet=24.5%
the learning rate: 1.25e-05
Time used = 15700.08566069603
Using /scratch/kriles_root/kriles0/damoncht/unet_dyn_fastnoise/data/500Hz/500Hz_H1L1_D0-35_256x128_7200s_4c_traindata_n1000_seed83_norm.npz
Loading pure noise ...
D=20, pdet=78.0%
Validation:
D=9, pdet=100.0%
D=12, pdet=100.0%
D=15, pdet=95.5%
D=18, pdet=74.5%
D=20, pdet=64.5%
D=22, pdet=58.5%
D=35, pdet=20.0%
the learning rate: 1.25e-05
Time used = 15722.314613819122
Using /scratch/kriles_root/kriles0/damoncht/unet_dyn_fastnoise/data/500Hz/500Hz_H1L1_D0-35_256x128_7200s_4c_traindata_n1000_seed84_norm.npz
Loading pure noise ...
D=20, pdet=76.3%
Validation:
D=9, pdet=100.0%
D=12, pdet=100.0%
D=15, pdet=95.5%
D=18, pdet=75.5%
D=20, pdet=64.0%
D=22, pdet=59.0%
D=35, pdet=20.5%
Epoch 685/1000, Training Loss: 3.132e-04, Validation Loss: 2.331e+03
the learning rate: 1.25e-05
Time used = 15744.881762742996
Using /scratch/kriles_root/kriles0/damoncht/unet_dyn_fastnoise/data/500Hz/500Hz_H1L1_D0-35_256x128_7200s_4c_traindata_n1000_seed85_norm.npz
Loading pure noise ...
D=20, pdet=77.3%
Validation:
D=9, pdet=100.0%
D=12, pdet=100.0%
D=15, pdet=89.5%
D=18, pdet=70.5%
D=20, pdet=57.49999999999999%
D=22, pdet=54.50000000000001%
D=35, pdet=15.0%
the learning rate: 1.25e-05
Time used = 15767.419221878052
Using /scratch/kriles_root/kriles0/damoncht/unet_dyn_fastnoise/data/500Hz/500Hz_H1L1_D0-35_256x128_7200s_4c_traindata_n1000_seed86_norm.npz
Loading pure noise ...
D=20, pdet=77.0%
Validation:
D=9, pdet=100.0%
D=12, pdet=100.0%
D=15, pdet=95.5%
D=18, pdet=77.5%
D=20, pdet=65.5%
D=22, pdet=59.5%
D=35, pdet=21.5%
the learning rate: 1.25e-05
Time used = 15789.843010902405
Using /scratch/kriles_root/kriles0/damoncht/unet_dyn_fastnoise/data/500Hz/500Hz_H1L1_D0-35_256x128_7200s_4c_traindata_n1000_seed87_norm.npz
Loading pure noise ...
D=20, pdet=75.4%
Validation:
D=9, pdet=100.0%
D=12, pdet=89.5%
D=15, pdet=67.5%
D=18, pdet=56.99999999999999%
D=20, pdet=47.0%
D=22, pdet=40.5%
D=35, pdet=3.0%
Epoch 688/1000, Training Loss: 3.212e-04, Validation Loss: 2.332e+03
the learning rate: 1.25e-05
Time used = 15812.170833587646
Using /scratch/kriles_root/kriles0/damoncht/unet_dyn_fastnoise/data/500Hz/500Hz_H1L1_D0-35_256x128_7200s_4c_traindata_n1000_seed88_norm.npz
Loading pure noise ...
D=20, pdet=75.5%
Validation:
D=9, pdet=100.0%
D=12, pdet=100.0%
D=15, pdet=96.5%
D=18, pdet=80.5%
D=20, pdet=70.5%
D=22, pdet=62.5%
D=35, pdet=26.0%
the learning rate: 1.25e-05
Time used = 15839.896105766296
Using /scratch/kriles_root/kriles0/damoncht/unet_dyn_fastnoise/data/500Hz/500Hz_H1L1_D0-35_256x128_7200s_4c_traindata_n1000_seed89_norm.npz
Loading pure noise ...
D=20, pdet=73.7%
Validation:
D=9, pdet=100.0%
D=12, pdet=100.0%
D=15, pdet=98.0%
D=18, pdet=84.0%
D=20, pdet=75.5%
D=22, pdet=68.0%
D=35, pdet=29.5%
the learning rate: 1.25e-05
Time used = 15862.773342609406
Using /scratch/kriles_root/kriles0/damoncht/unet_dyn_fastnoise/data/500Hz/500Hz_H1L1_D0-35_256x128_7200s_4c_traindata_n1000_seed90_norm.npz
Loading pure noise ...
D=20, pdet=75.6%
Validation:
D=9, pdet=100.0%
D=12, pdet=100.0%
D=15, pdet=97.5%
D=18, pdet=80.5%
D=20, pdet=69.5%
D=22, pdet=62.5%
D=35, pdet=25.5%
Epoch 691/1000, Training Loss: 3.122e-04, Validation Loss: 2.331e+03
the learning rate: 1.25e-05
Time used = 15885.600489139557
Using /scratch/kriles_root/kriles0/damoncht/unet_dyn_fastnoise/data/500Hz/500Hz_H1L1_D0-35_256x128_7200s_4c_traindata_n1000_seed91_norm.npz
Loading pure noise ...
D=20, pdet=77.2%
Validation:
D=9, pdet=100.0%
D=12, pdet=100.0%
D=15, pdet=98.0%
D=18, pdet=81.5%
D=20, pdet=72.5%
D=22, pdet=64.5%
D=35, pdet=27.0%
the learning rate: 1.25e-05
Time used = 15908.388260364532
Using /scratch/kriles_root/kriles0/damoncht/unet_dyn_fastnoise/data/500Hz/500Hz_H1L1_D0-35_256x128_7200s_4c_traindata_n1000_seed92_norm.npz
Loading pure noise ...
D=20, pdet=76.2%
Validation:
D=9, pdet=100.0%
D=12, pdet=100.0%
D=15, pdet=94.5%
D=18, pdet=73.0%
D=20, pdet=62.5%
D=22, pdet=57.49999999999999%
D=35, pdet=19.0%
the learning rate: 1.25e-05
Time used = 15930.877222061157
Using /scratch/kriles_root/kriles0/damoncht/unet_dyn_fastnoise/data/500Hz/500Hz_H1L1_D0-35_256x128_7200s_4c_traindata_n1000_seed93_norm.npz
Loading pure noise ...
D=20, pdet=75.3%
Validation:
D=9, pdet=100.0%
D=12, pdet=100.0%
D=15, pdet=96.5%
D=18, pdet=80.5%
D=20, pdet=71.0%
D=22, pdet=63.0%
D=35, pdet=26.0%
Epoch 694/1000, Training Loss: 3.136e-04, Validation Loss: 2.331e+03
the learning rate: 1.25e-05
Time used = 15953.217889547348
Using /scratch/kriles_root/kriles0/damoncht/unet_dyn_fastnoise/data/500Hz/500Hz_H1L1_D0-35_256x128_7200s_4c_traindata_n1000_seed94_norm.npz
Loading pure noise ...
D=20, pdet=78.0%
Validation:
D=9, pdet=100.0%
D=12, pdet=100.0%
D=15, pdet=98.0%
D=18, pdet=81.5%
D=20, pdet=72.5%
D=22, pdet=64.0%
D=35, pdet=27.0%
the learning rate: 1.25e-05
Time used = 15975.68681359291
Using /scratch/kriles_root/kriles0/damoncht/unet_dyn_fastnoise/data/500Hz/500Hz_H1L1_D0-35_256x128_7200s_4c_traindata_n1000_seed95_norm.npz
Loading pure noise ...
D=20, pdet=77.60000000000001%
Validation:
D=9, pdet=100.0%
D=12, pdet=98.5%
D=15, pdet=77.5%
D=18, pdet=62.5%
D=20, pdet=53.5%
D=22, pdet=48.5%
D=35, pdet=6.5%
the learning rate: 1.25e-05
Time used = 15998.334141016006
Using /scratch/kriles_root/kriles0/damoncht/unet_dyn_fastnoise/data/500Hz/500Hz_H1L1_D0-35_256x128_7200s_4c_traindata_n1000_seed96_norm.npz
Loading pure noise ...
D=20, pdet=77.4%
Validation:
D=9, pdet=100.0%
D=12, pdet=100.0%
D=15, pdet=95.5%
D=18, pdet=75.0%
D=20, pdet=64.5%
D=22, pdet=59.0%
D=35, pdet=20.5%
Epoch 697/1000, Training Loss: 3.133e-04, Validation Loss: 2.331e+03
the learning rate: 1.25e-05
Time used = 16021.218318223953
Using /scratch/kriles_root/kriles0/damoncht/unet_dyn_fastnoise/data/500Hz/500Hz_H1L1_D0-35_256x128_7200s_4c_traindata_n1000_seed97_norm.npz
Loading pure noise ...
D=20, pdet=79.80000000000001%
Validation:
D=9, pdet=100.0%
D=12, pdet=100.0%
D=15, pdet=88.5%
D=18, pdet=68.5%
D=20, pdet=56.49999999999999%
D=22, pdet=54.0%
D=35, pdet=15.0%
the learning rate: 1.25e-05
Time used = 16043.796774864197
Using /scratch/kriles_root/kriles0/damoncht/unet_dyn_fastnoise/data/500Hz/500Hz_H1L1_D0-35_256x128_7200s_4c_traindata_n1000_seed98_norm.npz
Loading pure noise ...
D=20, pdet=71.7%
Validation:
D=9, pdet=100.0%
D=12, pdet=100.0%
D=15, pdet=98.0%
D=18, pdet=81.5%
D=20, pdet=72.5%
D=22, pdet=64.0%
D=35, pdet=27.0%
the learning rate: 1.25e-05
Time used = 16066.449459075928
Using /scratch/kriles_root/kriles0/damoncht/unet_dyn_fastnoise/data/500Hz/500Hz_H1L1_D0-35_256x128_7200s_4c_traindata_n1000_seed99_norm.npz
Loading pure noise ...
D=20, pdet=77.3%
Validation:
D=9, pdet=100.0%
D=12, pdet=100.0%
D=15, pdet=97.0%
D=18, pdet=80.0%
D=20, pdet=70.5%
D=22, pdet=63.0%
D=35, pdet=25.0%
Epoch 700/1000, Training Loss: 3.111e-04, Validation Loss: 2.331e+03
the learning rate: 1.25e-05
Time used = 16093.571385383606
Using /scratch/kriles_root/kriles0/damoncht/unet_dyn_fastnoise/data/500Hz/500Hz_H1L1_D0-35_256x128_7200s_4c_traindata_n1000_seed100_norm.npz
Loading pure noise ...
D=20, pdet=77.7%
Validation:
D=9, pdet=100.0%
D=12, pdet=92.0%
D=15, pdet=70.5%
D=18, pdet=59.0%
D=20, pdet=48.5%
D=22, pdet=42.0%
D=35, pdet=4.5%
the learning rate: 1.25e-05
Time used = 16115.889298677444
Using /scratch/kriles_root/kriles0/damoncht/unet_dyn_fastnoise/data/500Hz/500Hz_H1L1_D0-35_256x128_7200s_4c_traindata_n1000_seed101_norm.npz
Loading pure noise ...
D=20, pdet=76.9%
Validation:
D=9, pdet=100.0%
D=12, pdet=100.0%
D=15, pdet=94.0%
D=18, pdet=73.0%
D=20, pdet=62.0%
D=22, pdet=56.99999999999999%
D=35, pdet=19.0%
the learning rate: 1.25e-05
Time used = 16138.853812217712
Using /scratch/kriles_root/kriles0/damoncht/unet_dyn_fastnoise/data/500Hz/500Hz_H1L1_D0-35_256x128_7200s_4c_traindata_n1000_seed102_norm.npz
Loading pure noise ...
D=20, pdet=76.5%
Validation:
D=9, pdet=100.0%
D=12, pdet=100.0%
D=15, pdet=97.0%
D=18, pdet=80.0%
D=20, pdet=70.0%
D=22, pdet=62.5%
D=35, pdet=25.5%
Epoch 703/1000, Training Loss: 3.158e-04, Validation Loss: 2.331e+03
the learning rate: 1.25e-05
Time used = 16161.266533851624
Using /scratch/kriles_root/kriles0/damoncht/unet_dyn_fastnoise/data/500Hz/500Hz_H1L1_D0-35_256x128_7200s_4c_traindata_n1000_seed103_norm.npz
Loading pure noise ...
D=20, pdet=77.8%
Validation:
D=9, pdet=100.0%
D=12, pdet=100.0%
D=15, pdet=96.5%
D=18, pdet=80.5%
D=20, pdet=71.0%
D=22, pdet=63.0%
D=35, pdet=25.5%
the learning rate: 1.25e-05
Time used = 16183.585073709488
Using /scratch/kriles_root/kriles0/damoncht/unet_dyn_fastnoise/data/500Hz/500Hz_H1L1_D0-35_256x128_7200s_4c_traindata_n1000_seed104_norm.npz
Loading pure noise ...
D=20, pdet=79.10000000000001%
Validation:
D=9, pdet=100.0%
D=12, pdet=100.0%
D=15, pdet=95.5%
D=18, pdet=78.0%
D=20, pdet=66.5%
D=22, pdet=59.0%
D=35, pdet=22.0%
the learning rate: 1.25e-05
Time used = 16206.417561769485
Using /scratch/kriles_root/kriles0/damoncht/unet_dyn_fastnoise/data/500Hz/500Hz_H1L1_D0-35_256x128_7200s_4c_traindata_n1000_seed105_norm.npz
Loading pure noise ...
D=20, pdet=76.2%
Validation:
D=9, pdet=100.0%
D=12, pdet=100.0%
D=15, pdet=94.5%
D=18, pdet=74.0%
D=20, pdet=62.5%
D=22, pdet=57.49999999999999%
D=35, pdet=19.0%
Epoch 706/1000, Training Loss: 3.108e-04, Validation Loss: 2.331e+03
the learning rate: 1.25e-05
Time used = 16229.137169837952
Using /scratch/kriles_root/kriles0/damoncht/unet_dyn_fastnoise/data/500Hz/500Hz_H1L1_D0-35_256x128_7200s_4c_traindata_n1000_seed106_norm.npz
Loading pure noise ...
D=20, pdet=77.10000000000001%
Validation:
D=9, pdet=100.0%
D=12, pdet=100.0%
D=15, pdet=97.0%
D=18, pdet=81.0%
D=20, pdet=71.5%
D=22, pdet=63.0%
D=35, pdet=26.0%
the learning rate: 1.25e-05
Time used = 16251.92950463295
Using /scratch/kriles_root/kriles0/damoncht/unet_dyn_fastnoise/data/500Hz/500Hz_H1L1_D0-35_256x128_7200s_4c_traindata_n1000_seed107_norm.npz
Loading pure noise ...
D=20, pdet=77.4%
Validation:
D=9, pdet=100.0%
D=12, pdet=100.0%
D=15, pdet=96.5%
D=18, pdet=81.0%
D=20, pdet=71.0%
D=22, pdet=63.5%
D=35, pdet=26.0%
the learning rate: 1.25e-05
Time used = 16274.456097126007
Using /scratch/kriles_root/kriles0/damoncht/unet_dyn_fastnoise/data/500Hz/500Hz_H1L1_D0-35_256x128_7200s_4c_traindata_n1000_seed108_norm.npz
Loading pure noise ...
D=20, pdet=76.5%
Validation:
D=9, pdet=100.0%
D=12, pdet=100.0%
D=15, pdet=96.5%
D=18, pdet=80.5%
D=20, pdet=70.0%
D=22, pdet=62.5%
D=35, pdet=25.0%
Epoch 709/1000, Training Loss: 3.174e-04, Validation Loss: 2.331e+03
the learning rate: 1.25e-05
Time used = 16297.405254364014
Using /scratch/kriles_root/kriles0/damoncht/unet_dyn_fastnoise/data/500Hz/500Hz_H1L1_D0-35_256x128_7200s_4c_traindata_n1000_seed109_norm.npz
Loading pure noise ...
D=20, pdet=77.8%
Validation:
D=9, pdet=100.0%
D=12, pdet=100.0%
D=15, pdet=97.5%
D=18, pdet=81.5%
D=20, pdet=71.5%
D=22, pdet=64.0%
D=35, pdet=26.5%
the learning rate: 1.25e-05
Time used = 16319.828100919724
Using /scratch/kriles_root/kriles0/damoncht/unet_dyn_fastnoise/data/500Hz/500Hz_H1L1_D0-35_256x128_7200s_4c_traindata_n1000_seed110_norm.npz
Loading pure noise ...
D=20, pdet=74.5%
Validation:
D=9, pdet=100.0%
D=12, pdet=100.0%
D=15, pdet=95.5%
D=18, pdet=77.5%
D=20, pdet=66.0%
D=22, pdet=59.5%
D=35, pdet=20.0%
the learning rate: 1.25e-05
Time used = 16342.290972709656
Using /scratch/kriles_root/kriles0/damoncht/unet_dyn_fastnoise/data/500Hz/500Hz_H1L1_D0-35_256x128_7200s_4c_traindata_n1000_seed111_norm.npz
Loading pure noise ...
D=20, pdet=79.7%
Validation:
D=9, pdet=100.0%
D=12, pdet=100.0%
D=15, pdet=95.5%
D=18, pdet=77.0%
D=20, pdet=64.5%
D=22, pdet=59.0%
D=35, pdet=20.0%
Epoch 712/1000, Training Loss: 3.132e-04, Validation Loss: 2.331e+03
the learning rate: 1.25e-05
Time used = 16364.540277719498
Using /scratch/kriles_root/kriles0/damoncht/unet_dyn_fastnoise/data/500Hz/500Hz_H1L1_D0-35_256x128_7200s_4c_traindata_n1000_seed112_norm.npz
Loading pure noise ...
D=20, pdet=78.4%
Validation:
D=9, pdet=100.0%
D=12, pdet=94.0%
D=15, pdet=71.5%
D=18, pdet=59.5%
D=20, pdet=49.5%
D=22, pdet=42.5%
D=35, pdet=4.5%
the learning rate: 1.25e-05
Time used = 16388.767155885696
Using /scratch/kriles_root/kriles0/damoncht/unet_dyn_fastnoise/data/500Hz/500Hz_H1L1_D0-35_256x128_7200s_4c_traindata_n1000_seed113_norm.npz
Loading pure noise ...
D=20, pdet=78.4%
Validation:
D=9, pdet=100.0%
D=12, pdet=88.5%
D=15, pdet=67.5%
D=18, pdet=55.50000000000001%
D=20, pdet=45.0%
D=22, pdet=39.5%
D=35, pdet=3.0%
the learning rate: 1.25e-05
Time used = 16411.120732069016
Using /scratch/kriles_root/kriles0/damoncht/unet_dyn_fastnoise/data/500Hz/500Hz_H1L1_D0-35_256x128_7200s_4c_traindata_n1000_seed114_norm.npz
Loading pure noise ...
D=20, pdet=79.0%
Validation:
D=9, pdet=100.0%
D=12, pdet=100.0%
D=15, pdet=89.0%
D=18, pdet=68.5%
D=20, pdet=57.99999999999999%
D=22, pdet=54.0%
D=35, pdet=15.5%
Epoch 715/1000, Training Loss: 3.085e-04, Validation Loss: 2.332e+03
the learning rate: 1.25e-05
Time used = 16435.962819337845
Using /scratch/kriles_root/kriles0/damoncht/unet_dyn_fastnoise/data/500Hz/500Hz_H1L1_D0-35_256x128_7200s_4c_traindata_n1000_seed115_norm.npz
Loading pure noise ...
D=20, pdet=76.2%
Validation:
D=9, pdet=100.0%
D=12, pdet=100.0%
D=15, pdet=96.0%
D=18, pdet=79.5%
D=20, pdet=69.5%
D=22, pdet=61.5%
D=35, pdet=23.0%
the learning rate: 1.25e-05
Time used = 16458.81463599205
Using /scratch/kriles_root/kriles0/damoncht/unet_dyn_fastnoise/data/500Hz/500Hz_H1L1_D0-35_256x128_7200s_4c_traindata_n1000_seed116_norm.npz
Loading pure noise ...
D=20, pdet=74.9%
Validation:
D=9, pdet=100.0%
D=12, pdet=100.0%
D=15, pdet=95.5%
D=18, pdet=74.5%
D=20, pdet=64.0%
D=22, pdet=57.49999999999999%
D=35, pdet=20.5%
the learning rate: 1.25e-05
Time used = 16481.658556461334
Using /scratch/kriles_root/kriles0/damoncht/unet_dyn_fastnoise/data/500Hz/500Hz_H1L1_D0-35_256x128_7200s_4c_traindata_n1000_seed117_norm.npz
Loading pure noise ...
D=20, pdet=74.8%
Validation:
D=9, pdet=100.0%
D=12, pdet=100.0%
D=15, pdet=94.5%
D=18, pdet=72.0%
D=20, pdet=60.5%
D=22, pdet=56.00000000000001%
D=35, pdet=18.0%
Epoch 718/1000, Training Loss: 3.237e-04, Validation Loss: 2.332e+03
the learning rate: 1.25e-05
Time used = 16504.18105006218
Using /scratch/kriles_root/kriles0/damoncht/unet_dyn_fastnoise/data/500Hz/500Hz_H1L1_D0-35_256x128_7200s_4c_traindata_n1000_seed118_norm.npz
Loading pure noise ...
D=20, pdet=74.7%
Validation:
D=9, pdet=100.0%
D=12, pdet=100.0%
D=15, pdet=98.0%
D=18, pdet=84.0%
D=20, pdet=76.5%
D=22, pdet=68.0%
D=35, pdet=30.0%
Replace best pdet model at epoch 718
the learning rate: 1.25e-05
Time used = 16527.310482263565
Using /scratch/kriles_root/kriles0/damoncht/unet_dyn_fastnoise/data/500Hz/500Hz_H1L1_D0-35_256x128_7200s_4c_traindata_n1000_seed119_norm.npz
Loading pure noise ...
D=20, pdet=78.2%
Validation:
D=9, pdet=100.0%
D=12, pdet=95.5%
D=15, pdet=73.5%
D=18, pdet=60.5%
D=20, pdet=50.0%
D=22, pdet=44.5%
D=35, pdet=5.5%
the learning rate: 1.25e-05
Time used = 16549.412694454193
Using /scratch/kriles_root/kriles0/damoncht/unet_dyn_fastnoise/data/500Hz/500Hz_H1L1_D0-35_256x128_7200s_4c_traindata_n1000_seed120_norm.npz
Loading pure noise ...
D=20, pdet=73.6%
Validation:
D=9, pdet=100.0%
D=12, pdet=85.0%
D=15, pdet=63.5%
D=18, pdet=53.0%
D=20, pdet=43.0%
D=22, pdet=35.5%
D=35, pdet=2.0%
Epoch 721/1000, Training Loss: 3.185e-04, Validation Loss: 2.332e+03
the learning rate: 1.25e-05
Time used = 16571.758818387985
Using /scratch/kriles_root/kriles0/damoncht/unet_dyn_fastnoise/data/500Hz/500Hz_H1L1_D0-35_256x128_7200s_4c_traindata_n1000_seed121_norm.npz
Loading pure noise ...
D=20, pdet=75.7%
Validation:
D=9, pdet=100.0%
D=12, pdet=100.0%
D=15, pdet=96.0%
D=18, pdet=79.0%
D=20, pdet=68.5%
D=22, pdet=61.5%
D=35, pdet=23.5%
the learning rate: 1.25e-05
Time used = 16594.396688461304
Using /scratch/kriles_root/kriles0/damoncht/unet_dyn_fastnoise/data/500Hz/500Hz_H1L1_D0-35_256x128_7200s_4c_traindata_n1000_seed122_norm.npz
Loading pure noise ...
D=20, pdet=75.7%
Validation:
D=9, pdet=100.0%
D=12, pdet=100.0%
D=15, pdet=92.5%
D=18, pdet=71.0%
D=20, pdet=60.0%
D=22, pdet=56.00000000000001%
D=35, pdet=18.0%
the learning rate: 1.25e-05
Time used = 16617.073224782944
Using /scratch/kriles_root/kriles0/damoncht/unet_dyn_fastnoise/data/500Hz/500Hz_H1L1_D0-35_256x128_7200s_4c_traindata_n1000_seed123_norm.npz
Loading pure noise ...
D=20, pdet=77.0%
Validation:
D=9, pdet=100.0%
D=12, pdet=99.0%
D=15, pdet=83.5%
D=18, pdet=63.0%
D=20, pdet=54.50000000000001%
D=22, pdet=49.0%
D=35, pdet=9.0%
Epoch 724/1000, Training Loss: 3.154e-04, Validation Loss: 2.332e+03
the learning rate: 1.25e-05
Time used = 16639.53541946411
Using /scratch/kriles_root/kriles0/damoncht/unet_dyn_fastnoise/data/500Hz/500Hz_H1L1_D0-35_256x128_7200s_4c_traindata_n1000_seed124_norm.npz
Loading pure noise ...
D=20, pdet=80.60000000000001%
Validation:
D=9, pdet=100.0%
D=12, pdet=100.0%
D=15, pdet=97.5%
D=18, pdet=81.0%
D=20, pdet=70.5%
D=22, pdet=63.5%
D=35, pdet=25.5%
the learning rate: 1.25e-05
Time used = 16662.13331055641
Using /scratch/kriles_root/kriles0/damoncht/unet_dyn_fastnoise/data/500Hz/500Hz_H1L1_D0-35_256x128_7200s_4c_traindata_n1000_seed125_norm.npz
Loading pure noise ...
D=20, pdet=76.4%
Validation:
D=9, pdet=100.0%
D=12, pdet=100.0%
D=15, pdet=98.5%
D=18, pdet=83.0%
D=20, pdet=74.5%
D=22, pdet=66.5%
D=35, pdet=28.000000000000004%
the learning rate: 1.25e-05
Time used = 16684.963268518448
Using /scratch/kriles_root/kriles0/damoncht/unet_dyn_fastnoise/data/500Hz/500Hz_H1L1_D0-35_256x128_7200s_4c_traindata_n1000_seed126_norm.npz
Loading pure noise ...
D=20, pdet=75.0%
Validation:
D=9, pdet=100.0%
D=12, pdet=100.0%
D=15, pdet=98.5%
D=18, pdet=83.0%
D=20, pdet=75.0%
D=22, pdet=66.5%
D=35, pdet=27.0%
Epoch 727/1000, Training Loss: 3.134e-04, Validation Loss: 2.331e+03
the learning rate: 1.25e-05
Time used = 16707.428707122803
Using /scratch/kriles_root/kriles0/damoncht/unet_dyn_fastnoise/data/500Hz/500Hz_H1L1_D0-35_256x128_7200s_4c_traindata_n1000_seed127_norm.npz
Loading pure noise ...
D=20, pdet=75.8%
Validation:
D=9, pdet=100.0%
D=12, pdet=100.0%
D=15, pdet=95.0%
D=18, pdet=72.0%
D=20, pdet=61.0%
D=22, pdet=57.49999999999999%
D=35, pdet=19.5%
the learning rate: 1.25e-05
Time used = 16731.366455554962
Using /scratch/kriles_root/kriles0/damoncht/unet_dyn_fastnoise/data/500Hz/500Hz_H1L1_D0-35_256x128_7200s_4c_traindata_n1000_seed128_norm.npz
Loading pure noise ...
D=20, pdet=79.10000000000001%
Validation:
D=9, pdet=100.0%
D=12, pdet=100.0%
D=15, pdet=96.0%
D=18, pdet=79.5%
D=20, pdet=68.5%
D=22, pdet=62.0%
D=35, pdet=24.0%
the learning rate: 1.25e-05
Time used = 16753.731805562973
Using /scratch/kriles_root/kriles0/damoncht/unet_dyn_fastnoise/data/500Hz/500Hz_H1L1_D0-35_256x128_7200s_4c_traindata_n1000_seed129_norm.npz
Loading pure noise ...
D=20, pdet=77.7%
Validation:
D=9, pdet=100.0%
D=12, pdet=100.0%
D=15, pdet=98.0%
D=18, pdet=81.0%
D=20, pdet=71.0%
D=22, pdet=63.5%
D=35, pdet=26.0%
Epoch 730/1000, Training Loss: 3.190e-04, Validation Loss: 2.331e+03
the learning rate: 1.25e-05
Time used = 16776.61312842369
Using /scratch/kriles_root/kriles0/damoncht/unet_dyn_fastnoise/data/500Hz/500Hz_H1L1_D0-35_256x128_7200s_4c_traindata_n1000_seed130_norm.npz
Loading pure noise ...
D=20, pdet=78.0%
Validation:
D=9, pdet=100.0%
D=12, pdet=100.0%
D=15, pdet=93.5%
D=18, pdet=72.0%
D=20, pdet=61.0%
D=22, pdet=57.49999999999999%
D=35, pdet=18.0%
the learning rate: 1.25e-05
Time used = 16799.108778238297
Using /scratch/kriles_root/kriles0/damoncht/unet_dyn_fastnoise/data/500Hz/500Hz_H1L1_D0-35_256x128_7200s_4c_traindata_n1000_seed131_norm.npz
Loading pure noise ...
D=20, pdet=77.60000000000001%
Validation:
D=9, pdet=100.0%
D=12, pdet=100.0%
D=15, pdet=96.0%
D=18, pdet=79.5%
D=20, pdet=67.0%
D=22, pdet=60.5%
D=35, pdet=22.5%
the learning rate: 1.25e-05
Time used = 16821.7760951519
Using /scratch/kriles_root/kriles0/damoncht/unet_dyn_fastnoise/data/500Hz/500Hz_H1L1_D0-35_256x128_7200s_4c_traindata_n1000_seed132_norm.npz
Loading pure noise ...
D=20, pdet=75.2%
Validation:
D=9, pdet=93.0%
D=12, pdet=64.0%
D=15, pdet=45.0%
D=18, pdet=30.5%
D=20, pdet=20.5%
D=22, pdet=14.000000000000002%
D=35, pdet=0.0%
Epoch 733/1000, Training Loss: 3.196e-04, Validation Loss: 2.332e+03
the learning rate: 1.25e-05
Time used = 16844.626514196396
Using /scratch/kriles_root/kriles0/damoncht/unet_dyn_fastnoise/data/500Hz/500Hz_H1L1_D0-35_256x128_7200s_4c_traindata_n1000_seed133_norm.npz
Loading pure noise ...
D=20, pdet=77.10000000000001%
Validation:
D=9, pdet=100.0%
D=12, pdet=100.0%
D=15, pdet=97.0%
D=18, pdet=81.0%
D=20, pdet=70.5%
D=22, pdet=64.0%
D=35, pdet=25.5%
the learning rate: 1.25e-05
Time used = 16867.730461597443
Using /scratch/kriles_root/kriles0/damoncht/unet_dyn_fastnoise/data/500Hz/500Hz_H1L1_D0-35_256x128_7200s_4c_traindata_n1000_seed134_norm.npz
Loading pure noise ...
D=20, pdet=80.2%
Validation:
D=9, pdet=100.0%
D=12, pdet=100.0%
D=15, pdet=97.5%
D=18, pdet=81.0%
D=20, pdet=71.0%
D=22, pdet=64.5%
D=35, pdet=26.0%
the learning rate: 1.25e-05
Time used = 16890.71747970581
Using /scratch/kriles_root/kriles0/damoncht/unet_dyn_fastnoise/data/500Hz/500Hz_H1L1_D0-35_256x128_7200s_4c_traindata_n1000_seed135_norm.npz
Loading pure noise ...
D=20, pdet=78.4%
Validation:
D=9, pdet=100.0%
D=12, pdet=100.0%
D=15, pdet=94.5%
D=18, pdet=71.5%
D=20, pdet=61.5%
D=22, pdet=57.99999999999999%
D=35, pdet=18.5%
Epoch 736/1000, Training Loss: 3.056e-04, Validation Loss: 2.331e+03
the learning rate: 1.25e-05
Time used = 16913.39832353592
Using /scratch/kriles_root/kriles0/damoncht/unet_dyn_fastnoise/data/500Hz/500Hz_H1L1_D0-35_256x128_7200s_4c_traindata_n1000_seed136_norm.npz
Loading pure noise ...
D=20, pdet=76.1%
Validation:
D=9, pdet=100.0%
D=12, pdet=99.0%
D=15, pdet=81.0%
D=18, pdet=64.0%
D=20, pdet=54.0%
D=22, pdet=50.0%
D=35, pdet=10.5%
the learning rate: 1.25e-05
Time used = 16936.133133649826
Using /scratch/kriles_root/kriles0/damoncht/unet_dyn_fastnoise/data/500Hz/500Hz_H1L1_D0-35_256x128_7200s_4c_traindata_n1000_seed137_norm.npz
Loading pure noise ...
D=20, pdet=77.3%
Validation:
D=9, pdet=100.0%
D=12, pdet=100.0%
D=15, pdet=96.5%
D=18, pdet=80.0%
D=20, pdet=69.5%
D=22, pdet=62.5%
D=35, pdet=23.5%
the learning rate: 1.25e-05
Time used = 16958.624223947525
Using /scratch/kriles_root/kriles0/damoncht/unet_dyn_fastnoise/data/500Hz/500Hz_H1L1_D0-35_256x128_7200s_4c_traindata_n1000_seed138_norm.npz
Loading pure noise ...
D=20, pdet=75.5%
Validation:
D=9, pdet=100.0%
D=12, pdet=100.0%
D=15, pdet=97.0%
D=18, pdet=80.0%
D=20, pdet=69.0%
D=22, pdet=62.5%
D=35, pdet=24.5%
Epoch 739/1000, Training Loss: 3.160e-04, Validation Loss: 2.331e+03
the learning rate: 1.25e-05
Time used = 16981.130093097687
Using /scratch/kriles_root/kriles0/damoncht/unet_dyn_fastnoise/data/500Hz/500Hz_H1L1_D0-35_256x128_7200s_4c_traindata_n1000_seed139_norm.npz
Loading pure noise ...
D=20, pdet=73.8%
Validation:
D=9, pdet=100.0%
D=12, pdet=100.0%
D=15, pdet=96.5%
D=18, pdet=80.5%
D=20, pdet=70.0%
D=22, pdet=63.5%
D=35, pdet=26.0%
the learning rate: 1.25e-05
Time used = 17003.7483587265
Using /scratch/kriles_root/kriles0/damoncht/unet_dyn_fastnoise/data/500Hz/500Hz_H1L1_D0-35_256x128_7200s_4c_traindata_n1000_seed140_norm.npz
Loading pure noise ...
D=20, pdet=73.6%
Validation:
D=9, pdet=100.0%
D=12, pdet=100.0%
D=15, pdet=93.0%
D=18, pdet=71.0%
D=20, pdet=60.5%
D=22, pdet=56.99999999999999%
D=35, pdet=18.0%
the learning rate: 1.25e-05
Time used = 17026.076659679413
Using /scratch/kriles_root/kriles0/damoncht/unet_dyn_fastnoise/data/500Hz/500Hz_H1L1_D0-35_256x128_7200s_4c_traindata_n1000_seed141_norm.npz
Loading pure noise ...
D=20, pdet=79.0%
Validation:
D=9, pdet=100.0%
D=12, pdet=82.0%
D=15, pdet=60.5%
D=18, pdet=50.5%
D=20, pdet=39.5%
D=22, pdet=33.5%
D=35, pdet=1.5%
Epoch 742/1000, Training Loss: 3.095e-04, Validation Loss: 2.331e+03
the learning rate: 1.25e-05
Time used = 17048.7518556118
Using /scratch/kriles_root/kriles0/damoncht/unet_dyn_fastnoise/data/500Hz/500Hz_H1L1_D0-35_256x128_7200s_4c_traindata_n1000_seed142_norm.npz
Loading pure noise ...
D=20, pdet=76.1%
Validation:
D=9, pdet=100.0%
D=12, pdet=100.0%
D=15, pdet=98.0%
D=18, pdet=81.5%
D=20, pdet=73.0%
D=22, pdet=65.0%
D=35, pdet=28.000000000000004%
the learning rate: 1.25e-05
Time used = 17071.808413505554
Using /scratch/kriles_root/kriles0/damoncht/unet_dyn_fastnoise/data/500Hz/500Hz_H1L1_D0-35_256x128_7200s_4c_traindata_n1000_seed143_norm.npz
Loading pure noise ...
D=20, pdet=76.1%
Validation:
D=9, pdet=100.0%
D=12, pdet=100.0%
D=15, pdet=98.0%
D=18, pdet=81.5%
D=20, pdet=72.0%
D=22, pdet=63.5%
D=35, pdet=27.500000000000004%
the learning rate: 1.25e-05
Time used = 17094.47558760643
Using /scratch/kriles_root/kriles0/damoncht/unet_dyn_fastnoise/data/500Hz/500Hz_H1L1_D0-35_256x128_7200s_4c_traindata_n1000_seed144_norm.npz
Loading pure noise ...
D=20, pdet=78.3%
Validation:
D=9, pdet=100.0%
D=12, pdet=100.0%
D=15, pdet=96.5%
D=18, pdet=80.0%
D=20, pdet=71.0%
D=22, pdet=62.5%
D=35, pdet=25.5%
Epoch 745/1000, Training Loss: 3.122e-04, Validation Loss: 2.331e+03
the learning rate: 1.25e-05
Time used = 17117.410637378693
Using /scratch/kriles_root/kriles0/damoncht/unet_dyn_fastnoise/data/500Hz/500Hz_H1L1_D0-35_256x128_7200s_4c_traindata_n1000_seed145_norm.npz
Loading pure noise ...
D=20, pdet=79.9%
Validation:
D=9, pdet=91.5%
D=12, pdet=60.0%
D=15, pdet=42.5%
D=18, pdet=29.5%
D=20, pdet=16.5%
D=22, pdet=14.000000000000002%
D=35, pdet=0.5%
the learning rate: 1.25e-05
Time used = 17140.4208548069
Using /scratch/kriles_root/kriles0/damoncht/unet_dyn_fastnoise/data/500Hz/500Hz_H1L1_D0-35_256x128_7200s_4c_traindata_n1000_seed146_norm.npz
Loading pure noise ...
D=20, pdet=78.60000000000001%
Validation:
D=9, pdet=100.0%
D=12, pdet=100.0%
D=15, pdet=98.0%
D=18, pdet=81.5%
D=20, pdet=72.5%
D=22, pdet=64.5%
D=35, pdet=27.0%
the learning rate: 1.25e-05
Time used = 17163.41110420227
Using /scratch/kriles_root/kriles0/damoncht/unet_dyn_fastnoise/data/500Hz/500Hz_H1L1_D0-35_256x128_7200s_4c_traindata_n1000_seed147_norm.npz
Loading pure noise ...
D=20, pdet=78.0%
Validation:
D=9, pdet=100.0%
D=12, pdet=100.0%
D=15, pdet=96.0%
D=18, pdet=80.5%
D=20, pdet=70.5%
D=22, pdet=62.0%
D=35, pdet=25.0%
Epoch 748/1000, Training Loss: 3.102e-04, Validation Loss: 2.331e+03
the learning rate: 1.25e-05
Time used = 17186.013614416122
Using /scratch/kriles_root/kriles0/damoncht/unet_dyn_fastnoise/data/500Hz/500Hz_H1L1_D0-35_256x128_7200s_4c_traindata_n1000_seed148_norm.npz
Loading pure noise ...
D=20, pdet=78.4%
Validation:
D=9, pdet=100.0%
D=12, pdet=100.0%
D=15, pdet=95.5%
D=18, pdet=78.0%
D=20, pdet=67.0%
D=22, pdet=60.5%
D=35, pdet=22.5%
the learning rate: 1.25e-05
Time used = 17208.413898706436
Using /scratch/kriles_root/kriles0/damoncht/unet_dyn_fastnoise/data/500Hz/500Hz_H1L1_D0-35_256x128_7200s_4c_traindata_n1000_seed149_norm.npz
Loading pure noise ...
D=20, pdet=76.3%
Validation:
D=9, pdet=100.0%
D=12, pdet=100.0%
D=15, pdet=97.5%
D=18, pdet=81.5%
D=20, pdet=71.5%
D=22, pdet=64.0%
D=35, pdet=27.500000000000004%
the learning rate: 1.25e-05
Time used = 17230.95742249489
Using /scratch/kriles_root/kriles0/damoncht/unet_dyn_fastnoise/data/500Hz/500Hz_H1L1_D0-35_256x128_7200s_4c_traindata_n1000_seed150_norm.npz
Loading pure noise ...
D=20, pdet=74.9%
Validation:
D=9, pdet=100.0%
D=12, pdet=96.5%
D=15, pdet=74.0%
D=18, pdet=60.5%
D=20, pdet=49.5%
D=22, pdet=45.5%
D=35, pdet=5.5%
Epoch 751/1000, Training Loss: 3.175e-04, Validation Loss: 2.332e+03
the learning rate: 1.25e-05
Time used = 17254.23888707161
Using /scratch/kriles_root/kriles0/damoncht/unet_dyn_fastnoise/data/500Hz/500Hz_H1L1_D0-35_256x128_7200s_4c_traindata_n1000_seed151_norm.npz
Loading pure noise ...
D=20, pdet=77.60000000000001%
Validation:
D=9, pdet=100.0%
D=12, pdet=100.0%
D=15, pdet=96.5%
D=18, pdet=80.0%
D=20, pdet=70.5%
D=22, pdet=62.5%
D=35, pdet=24.0%
the learning rate: 1.25e-05
Time used = 17276.844066381454
Using /scratch/kriles_root/kriles0/damoncht/unet_dyn_fastnoise/data/500Hz/500Hz_H1L1_D0-35_256x128_7200s_4c_traindata_n1000_seed152_norm.npz
Loading pure noise ...
D=20, pdet=75.8%
Validation:
D=9, pdet=100.0%
D=12, pdet=100.0%
D=15, pdet=98.0%
D=18, pdet=81.0%
D=20, pdet=72.5%
D=22, pdet=64.5%
D=35, pdet=27.500000000000004%
the learning rate: 1.25e-05
Time used = 17299.125774860382
Using /scratch/kriles_root/kriles0/damoncht/unet_dyn_fastnoise/data/500Hz/500Hz_H1L1_D0-35_256x128_7200s_4c_traindata_n1000_seed153_norm.npz
Loading pure noise ...
D=20, pdet=77.2%
Validation:
D=9, pdet=100.0%
D=12, pdet=98.5%
D=15, pdet=78.0%
D=18, pdet=62.5%
D=20, pdet=53.0%
D=22, pdet=49.0%
D=35, pdet=7.000000000000001%
Epoch 754/1000, Training Loss: 3.060e-04, Validation Loss: 2.332e+03
the learning rate: 1.25e-05
Time used = 17323.522108078003
Using /scratch/kriles_root/kriles0/damoncht/unet_dyn_fastnoise/data/500Hz/500Hz_H1L1_D0-35_256x128_7200s_4c_traindata_n1000_seed154_norm.npz
Loading pure noise ...
D=20, pdet=79.10000000000001%
Validation:
D=9, pdet=100.0%
D=12, pdet=100.0%
D=15, pdet=93.5%
D=18, pdet=71.5%
D=20, pdet=61.0%
D=22, pdet=57.49999999999999%
D=35, pdet=18.5%
the learning rate: 1.25e-05
Time used = 17349.660898685455
Using /scratch/kriles_root/kriles0/damoncht/unet_dyn_fastnoise/data/500Hz/500Hz_H1L1_D0-35_256x128_7200s_4c_traindata_n1000_seed155_norm.npz
Loading pure noise ...
D=20, pdet=77.5%
Validation:
D=9, pdet=100.0%
D=12, pdet=100.0%
D=15, pdet=96.5%
D=18, pdet=80.0%
D=20, pdet=69.5%
D=22, pdet=63.0%
D=35, pdet=25.0%
the learning rate: 1.25e-05
Time used = 17372.354824781418
Using /scratch/kriles_root/kriles0/damoncht/unet_dyn_fastnoise/data/500Hz/500Hz_H1L1_D0-35_256x128_7200s_4c_traindata_n1000_seed156_norm.npz
Loading pure noise ...
D=20, pdet=73.7%
Validation:
D=9, pdet=100.0%
D=12, pdet=77.5%
D=15, pdet=59.0%
D=18, pdet=49.5%
D=20, pdet=39.5%
D=22, pdet=31.5%
D=35, pdet=0.5%
Epoch 757/1000, Training Loss: 3.176e-04, Validation Loss: 2.332e+03
the learning rate: 1.25e-05
Time used = 17394.845467090607
Using /scratch/kriles_root/kriles0/damoncht/unet_dyn_fastnoise/data/500Hz/500Hz_H1L1_D0-35_256x128_7200s_4c_traindata_n1000_seed157_norm.npz
Loading pure noise ...
D=20, pdet=76.8%
Validation:
D=9, pdet=100.0%
D=12, pdet=100.0%
D=15, pdet=90.5%
D=18, pdet=71.0%
D=20, pdet=60.0%
D=22, pdet=54.50000000000001%
D=35, pdet=16.5%
the learning rate: 1.25e-05
Time used = 17417.591255664825
Using /scratch/kriles_root/kriles0/damoncht/unet_dyn_fastnoise/data/500Hz/500Hz_H1L1_D0-35_256x128_7200s_4c_traindata_n1000_seed158_norm.npz
Loading pure noise ...
D=20, pdet=78.8%
Validation:
D=9, pdet=100.0%
D=12, pdet=100.0%
D=15, pdet=93.0%
D=18, pdet=71.0%
D=20, pdet=60.5%
D=22, pdet=56.49999999999999%
D=35, pdet=18.0%
the learning rate: 1.25e-05
Time used = 17440.354645490646
Using /scratch/kriles_root/kriles0/damoncht/unet_dyn_fastnoise/data/500Hz/500Hz_H1L1_D0-35_256x128_7200s_4c_traindata_n1000_seed159_norm.npz
Loading pure noise ...
D=20, pdet=75.9%
Validation:
D=9, pdet=100.0%
D=12, pdet=82.5%
D=15, pdet=62.5%
D=18, pdet=53.5%
D=20, pdet=43.0%
D=22, pdet=35.0%
D=35, pdet=2.0%
Epoch 760/1000, Training Loss: 3.094e-04, Validation Loss: 2.332e+03
the learning rate: 1.25e-05
Time used = 17462.859400749207
Using /scratch/kriles_root/kriles0/damoncht/unet_dyn_fastnoise/data/500Hz/500Hz_H1L1_D0-35_256x128_7200s_4c_traindata_n1000_seed160_norm.npz
Loading pure noise ...
D=20, pdet=80.2%
Validation:
D=9, pdet=100.0%
D=12, pdet=100.0%
D=15, pdet=96.5%
D=18, pdet=80.0%
D=20, pdet=69.0%
D=22, pdet=61.5%
D=35, pdet=23.5%
the learning rate: 1.25e-05
Time used = 17485.790607452393
Using /scratch/kriles_root/kriles0/damoncht/unet_dyn_fastnoise/data/500Hz/500Hz_H1L1_D0-35_256x128_7200s_4c_traindata_n1000_seed161_norm.npz
Loading pure noise ...
D=20, pdet=76.6%
Validation:
D=9, pdet=100.0%
D=12, pdet=100.0%
D=15, pdet=97.0%
D=18, pdet=80.5%
D=20, pdet=70.0%
D=22, pdet=62.0%
D=35, pdet=24.0%
the learning rate: 1.25e-05
Time used = 17508.47383737564
Using /scratch/kriles_root/kriles0/damoncht/unet_dyn_fastnoise/data/500Hz/500Hz_H1L1_D0-35_256x128_7200s_4c_traindata_n1000_seed162_norm.npz
Loading pure noise ...
D=20, pdet=75.7%
Validation:
D=9, pdet=100.0%
D=12, pdet=100.0%
D=15, pdet=96.0%
D=18, pdet=78.5%
D=20, pdet=67.0%
D=22, pdet=61.0%
D=35, pdet=22.0%
Epoch 763/1000, Training Loss: 3.132e-04, Validation Loss: 2.331e+03
the learning rate: 1.25e-05
Time used = 17531.151448965073
Using /scratch/kriles_root/kriles0/damoncht/unet_dyn_fastnoise/data/500Hz/500Hz_H1L1_D0-35_256x128_7200s_4c_traindata_n1000_seed163_norm.npz
Loading pure noise ...
D=20, pdet=76.2%
Validation:
D=9, pdet=100.0%
D=12, pdet=100.0%
D=15, pdet=96.5%
D=18, pdet=80.5%
D=20, pdet=70.5%
D=22, pdet=62.0%
D=35, pdet=24.5%
the learning rate: 1.25e-05
Time used = 17553.970390558243
Using /scratch/kriles_root/kriles0/damoncht/unet_dyn_fastnoise/data/500Hz/500Hz_H1L1_D0-35_256x128_7200s_4c_traindata_n1000_seed164_norm.npz
Loading pure noise ...
D=20, pdet=77.0%
Validation:
D=9, pdet=100.0%
D=12, pdet=100.0%
D=15, pdet=98.0%
D=18, pdet=81.5%
D=20, pdet=73.0%
D=22, pdet=65.0%
D=35, pdet=27.0%
the learning rate: 1.25e-05
Time used = 17576.65424156189
Using /scratch/kriles_root/kriles0/damoncht/unet_dyn_fastnoise/data/500Hz/500Hz_H1L1_D0-35_256x128_7200s_4c_traindata_n1000_seed165_norm.npz
Loading pure noise ...
D=20, pdet=76.4%
Validation:
D=9, pdet=97.5%
D=12, pdet=71.5%
D=15, pdet=54.50000000000001%
D=18, pdet=41.5%
D=20, pdet=31.0%
D=22, pdet=23.0%
D=35, pdet=1.0%
Epoch 766/1000, Training Loss: 3.116e-04, Validation Loss: 2.332e+03
the learning rate: 1.25e-05
Time used = 17599.16538119316
Using /scratch/kriles_root/kriles0/damoncht/unet_dyn_fastnoise/data/500Hz/500Hz_H1L1_D0-35_256x128_7200s_4c_traindata_n1000_seed166_norm.npz
Loading pure noise ...
D=20, pdet=76.9%
Validation:
D=9, pdet=100.0%
D=12, pdet=86.5%
D=15, pdet=66.0%
D=18, pdet=55.00000000000001%
D=20, pdet=44.5%
D=22, pdet=37.5%
D=35, pdet=2.5%
the learning rate: 1.25e-05
Time used = 17621.745285749435
Using /scratch/kriles_root/kriles0/damoncht/unet_dyn_fastnoise/data/500Hz/500Hz_H1L1_D0-35_256x128_7200s_4c_traindata_n1000_seed167_norm.npz
Loading pure noise ...
D=20, pdet=77.0%
Validation:
D=9, pdet=99.5%
D=12, pdet=76.0%
D=15, pdet=57.99999999999999%
D=18, pdet=49.0%
D=20, pdet=37.0%
D=22, pdet=29.5%
D=35, pdet=1.0%
the learning rate: 1.25e-05
Time used = 17644.380136728287
Using /scratch/kriles_root/kriles0/damoncht/unet_dyn_fastnoise/data/500Hz/500Hz_H1L1_D0-35_256x128_7200s_4c_traindata_n1000_seed168_norm.npz
Loading pure noise ...
D=20, pdet=77.60000000000001%
Validation:
D=9, pdet=100.0%
D=12, pdet=100.0%
D=15, pdet=96.0%
D=18, pdet=78.5%
D=20, pdet=66.5%
D=22, pdet=59.5%
D=35, pdet=22.0%
Epoch 769/1000, Training Loss: 3.124e-04, Validation Loss: 2.331e+03
the learning rate: 1.25e-05
Time used = 17667.827252388
Using /scratch/kriles_root/kriles0/damoncht/unet_dyn_fastnoise/data/500Hz/500Hz_H1L1_D0-35_256x128_7200s_4c_traindata_n1000_seed169_norm.npz
Loading pure noise ...
D=20, pdet=80.30000000000001%
Validation:
D=9, pdet=100.0%
D=12, pdet=100.0%
D=15, pdet=95.5%
D=18, pdet=76.5%
D=20, pdet=64.5%
D=22, pdet=60.0%
D=35, pdet=20.5%
the learning rate: 1.25e-05
Time used = 17690.9080786705
Using /scratch/kriles_root/kriles0/damoncht/unet_dyn_fastnoise/data/500Hz/500Hz_H1L1_D0-35_256x128_7200s_4c_traindata_n1000_seed170_norm.npz
Loading pure noise ...
D=20, pdet=75.8%
Validation:
D=9, pdet=100.0%
D=12, pdet=100.0%
D=15, pdet=96.0%
D=18, pdet=79.0%
D=20, pdet=66.5%
D=22, pdet=61.0%
D=35, pdet=21.5%
the learning rate: 1.25e-05
Time used = 17713.994487285614
Using /scratch/kriles_root/kriles0/damoncht/unet_dyn_fastnoise/data/500Hz/500Hz_H1L1_D0-35_256x128_7200s_4c_traindata_n1000_seed171_norm.npz
Loading pure noise ...
D=20, pdet=78.2%
Validation:
D=9, pdet=100.0%
D=12, pdet=100.0%
D=15, pdet=98.0%
D=18, pdet=83.5%
D=20, pdet=73.5%
D=22, pdet=66.0%
D=35, pdet=28.499999999999996%
Epoch 772/1000, Training Loss: 3.092e-04, Validation Loss: 2.331e+03
the learning rate: 1.25e-05
Time used = 17737.85623884201
Using /scratch/kriles_root/kriles0/damoncht/unet_dyn_fastnoise/data/500Hz/500Hz_H1L1_D0-35_256x128_7200s_4c_traindata_n1000_seed172_norm.npz
Loading pure noise ...
D=20, pdet=75.2%
Validation:
D=9, pdet=100.0%
D=12, pdet=91.5%
D=15, pdet=70.5%
D=18, pdet=57.99999999999999%
D=20, pdet=48.0%
D=22, pdet=42.5%
D=35, pdet=3.5000000000000004%
the learning rate: 1.25e-05
Time used = 17760.701022863388
Using /scratch/kriles_root/kriles0/damoncht/unet_dyn_fastnoise/data/500Hz/500Hz_H1L1_D0-35_256x128_7200s_4c_traindata_n1000_seed173_norm.npz
Loading pure noise ...
D=20, pdet=79.10000000000001%
Validation:
D=9, pdet=100.0%
D=12, pdet=100.0%
D=15, pdet=98.0%
D=18, pdet=83.0%
D=20, pdet=74.5%
D=22, pdet=67.0%
D=35, pdet=28.499999999999996%
the learning rate: 1.25e-05
Time used = 17783.65017437935
Using /scratch/kriles_root/kriles0/damoncht/unet_dyn_fastnoise/data/500Hz/500Hz_H1L1_D0-35_256x128_7200s_4c_traindata_n1000_seed174_norm.npz
Loading pure noise ...
D=20, pdet=79.2%
Validation:
D=9, pdet=100.0%
D=12, pdet=100.0%
D=15, pdet=96.0%
D=18, pdet=80.0%
D=20, pdet=70.0%
D=22, pdet=62.5%
D=35, pdet=23.5%
Epoch 775/1000, Training Loss: 3.138e-04, Validation Loss: 2.331e+03
the learning rate: 1.25e-05
Time used = 17806.16128897667
Using /scratch/kriles_root/kriles0/damoncht/unet_dyn_fastnoise/data/500Hz/500Hz_H1L1_D0-35_256x128_7200s_4c_traindata_n1000_seed175_norm.npz
Loading pure noise ...
D=20, pdet=77.8%
Validation:
D=9, pdet=100.0%
D=12, pdet=100.0%
D=15, pdet=96.5%
D=18, pdet=80.0%
D=20, pdet=70.0%
D=22, pdet=63.0%
D=35, pdet=24.5%
the learning rate: 1.25e-05
Time used = 17832.22203183174
Using /scratch/kriles_root/kriles0/damoncht/unet_dyn_fastnoise/data/500Hz/500Hz_H1L1_D0-35_256x128_7200s_4c_traindata_n1000_seed176_norm.npz
Loading pure noise ...
D=20, pdet=77.0%
Validation:
D=9, pdet=100.0%
D=12, pdet=100.0%
D=15, pdet=87.0%
D=18, pdet=65.5%
D=20, pdet=54.50000000000001%
D=22, pdet=51.0%
D=35, pdet=11.0%
the learning rate: 1.25e-05
Time used = 17858.590067625046
Using /scratch/kriles_root/kriles0/damoncht/unet_dyn_fastnoise/data/500Hz/500Hz_H1L1_D0-35_256x128_7200s_4c_traindata_n1000_seed177_norm.npz
Loading pure noise ...
D=20, pdet=75.7%
Validation:
D=9, pdet=100.0%
D=12, pdet=100.0%
D=15, pdet=98.0%
D=18, pdet=81.5%
D=20, pdet=73.5%
D=22, pdet=65.0%
D=35, pdet=27.0%
Epoch 778/1000, Training Loss: 3.090e-04, Validation Loss: 2.331e+03
the learning rate: 1.25e-05
Time used = 17881.334490776062
Using /scratch/kriles_root/kriles0/damoncht/unet_dyn_fastnoise/data/500Hz/500Hz_H1L1_D0-35_256x128_7200s_4c_traindata_n1000_seed178_norm.npz
Loading pure noise ...
D=20, pdet=76.8%
Validation:
D=9, pdet=100.0%
D=12, pdet=100.0%
D=15, pdet=95.5%
D=18, pdet=76.0%
D=20, pdet=63.5%
D=22, pdet=59.5%
D=35, pdet=21.0%
the learning rate: 1.25e-05
Time used = 17903.917123556137
Using /scratch/kriles_root/kriles0/damoncht/unet_dyn_fastnoise/data/500Hz/500Hz_H1L1_D0-35_256x128_7200s_4c_traindata_n1000_seed179_norm.npz
Loading pure noise ...
D=20, pdet=79.60000000000001%
Validation:
D=9, pdet=100.0%
D=12, pdet=100.0%
D=15, pdet=96.5%
D=18, pdet=80.0%
D=20, pdet=68.5%
D=22, pdet=61.5%
D=35, pdet=23.0%
the learning rate: 1.25e-05
Time used = 17929.854012966156
Using /scratch/kriles_root/kriles0/damoncht/unet_dyn_fastnoise/data/500Hz/500Hz_H1L1_D0-35_256x128_7200s_4c_traindata_n1000_seed180_norm.npz
Loading pure noise ...
D=20, pdet=76.6%
Validation:
D=9, pdet=100.0%
D=12, pdet=100.0%
D=15, pdet=97.0%
D=18, pdet=80.5%
D=20, pdet=71.5%
D=22, pdet=63.5%
D=35, pdet=26.5%
Epoch 781/1000, Training Loss: 3.148e-04, Validation Loss: 2.331e+03
the learning rate: 1.25e-05
Time used = 17952.463586091995
Using /scratch/kriles_root/kriles0/damoncht/unet_dyn_fastnoise/data/500Hz/500Hz_H1L1_D0-35_256x128_7200s_4c_traindata_n1000_seed181_norm.npz
Loading pure noise ...
D=20, pdet=74.6%
Validation:
D=9, pdet=100.0%
D=12, pdet=100.0%
D=15, pdet=88.0%
D=18, pdet=68.0%
D=20, pdet=56.49999999999999%
D=22, pdet=55.00000000000001%
D=35, pdet=14.000000000000002%
the learning rate: 1.25e-05
Time used = 17975.32205247879
Using /scratch/kriles_root/kriles0/damoncht/unet_dyn_fastnoise/data/500Hz/500Hz_H1L1_D0-35_256x128_7200s_4c_traindata_n1000_seed182_norm.npz
Loading pure noise ...
D=20, pdet=80.30000000000001%
Validation:
D=9, pdet=100.0%
D=12, pdet=100.0%
D=15, pdet=97.5%
D=18, pdet=80.5%
D=20, pdet=72.5%
D=22, pdet=63.5%
D=35, pdet=26.5%
the learning rate: 1.25e-05
Time used = 17998.029029607773
Using /scratch/kriles_root/kriles0/damoncht/unet_dyn_fastnoise/data/500Hz/500Hz_H1L1_D0-35_256x128_7200s_4c_traindata_n1000_seed183_norm.npz
Loading pure noise ...
D=20, pdet=77.3%
Validation:
D=9, pdet=100.0%
D=12, pdet=99.0%
D=15, pdet=79.5%
D=18, pdet=62.5%
D=20, pdet=53.0%
D=22, pdet=50.0%
D=35, pdet=8.5%
Epoch 784/1000, Training Loss: 3.045e-04, Validation Loss: 2.331e+03
the learning rate: 1.25e-05
Time used = 18021.278431892395
Using /scratch/kriles_root/kriles0/damoncht/unet_dyn_fastnoise/data/500Hz/500Hz_H1L1_D0-35_256x128_7200s_4c_traindata_n1000_seed184_norm.npz
Loading pure noise ...
D=20, pdet=75.3%
Validation:
D=9, pdet=100.0%
D=12, pdet=100.0%
D=15, pdet=95.0%
D=18, pdet=72.5%
D=20, pdet=62.0%
D=22, pdet=58.5%
D=35, pdet=20.0%
the learning rate: 1.25e-05
Time used = 18044.13290953636
Using /scratch/kriles_root/kriles0/damoncht/unet_dyn_fastnoise/data/500Hz/500Hz_H1L1_D0-35_256x128_7200s_4c_traindata_n1000_seed185_norm.npz
Loading pure noise ...
D=20, pdet=73.1%
Validation:
D=9, pdet=100.0%
D=12, pdet=100.0%
D=15, pdet=98.0%
D=18, pdet=84.0%
D=20, pdet=74.0%
D=22, pdet=66.5%
D=35, pdet=28.000000000000004%
the learning rate: 1.25e-05
Time used = 18066.416373729706
Using /scratch/kriles_root/kriles0/damoncht/unet_dyn_fastnoise/data/500Hz/500Hz_H1L1_D0-35_256x128_7200s_4c_traindata_n1000_seed186_norm.npz
Loading pure noise ...
D=20, pdet=75.1%
Validation:
D=9, pdet=100.0%
D=12, pdet=100.0%
D=15, pdet=94.5%
D=18, pdet=73.0%
D=20, pdet=62.5%
D=22, pdet=57.99999999999999%
D=35, pdet=19.0%
Epoch 787/1000, Training Loss: 3.113e-04, Validation Loss: 2.331e+03
the learning rate: 1.25e-05
Time used = 18088.855506420135
Using /scratch/kriles_root/kriles0/damoncht/unet_dyn_fastnoise/data/500Hz/500Hz_H1L1_D0-35_256x128_7200s_4c_traindata_n1000_seed187_norm.npz
Loading pure noise ...
D=20, pdet=73.7%
Validation:
D=9, pdet=100.0%
D=12, pdet=100.0%
D=15, pdet=95.5%
D=18, pdet=76.5%
D=20, pdet=65.5%
D=22, pdet=60.0%
D=35, pdet=20.5%
the learning rate: 1.25e-05
Time used = 18111.535175323486
Using /scratch/kriles_root/kriles0/damoncht/unet_dyn_fastnoise/data/500Hz/500Hz_H1L1_D0-35_256x128_7200s_4c_traindata_n1000_seed188_norm.npz
Loading pure noise ...
D=20, pdet=79.80000000000001%
Validation:
D=9, pdet=100.0%
D=12, pdet=100.0%
D=15, pdet=96.5%
D=18, pdet=80.0%
D=20, pdet=71.0%
D=22, pdet=63.0%
D=35, pdet=25.0%
the learning rate: 1.25e-05
Time used = 18134.245314836502
Using /scratch/kriles_root/kriles0/damoncht/unet_dyn_fastnoise/data/500Hz/500Hz_H1L1_D0-35_256x128_7200s_4c_traindata_n1000_seed189_norm.npz
Loading pure noise ...
D=20, pdet=75.9%
Validation:
D=9, pdet=100.0%
D=12, pdet=100.0%
D=15, pdet=98.0%
D=18, pdet=84.5%
D=20, pdet=75.5%
D=22, pdet=67.0%
D=35, pdet=28.999999999999996%
Epoch 790/1000, Training Loss: 3.210e-04, Validation Loss: 2.331e+03
Replace best val model at epoch 789
the learning rate: 1.25e-05
Time used = 18156.57946705818
Using /scratch/kriles_root/kriles0/damoncht/unet_dyn_fastnoise/data/500Hz/500Hz_H1L1_D0-35_256x128_7200s_4c_traindata_n1000_seed190_norm.npz
Loading pure noise ...
D=20, pdet=75.2%
Validation:
D=9, pdet=100.0%
D=12, pdet=100.0%
D=15, pdet=97.0%
D=18, pdet=80.5%
D=20, pdet=71.0%
D=22, pdet=62.5%
D=35, pdet=25.0%
the learning rate: 1.25e-05
Time used = 18179.512234926224
Using /scratch/kriles_root/kriles0/damoncht/unet_dyn_fastnoise/data/500Hz/500Hz_H1L1_D0-35_256x128_7200s_4c_traindata_n1000_seed191_norm.npz
Loading pure noise ...
D=20, pdet=75.4%
Validation:
D=9, pdet=100.0%
D=12, pdet=100.0%
D=15, pdet=97.0%
D=18, pdet=81.0%
D=20, pdet=71.0%
D=22, pdet=63.0%
D=35, pdet=26.0%
the learning rate: 1.25e-05
Time used = 18201.71851158142
Using /scratch/kriles_root/kriles0/damoncht/unet_dyn_fastnoise/data/500Hz/500Hz_H1L1_D0-35_256x128_7200s_4c_traindata_n1000_seed192_norm.npz
Loading pure noise ...
D=20, pdet=77.8%
Validation:
D=9, pdet=100.0%
D=12, pdet=100.0%
D=15, pdet=96.5%
D=18, pdet=80.5%
D=20, pdet=70.5%
D=22, pdet=62.5%
D=35, pdet=25.0%
Epoch 793/1000, Training Loss: 3.194e-04, Validation Loss: 2.331e+03
the learning rate: 1.25e-05
Time used = 18224.6849963665
Using /scratch/kriles_root/kriles0/damoncht/unet_dyn_fastnoise/data/500Hz/500Hz_H1L1_D0-35_256x128_7200s_4c_traindata_n1000_seed193_norm.npz
Loading pure noise ...
D=20, pdet=76.2%
Validation:
D=9, pdet=100.0%
D=12, pdet=100.0%
D=15, pdet=95.5%
D=18, pdet=75.0%
D=20, pdet=65.0%
D=22, pdet=59.5%
D=35, pdet=20.0%
the learning rate: 1.25e-05
Time used = 18247.616251945496
Using /scratch/kriles_root/kriles0/damoncht/unet_dyn_fastnoise/data/500Hz/500Hz_H1L1_D0-35_256x128_7200s_4c_traindata_n1000_seed194_norm.npz
Loading pure noise ...
D=20, pdet=74.7%
Validation:
D=9, pdet=100.0%
D=12, pdet=100.0%
D=15, pdet=96.5%
D=18, pdet=80.5%
D=20, pdet=71.0%
D=22, pdet=63.0%
D=35, pdet=25.0%
the learning rate: 1.25e-05
Time used = 18270.31255722046
Using /scratch/kriles_root/kriles0/damoncht/unet_dyn_fastnoise/data/500Hz/500Hz_H1L1_D0-35_256x128_7200s_4c_traindata_n1000_seed195_norm.npz
Loading pure noise ...
D=20, pdet=75.4%
Validation:
D=9, pdet=100.0%
D=12, pdet=100.0%
D=15, pdet=96.0%
D=18, pdet=79.0%
D=20, pdet=67.0%
D=22, pdet=61.5%
D=35, pdet=23.0%
Epoch 796/1000, Training Loss: 3.095e-04, Validation Loss: 2.331e+03
the learning rate: 1.25e-05
Time used = 18292.630527734756
Using /scratch/kriles_root/kriles0/damoncht/unet_dyn_fastnoise/data/500Hz/500Hz_H1L1_D0-35_256x128_7200s_4c_traindata_n1000_seed196_norm.npz
Loading pure noise ...
D=20, pdet=77.9%
Validation:
D=9, pdet=100.0%
D=12, pdet=100.0%
D=15, pdet=96.0%
D=18, pdet=78.5%
D=20, pdet=66.0%
D=22, pdet=59.5%
D=35, pdet=22.0%
the learning rate: 1.25e-05
Time used = 18315.034314393997
Using /scratch/kriles_root/kriles0/damoncht/unet_dyn_fastnoise/data/500Hz/500Hz_H1L1_D0-35_256x128_7200s_4c_traindata_n1000_seed197_norm.npz
Loading pure noise ...
D=20, pdet=76.1%
Validation:
D=9, pdet=99.5%
D=12, pdet=81.5%
D=15, pdet=59.0%
D=18, pdet=50.5%
D=20, pdet=39.5%
D=22, pdet=33.0%
D=35, pdet=1.0%
the learning rate: 1.25e-05
Time used = 18338.975322961807
Using /scratch/kriles_root/kriles0/damoncht/unet_dyn_fastnoise/data/500Hz/500Hz_H1L1_D0-35_256x128_7200s_4c_traindata_n1000_seed198_norm.npz
Loading pure noise ...
D=20, pdet=79.5%
Validation:
D=9, pdet=100.0%
D=12, pdet=100.0%
D=15, pdet=94.5%
D=18, pdet=73.5%
D=20, pdet=62.5%
D=22, pdet=57.99999999999999%
D=35, pdet=19.0%
Epoch 799/1000, Training Loss: 3.031e-04, Validation Loss: 2.331e+03
the learning rate: 1.25e-05
Time used = 18361.529812812805
Using /scratch/kriles_root/kriles0/damoncht/unet_dyn_fastnoise/data/500Hz/500Hz_H1L1_D0-35_256x128_7200s_4c_traindata_n1000_seed199_norm.npz
Loading pure noise ...
D=20, pdet=80.80000000000001%
Validation:
D=9, pdet=97.0%
D=12, pdet=73.5%
D=15, pdet=56.00000000000001%
D=18, pdet=43.0%
D=20, pdet=34.0%
D=22, pdet=25.0%
D=35, pdet=0.5%
the learning rate: 1.25e-05
Time used = 18384.64643740654
Using /scratch/kriles_root/kriles0/damoncht/unet_dyn_fastnoise/data/500Hz/500Hz_H1L1_D0-35_256x128_7200s_4c_traindata_n1000_seed200_norm.npz
Loading pure noise ...
D=20, pdet=75.6%
Validation:
D=9, pdet=100.0%
D=12, pdet=100.0%
D=15, pdet=89.5%
D=18, pdet=69.5%
D=20, pdet=59.0%
D=22, pdet=54.0%
D=35, pdet=15.5%
the learning rate: 1.25e-05
Time used = 18407.38148188591
Using /scratch/kriles_root/kriles0/damoncht/unet_dyn_fastnoise/data/500Hz/500Hz_H1L1_D0-35_256x128_7200s_4c_traindata_n1000_seed201_norm.npz
Loading pure noise ...
D=20, pdet=76.2%
Validation:
D=9, pdet=100.0%
D=12, pdet=100.0%
D=15, pdet=94.5%
D=18, pdet=73.5%
D=20, pdet=62.0%
D=22, pdet=59.0%
D=35, pdet=19.0%
Epoch 802/1000, Training Loss: 3.160e-04, Validation Loss: 2.331e+03
the learning rate: 1.25e-05
Time used = 18430.13612484932
Using /scratch/kriles_root/kriles0/damoncht/unet_dyn_fastnoise/data/500Hz/500Hz_H1L1_D0-35_256x128_7200s_4c_traindata_n1000_seed202_norm.npz
Loading pure noise ...
D=20, pdet=75.4%
Validation:
D=9, pdet=100.0%
D=12, pdet=100.0%
D=15, pdet=87.0%
D=18, pdet=65.0%
D=20, pdet=55.00000000000001%
D=22, pdet=51.0%
D=35, pdet=12.5%
the learning rate: 1.25e-05
Time used = 18452.966613531113
Using /scratch/kriles_root/kriles0/damoncht/unet_dyn_fastnoise/data/500Hz/500Hz_H1L1_D0-35_256x128_7200s_4c_traindata_n1000_seed203_norm.npz
Loading pure noise ...
D=20, pdet=75.0%
Validation:
D=9, pdet=100.0%
D=12, pdet=99.5%
D=15, pdet=83.5%
D=18, pdet=64.0%
D=20, pdet=54.50000000000001%
D=22, pdet=50.5%
D=35, pdet=10.5%
the learning rate: 1.25e-05
Time used = 18476.42351293564
Using /scratch/kriles_root/kriles0/damoncht/unet_dyn_fastnoise/data/500Hz/500Hz_H1L1_D0-35_256x128_7200s_4c_traindata_n1000_seed204_norm.npz
Loading pure noise ...
D=20, pdet=77.8%
Validation:
D=9, pdet=94.5%
D=12, pdet=67.5%
D=15, pdet=48.5%
D=18, pdet=33.0%
D=20, pdet=22.5%
D=22, pdet=17.5%
D=35, pdet=0.0%
Epoch 805/1000, Training Loss: 3.106e-04, Validation Loss: 2.332e+03
the learning rate: 1.25e-05
Time used = 18499.411898612976
Using /scratch/kriles_root/kriles0/damoncht/unet_dyn_fastnoise/data/500Hz/500Hz_H1L1_D0-35_256x128_7200s_4c_traindata_n1000_seed205_norm.npz
Loading pure noise ...
D=20, pdet=75.0%
Validation:
D=9, pdet=100.0%
D=12, pdet=100.0%
D=15, pdet=94.5%
D=18, pdet=72.5%
D=20, pdet=61.5%
D=22, pdet=56.99999999999999%
D=35, pdet=18.5%
the learning rate: 1.25e-05
Time used = 18522.15451979637
Using /scratch/kriles_root/kriles0/damoncht/unet_dyn_fastnoise/data/500Hz/500Hz_H1L1_D0-35_256x128_7200s_4c_traindata_n1000_seed206_norm.npz
Loading pure noise ...
D=20, pdet=74.1%
Validation:
D=9, pdet=100.0%
D=12, pdet=100.0%
D=15, pdet=96.0%
D=18, pdet=80.0%
D=20, pdet=68.0%
D=22, pdet=61.0%
D=35, pdet=22.5%
the learning rate: 1.25e-05
Time used = 18547.504667282104
Using /scratch/kriles_root/kriles0/damoncht/unet_dyn_fastnoise/data/500Hz/500Hz_H1L1_D0-35_256x128_7200s_4c_traindata_n1000_seed207_norm.npz
Loading pure noise ...
D=20, pdet=77.60000000000001%
Validation:
D=9, pdet=100.0%
D=12, pdet=100.0%
D=15, pdet=98.0%
D=18, pdet=81.0%
D=20, pdet=72.0%
D=22, pdet=64.5%
D=35, pdet=27.0%
Epoch 808/1000, Training Loss: 3.101e-04, Validation Loss: 2.331e+03
the learning rate: 1.25e-05
Time used = 18570.268423318863
Using /scratch/kriles_root/kriles0/damoncht/unet_dyn_fastnoise/data/500Hz/500Hz_H1L1_D0-35_256x128_7200s_4c_traindata_n1000_seed208_norm.npz
Loading pure noise ...
D=20, pdet=77.7%
Validation:
D=9, pdet=100.0%
D=12, pdet=100.0%
D=15, pdet=97.5%
D=18, pdet=80.5%
D=20, pdet=71.5%
D=22, pdet=63.0%
D=35, pdet=25.0%
the learning rate: 1.25e-05
Time used = 18593.024225234985
Using /scratch/kriles_root/kriles0/damoncht/unet_dyn_fastnoise/data/500Hz/500Hz_H1L1_D0-35_256x128_7200s_4c_traindata_n1000_seed209_norm.npz
Loading pure noise ...
D=20, pdet=76.5%
Validation:
D=9, pdet=100.0%
D=12, pdet=100.0%
D=15, pdet=93.0%
D=18, pdet=71.0%
D=20, pdet=61.5%
D=22, pdet=56.00000000000001%
D=35, pdet=18.5%
the learning rate: 1.25e-05
Time used = 18615.640176534653
Using /scratch/kriles_root/kriles0/damoncht/unet_dyn_fastnoise/data/500Hz/500Hz_H1L1_D0-35_256x128_7200s_4c_traindata_n1000_seed210_norm.npz
Loading pure noise ...
D=20, pdet=79.10000000000001%
Validation:
D=9, pdet=92.0%
D=12, pdet=62.5%
D=15, pdet=43.0%
D=18, pdet=28.999999999999996%
D=20, pdet=16.5%
D=22, pdet=14.000000000000002%
D=35, pdet=0.0%
Epoch 811/1000, Training Loss: 3.090e-04, Validation Loss: 2.332e+03
the learning rate: 1.25e-05
Time used = 18639.392370700836
Using /scratch/kriles_root/kriles0/damoncht/unet_dyn_fastnoise/data/500Hz/500Hz_H1L1_D0-35_256x128_7200s_4c_traindata_n1000_seed211_norm.npz
Loading pure noise ...
D=20, pdet=76.5%
Validation:
D=9, pdet=100.0%
D=12, pdet=100.0%
D=15, pdet=97.5%
D=18, pdet=81.0%
D=20, pdet=71.5%
D=22, pdet=63.5%
D=35, pdet=26.5%
the learning rate: 1.25e-05
Time used = 18662.54908847809
Using /scratch/kriles_root/kriles0/damoncht/unet_dyn_fastnoise/data/500Hz/500Hz_H1L1_D0-35_256x128_7200s_4c_traindata_n1000_seed212_norm.npz
Loading pure noise ...
D=20, pdet=76.0%
Validation:
D=9, pdet=100.0%
D=12, pdet=100.0%
D=15, pdet=86.5%
D=18, pdet=66.0%
D=20, pdet=55.50000000000001%
D=22, pdet=52.5%
D=35, pdet=12.5%
the learning rate: 1.25e-05
Time used = 18685.4860663414
Using /scratch/kriles_root/kriles0/damoncht/unet_dyn_fastnoise/data/500Hz/500Hz_H1L1_D0-35_256x128_7200s_4c_traindata_n1000_seed213_norm.npz
Loading pure noise ...
D=20, pdet=76.8%
Validation:
D=9, pdet=100.0%
D=12, pdet=100.0%
D=15, pdet=96.5%
D=18, pdet=80.0%
D=20, pdet=69.5%
D=22, pdet=62.5%
D=35, pdet=24.0%
Epoch 814/1000, Training Loss: 3.143e-04, Validation Loss: 2.331e+03
the learning rate: 1.25e-05
Time used = 18707.870633602142
Using /scratch/kriles_root/kriles0/damoncht/unet_dyn_fastnoise/data/500Hz/500Hz_H1L1_D0-35_256x128_7200s_4c_traindata_n1000_seed214_norm.npz
Loading pure noise ...
D=20, pdet=77.9%
Validation:
D=9, pdet=100.0%
D=12, pdet=100.0%
D=15, pdet=96.0%
D=18, pdet=79.5%
D=20, pdet=67.0%
D=22, pdet=61.0%
D=35, pdet=22.5%
the learning rate: 1.25e-05
Time used = 18730.496134996414
Using /scratch/kriles_root/kriles0/damoncht/unet_dyn_fastnoise/data/500Hz/500Hz_H1L1_D0-35_256x128_7200s_4c_traindata_n1000_seed215_norm.npz
Loading pure noise ...
D=20, pdet=77.60000000000001%
Validation:
D=9, pdet=100.0%
D=12, pdet=100.0%
D=15, pdet=92.5%
D=18, pdet=71.5%
D=20, pdet=61.0%
D=22, pdet=56.99999999999999%
D=35, pdet=17.5%
the learning rate: 1.25e-05
Time used = 18752.920018434525
Using /scratch/kriles_root/kriles0/damoncht/unet_dyn_fastnoise/data/500Hz/500Hz_H1L1_D0-35_256x128_7200s_4c_traindata_n1000_seed216_norm.npz
Loading pure noise ...
D=20, pdet=77.3%
Validation:
D=9, pdet=100.0%
D=12, pdet=100.0%
D=15, pdet=96.5%
D=18, pdet=80.0%
D=20, pdet=70.0%
D=22, pdet=62.5%
D=35, pdet=24.0%
Epoch 817/1000, Training Loss: 3.069e-04, Validation Loss: 2.331e+03
the learning rate: 1.25e-05
Time used = 18775.547256946564
Using /scratch/kriles_root/kriles0/damoncht/unet_dyn_fastnoise/data/500Hz/500Hz_H1L1_D0-35_256x128_7200s_4c_traindata_n1000_seed217_norm.npz
Loading pure noise ...
D=20, pdet=75.9%
Validation:
D=9, pdet=100.0%
D=12, pdet=100.0%
D=15, pdet=89.0%
D=18, pdet=69.0%
D=20, pdet=57.49999999999999%
D=22, pdet=54.0%
D=35, pdet=15.0%
the learning rate: 1.25e-05
Time used = 18798.274597644806
Using /scratch/kriles_root/kriles0/damoncht/unet_dyn_fastnoise/data/500Hz/500Hz_H1L1_D0-35_256x128_7200s_4c_traindata_n1000_seed218_norm.npz
Loading pure noise ...
D=20, pdet=77.2%
Validation:
D=9, pdet=100.0%
D=12, pdet=99.0%
D=15, pdet=79.0%
D=18, pdet=62.5%
D=20, pdet=53.0%
D=22, pdet=49.5%
D=35, pdet=7.5%
the learning rate: 1.25e-05
Time used = 18822.92846250534
Using /scratch/kriles_root/kriles0/damoncht/unet_dyn_fastnoise/data/500Hz/500Hz_H1L1_D0-35_256x128_7200s_4c_traindata_n1000_seed219_norm.npz
Loading pure noise ...
D=20, pdet=77.9%
Validation:
D=9, pdet=100.0%
D=12, pdet=100.0%
D=15, pdet=92.5%
D=18, pdet=72.0%
D=20, pdet=61.5%
D=22, pdet=56.49999999999999%
D=35, pdet=18.0%
Epoch 820/1000, Training Loss: 3.083e-04, Validation Loss: 2.331e+03
the learning rate: 6.25e-06
Time used = 18848.33204126358
Done.
