%% LAL: 7.6.0 (CLEAN 66b61e11399a21c5dd2ec3af5f8bb4f4698d367a)
%% LALFrame: 3.0.5 (CLEAN 66b61e11399a21c5dd2ec3af5f8bb4f4698d367a)
%% LALSimulation: 6.0.0 (CLEAN 66b61e11399a21c5dd2ec3af5f8bb4f4698d367a)
%% LALInference: 4.1.7 (CLEAN 66b61e11399a21c5dd2ec3af5f8bb4f4698d367a)
%% LALPulsar: 7.0.1 (CLEAN 66b61e11399a21c5dd2ec3af5f8bb4f4698d367a)
%% argv[0]: '/home/damoncht/.conda/envs/ml/bin/lalpulsar_ComputeAntennaPattern'
%% argv[1]: '@H1config.txt'
%% columns:
%% Alpha   Delta        A_H1         B_H1         C_H1         D_H1
6.0506254  1.0993443   0.24722503   0.26012242  -0.00023234   0.06430872
5.2153535  0.1232930   0.08184344   0.22550659   0.00398865   0.01844032
0.4580149  0.4044432   0.12970769   0.23434032  -0.00040884   0.03039558
2.0222888  0.6941112   0.19572663   0.24583380  -0.00145276   0.04811411
5.9885083  -1.0447238   0.24490367   0.25943825  -0.00125180   0.06353581
4.4346531  -0.7981210   0.21478888   0.25321221  -0.00077175   0.05438657
5.8152493  -0.4165243   0.13011211   0.23694380   0.00122867   0.03082775
4.0078733  -0.1888317   0.09240386   0.22738500  -0.00044568   0.02101105
2.9551976  -1.0337387   0.24140613   0.25811875   0.00076673   0.06231086
3.6591915  -1.0981567   0.25693098   0.25754648   0.00106219   0.06617054
4.0747269  -0.1380009   0.08657637   0.22597954  -0.00031659   0.01956439
1.2687658  1.2095411   0.25974509   0.26726350   0.00152435   0.06941806
5.1432076  -0.8236868   0.22150400   0.25087926   0.00152849   0.05556842
1.5489243  -0.5683571   0.15903252   0.22952740  -0.00219048   0.03649752
2.1406669  0.3023291   0.10892244   0.23213765  -0.00230281   0.02527970
2.1097142  -0.1997824   0.08921223   0.22608100  -0.00416971   0.02015180
1.6328661  0.0527628   0.07864622   0.22406572  -0.00257112   0.01761531
2.0732582  -0.0460825   0.07812370   0.22571778  -0.00377502   0.01761966
4.9994362  -0.2875997   0.10587001   0.23092604   0.00246619   0.02444206
1.6068080  -0.6478640   0.17634737   0.23260829  -0.00202773   0.04101575
2.1345394  -0.5530188   0.15550624   0.23274621  -0.00393604   0.03617800
1.6040908  -0.2248613   0.09232707   0.22227612  -0.00288689   0.02051377
1.8594845  -0.2650424   0.09803594   0.22429766  -0.00375796   0.02197511
5.3915955  -0.2834357   0.10544012   0.23203978   0.00223284   0.02446132
6.0314867  0.4603265   0.13526481   0.23720051   0.00128383   0.03208324
3.1414039  0.6824616   0.18699118   0.24484751  -0.00253430   0.04577790
2.6829113  0.8649325   0.22376008   0.25270268   0.00153709   0.05654241
5.8974952  -0.3117867   0.10888693   0.23426224   0.00194846   0.02550430
1.9863333  0.6080129   0.17632833   0.24262042  -0.00167296   0.04277806
2.7861863  -0.3952667   0.12123038   0.23497456  -0.00222904   0.02848109
5.9231052  0.9668833   0.23275991   0.25469348   0.00109992   0.05928122
3.5709989  0.7127733   0.19454201   0.24048071  -0.00343963   0.04677177
1.9706097  0.9587134   0.24231309   0.25585037  -0.00183994   0.06199251
3.4911524  0.9668812   0.23646410   0.25076795  -0.00330813   0.05928667
0.0121268  -0.4897535   0.14489423   0.23803386   0.00293119   0.03448114
3.5934977  -0.4460554   0.13874178   0.23561476   0.00060090   0.03268925
6.2173282  -0.4487529   0.13589108   0.23729664   0.00263159   0.03223957
3.1512712  0.2938732   0.10559628   0.23285304  -0.00295036   0.02457971
6.1382132  -0.3256967   0.11104506   0.23431113   0.00253079   0.02601269
0.8567893  -0.2751080   0.10314541   0.22434771   0.00095088   0.02313953
1.8241072  -1.1544323   0.25167289   0.25399795   0.00099305   0.06392341
3.0206655  -0.8595940   0.21874611   0.25186986   0.00122846   0.05509404
2.2749986  -0.0721577   0.07893611   0.22729279  -0.00384458   0.01792683
2.5465376  -0.3699053   0.11596612   0.23269419  -0.00362195   0.02697152
4.5828199  1.0184934   0.23800860   0.24945273   0.00054392   0.05937160
3.9193756  -0.7711597   0.21227986   0.24800944  -0.00094545   0.05264652
1.8726820  -1.2055288   0.25541183   0.25562939   0.00119014   0.06528935
2.7785658  0.5840298   0.16688462   0.24255888  -0.00054946   0.04047904
4.5172970  0.1860436   0.08808260   0.22147843   0.00186382   0.01950492
1.3653210  -0.5925719   0.16497621   0.23018622  -0.00164358   0.03797255
1.5653009  0.4704254   0.14318654   0.23791741  -0.00136235   0.03406471
0.2319996  -0.1045419   0.08308800   0.22877890   0.00247804   0.01900264
5.6027110  0.0301608   0.07766994   0.22872460   0.00346040   0.01775305
2.9154509  1.0824034   0.24768378   0.26066172   0.00067723   0.06456122
5.7585709  -0.5098684   0.15119618   0.23972704   0.00053551   0.03624553
5.1551090  0.0687249   0.07877026   0.22510597   0.00378745   0.01771731
3.7000517  -0.6726742   0.19121639   0.24337487   0.00068387   0.04653680
1.5380894  0.3433669   0.11578770   0.23251875  -0.00149939   0.02692056
3.8126684  0.9925048   0.24017349   0.24800204  -0.00123776   0.05956198
0.3604856  1.0020550   0.24589166   0.25508416  -0.00250022   0.06271682
5.1197274  -0.3746690   0.12308505   0.23397763   0.00221697   0.02879423
5.7602572  -1.2445352   0.26110449   0.26341680  -0.00300380   0.06877029
6.1945294  -0.2446079   0.09751235   0.23237914   0.00272829   0.02265239
5.9326174  -0.8097261   0.21322036   0.25097901  -0.00068283   0.05351337
0.0176734  0.2745015   0.10143472   0.23258469   0.00073701   0.02359162
5.2296836  -0.4610543   0.14223306   0.23699695   0.00174655   0.03370575
3.7420450  -0.2386777   0.09952939   0.22951894  -0.00044813   0.02284368
5.6131099  0.2026494   0.08931195   0.22943147   0.00383324   0.02047628
4.5762547  -0.8905227   0.23000737   0.25750861   0.00025247   0.05922881
0.1623578  -0.7811811   0.20675707   0.24672148   0.00330030   0.05100052
6.2307650  -0.7893122   0.20789975   0.24933708   0.00186601   0.05183363
0.2556546  0.5410486   0.15840122   0.23925506  -0.00142378   0.03789627
3.1605855  0.7402034   0.19865069   0.24684183  -0.00254185   0.04902884
4.3472040  0.6990873   0.18861763   0.23449782   0.00112215   0.04422916
1.4583208  0.1856370   0.08990370   0.22684637  -0.00156047   0.02039189
3.1917156  0.6607479   0.18248717   0.24356903  -0.00289262   0.04443986
0.0242376  -0.5155750   0.15061507   0.23876257   0.00295913   0.03595248
1.1384428  -0.6449288   0.17775016   0.23238574  -0.00084257   0.04130589
1.3597342  0.8898188   0.22995088   0.25744143   0.00039667   0.05919873
3.4238765  -0.0888609   0.08233774   0.22880584  -0.00135470   0.01883752
1.3605927  1.3272150   0.26257840   0.26932585   0.00046834   0.07071893
5.0400225  0.2744241   0.09950400   0.22472517   0.00386280   0.02234613
2.6923142  -0.2753345   0.09936865   0.23191847  -0.00300589   0.02303639
5.9981701  0.9291397   0.22795708   0.25390038   0.00034326   0.05787827
1.0028311  -0.1845524   0.08984481   0.22254513   0.00007969   0.01999452
1.9862204  1.3482068   0.26774493   0.26380274  -0.00226969   0.07062669
4.3721930  -0.4642882   0.14218126   0.23732783  -0.00016952   0.03374354
2.9582975  -0.3906238   0.12112755   0.23540367  -0.00110905   0.02851264
5.9069413  -0.2502553   0.09847938   0.23291895   0.00222097   0.02293278
3.6353799  0.1151829   0.08463369   0.22661622  -0.00208967   0.01917500
3.5946791  0.7837843   0.20838556   0.24268107  -0.00327539   0.05056050
3.5946936  -0.1128659   0.08473231   0.22803769  -0.00104161   0.01932107
0.8983732  0.6489523   0.18611553   0.24389835   0.00114911   0.04539195
3.3161214  -0.9497041   0.23649152   0.25430033   0.00303883   0.06013064
0.4929305  -0.9059971   0.22876334   0.24659570   0.00285232   0.05640392
0.5905317  0.9342880   0.23951375   0.25281829  -0.00038837   0.06055331
3.6792300  -0.0619016   0.08189915   0.22690482  -0.00119875   0.01858188
2.4093294  -0.4210083   0.12634793   0.23246500  -0.00407407   0.02935487
6.1928730  0.1203453   0.08229066   0.23053654   0.00190532   0.01896737
1.0764671  0.2812845   0.10539407   0.22978835   0.00013964   0.02421831
4.8005412  -1.2480853   0.26212150   0.26678434   0.00257631   0.06992327
1.8514209  0.2188270   0.09474307   0.22885381  -0.00266513   0.02167521
3.9527145  0.2334368   0.09704566   0.22431001  -0.00115864   0.02176697
4.5998601  -0.9516844   0.23852208   0.25993952   0.00047038   0.06200109
3.4255983  -0.8876148   0.22929098   0.25157806   0.00272163   0.05767717
3.6495399  0.1295298   0.08577678   0.22653785  -0.00211359   0.01942722
1.9332239  -0.5220015   0.14862704   0.22999175  -0.00351702   0.03417062
0.6821772  -0.0630764   0.08165882   0.22495899   0.00134143   0.01836809
2.0806488  0.0822939   0.08073357   0.22710851  -0.00331421   0.01832430
2.8918827  -0.6334888   0.17349926   0.24295346  -0.00062632   0.04215185
3.4166332  0.2462916   0.09885333   0.22987987  -0.00303236   0.02271520
5.7443868  -0.8781015   0.22686188   0.25280738  -0.00179395   0.05734914
0.2603141  0.3874110   0.12450843   0.23452047  -0.00051919   0.02919951
6.0283613  -1.0996837   0.24932231   0.26119262  -0.00101266   0.06512012
1.5819940  -0.1430665   0.08326830   0.22193457  -0.00273761   0.01847262
0.1365347  0.8004036   0.21209764   0.24906334  -0.00257176   0.05281913
1.5022309  -1.5498766   0.26263383   0.26804134   0.00124719   0.07039517
5.0492432  0.2197654   0.09163372   0.22432484   0.00386555   0.02054078
1.1476646  -0.3849212   0.12142361   0.22434776  -0.00076596   0.02724053
2.0537940  -0.6389823   0.17464258   0.23459095  -0.00340344   0.04095798
6.0124366  0.3140681   0.10624330   0.23339823   0.00194834   0.02479320
5.7134395  -0.4481278   0.13758247   0.23764883   0.00090128   0.03269550
0.8675181  -0.0431816   0.08046989   0.22366412   0.00063129   0.01799783
3.5016053  0.8698303   0.22279364   0.24713278  -0.00344124   0.05504777
4.8760842  0.8404847   0.21393217   0.24087036   0.00114438   0.05152861
3.7741140  -0.1696188   0.09046455   0.22792599  -0.00068034   0.02061876
1.2304909  1.2285906   0.26069957   0.26733959   0.00191569   0.06969165
5.0345460  -0.6436144   0.18419717   0.24445437   0.00185419   0.04502437
0.2049913  -0.6409245   0.17868586   0.24107039   0.00356061   0.04306319
3.5741064  -0.2979099   0.10860727   0.23156890  -0.00006319   0.02515006
5.2153837  1.2990682   0.26156449   0.25784510  -0.00035218   0.06744300
2.9636939  0.0226276   0.07792651   0.23022173  -0.00251061   0.01793407
1.1443304  0.7366504   0.20360412   0.24955752   0.00138889   0.05080901
2.7041001  0.0801626   0.07999086   0.23037502  -0.00275929   0.01842028
4.0989115  -0.7300110   0.20333339   0.24777929  -0.00155246   0.05037939
1.8562753  0.5885250   0.17144014   0.24233367  -0.00190894   0.04154207
5.5918427  -0.9052492   0.23292336   0.25300851  -0.00167038   0.05892880
1.2611668  0.1386266   0.08520292   0.22537227  -0.00082432   0.01920170
2.1068690  1.0427705   0.25228968   0.25728086  -0.00086497   0.06490856
1.3223733  -0.6890348   0.18583500   0.23403586  -0.00140917   0.04349007
3.8535420  -1.0049282   0.24864145   0.25575671  -0.00095815   0.06359080
1.8751790  0.0121272   0.07771370   0.22475302  -0.00334539   0.01745520
4.5281007  0.5789627   0.16188611   0.22969484   0.00172538   0.03718143
2.3268987  0.6244029   0.17950615   0.24285649  -0.00019304   0.04359420
5.4323114  0.7516264   0.19801037   0.24086519   0.00351453   0.04768145
1.9740664  -0.1031742   0.08043750   0.22465311  -0.00381950   0.01805595
0.7424138  -0.8075203   0.21258289   0.24041799   0.00129113   0.05110708
2.2817750  0.5067729   0.15246245   0.23873256  -0.00096005   0.03639683
2.9786978  0.1958678   0.09072118   0.23178826  -0.00261922   0.02102124
6.0928389  0.8646328   0.21886882   0.25192881  -0.00056489   0.05513904
4.7421545  0.4809009   0.13963734   0.22689116   0.00259622   0.03167574
1.2094586  0.5226674   0.15566431   0.23992591   0.00043348   0.03734771
5.8567803  -0.0102056   0.07746302   0.22998485   0.00288896   0.01780698
0.4560773  0.3109056   0.11107296   0.23179598   0.00002009   0.02574626
1.1255746  -0.3777692   0.12013969   0.22427958  -0.00064007   0.02694447
4.3650335  0.4045004   0.12491465   0.22456247   0.00117264   0.02804977
3.3378527  0.3010659   0.10739759   0.23156078  -0.00321599   0.02485873
4.6221724  -0.8896710   0.22993067   0.25739035   0.00064252   0.05918152
2.2854733  0.3655392   0.12110637   0.23435034  -0.00172037   0.02837836
6.2423337  -0.7379061   0.19819045   0.24727979   0.00210128   0.04900408
3.5933256  -0.2450576   0.10000098   0.23029613  -0.00034712   0.02302972
2.3067221  -0.1776803   0.08665223   0.22782099  -0.00409737   0.01972441
6.0705847  1.1438586   0.25074396   0.26157251  -0.00042001   0.06558755
5.7878997  0.3453123   0.11132211   0.23296529   0.00316135   0.02592419
0.3090248  0.8161449   0.21762063   0.24892388  -0.00245096   0.05416496
5.8930142  0.8519340   0.21569148   0.25016424   0.00146368   0.05395615
0.6427414  -0.0441338   0.08107240   0.22535017   0.00140059   0.01826772
3.1929512  0.3507161   0.11600384   0.23384932  -0.00309075   0.02711787
4.5601479  -0.6454297   0.18325341   0.24623109   0.00033976   0.04512257
1.3216426  -1.4996373   0.26182133   0.26725599  -0.00084698   0.06997260
0.6447390  0.4360317   0.13741514   0.23501088   0.00003690   0.03229405
1.0060427  -0.9626698   0.23435523   0.24613665  -0.00099456   0.05768242
1.8257868  0.6443450   0.18410540   0.24483338  -0.00190376   0.04507152
4.0590455  -0.9870051   0.24567007   0.25731021  -0.00235548   0.06320787
0.9405087  0.8594021   0.22754176   0.25293237   0.00198863   0.05754872
2.6726328  0.4920245   0.14678003   0.23927329  -0.00075557   0.03511997
2.1458132  -0.2356986   0.09381393   0.22670799  -0.00424306   0.02125037
4.0810554  -0.4183152   0.13314930   0.23465945  -0.00060737   0.03124437
3.3299307  -0.4302221   0.13281913   0.23598514   0.00072701   0.03134281
0.8945675  -0.6912678   0.18928757   0.23501559   0.00046534   0.04448531
0.9660793  0.4143687   0.13218242   0.23455852   0.00059618   0.03100416
5.4937696  0.1557401   0.08443946   0.22809112   0.00399175   0.01924396
3.4058026  0.3061946   0.10851824   0.23100579  -0.00323214   0.02505790
5.3330664  0.9169721   0.22709471   0.24570580   0.00251882   0.05579214
2.3270546  -0.8331147   0.21319261   0.24417874  -0.00328694   0.05204630
5.8386305  0.2111949   0.09032103   0.23098184   0.00303953   0.02085328
5.4345072  0.0990051   0.08022756   0.22742712   0.00391281   0.01823061
1.3677146  -0.8643203   0.21785079   0.24203765  -0.00114700   0.05272678
5.9604161  -0.8525185   0.22024608   0.25262210  -0.00071058   0.05563852
4.9651401  -0.4896410   0.14828664   0.23834293   0.00199886   0.03533908
5.5041355  0.2850746   0.10103826   0.22945181   0.00417075   0.02316602
1.2129564  -0.5042660   0.14632683   0.22728698  -0.00112549   0.03325692
3.8228273  0.4335827   0.13392042   0.22891383  -0.00215102   0.03065161
0.9000987  -0.6769158   0.18625924   0.23444693   0.00045848   0.04366770
5.2936273  0.9482291   0.23160717   0.24651659   0.00215168   0.05709038
5.0834470  -0.7013508   0.19709373   0.24653625   0.00174187   0.04858771
1.4042243  1.1345553   0.25558004   0.26598123   0.00001399   0.06797949
3.1175630  -0.5552366   0.15821275   0.24049014   0.00074151   0.03804806
4.9280887  1.0202484   0.23930296   0.24866726  -0.00008484   0.05950680
0.1529205  -1.3844271   0.26244718   0.26483291   0.00278533   0.06949689
0.5193863  0.2187190   0.09643374   0.22943753   0.00049566   0.02212527
2.4462801  0.1475827   0.08591165   0.23021077  -0.00273281   0.01977032
5.7913285  -1.3598269   0.26380500   0.26554734  -0.00302472   0.07004357
1.4783012  -0.4102144   0.12489609   0.22469020  -0.00229513   0.02805766
5.3281335  -0.1781057   0.08969176   0.22939985   0.00284757   0.02056717
0.4489670  -0.5398138   0.15721512   0.23455870   0.00338127   0.03686474
5.3584666  -0.3110967   0.11050244   0.23262991   0.00213995   0.02570159
2.6474429  0.6538752   0.18345426   0.24482071   0.00036533   0.04491327
2.6656915  -1.0128150   0.23832887   0.25505400  -0.00210831   0.06078229
5.3013318  0.9329386   0.22945242   0.24602085   0.00227672   0.05644490
2.3746697  0.3085532   0.10969452   0.23314169  -0.00190596   0.02557073
3.1404228  -0.5973466   0.16793250   0.24193026   0.00109637   0.04062675
0.8755738  -1.0258464   0.24275869   0.24867456  -0.00056040   0.06036760
4.7918702  0.4609246   0.13524686   0.22653988   0.00281085   0.03063091
0.6945159  -0.1407483   0.08666130   0.22483569   0.00152008   0.01948224
1.1005799  -0.0902922   0.08123328   0.22209220  -0.00041101   0.01804111
3.4872480  -0.7240436   0.20018820   0.24545497   0.00202953   0.04913307
3.3420382  0.2350790   0.09695809   0.23037857  -0.00302215   0.02232793
2.1020746  -1.4449011   0.26636100   0.26106369   0.00062919   0.06953679
6.1705903  -0.5806803   0.16506658   0.24191397   0.00204956   0.03992771
2.4169760  -1.0210440   0.24021150   0.25194189  -0.00289410   0.06051096
0.6618499  -0.9058123   0.22878106   0.24480480   0.00162735   0.05600405
1.6796368  -0.2841479   0.10105895   0.22323261  -0.00317224   0.02254959
1.6513609  1.0873683   0.25334531   0.26331690  -0.00221699   0.06670519
2.7974142  0.8031104   0.21197765   0.25073892   0.00060605   0.05315068
5.3910214  0.6805366   0.18344489   0.23796611   0.00370546   0.04363993
5.8197665  0.9856115   0.23507814   0.25425750   0.00201616   0.05976632
5.2062104  0.7135282   0.19053018   0.23722059   0.00307248   0.04518824
3.5761394  -0.6030684   0.17457607   0.24090517   0.00124508   0.04205473
0.2220092  -0.2871464   0.10511992   0.23105775   0.00318381   0.02427864
4.4063896  -0.0614539   0.07968780   0.22359994   0.00099581   0.01781720
4.5378193  0.9244867   0.22663693   0.24493718   0.00096068   0.05551089
3.3055445  0.0468439   0.07988724   0.22901605  -0.00225990   0.01829035
2.0914437  -0.0933910   0.07994977   0.22569019  -0.00392555   0.01802847
5.3096101  0.7399988   0.19588508   0.23909768   0.00329065   0.04682484
1.9081284  0.1508420   0.08631789   0.22738555  -0.00295589   0.01961870
5.7742651  0.2740643   0.09912722   0.23153819   0.00328827   0.02294092
1.6478914  0.0188917   0.07761045   0.22355913  -0.00270357   0.01734321
5.0103068  -0.2388555   0.09777606   0.22947900   0.00262400   0.02243067
1.6755769  0.6130722   0.17641656   0.24416217  -0.00165501   0.04307151
3.6424815  -0.7437590   0.20590116   0.24594322   0.00116597   0.05063863
1.7457070  0.2909867   0.10621544   0.23081410  -0.00227943   0.02451083
1.9850165  0.7327846   0.20384794   0.24752679  -0.00158993   0.05045530
1.6853417  0.7387905   0.20378305   0.24979043  -0.00173943   0.05090003
1.6867534  -0.2830051   0.10087037   0.22326228  -0.00319830   0.02251032
3.7985814  -0.8711553   0.23021889   0.25095445  -0.00018727   0.05777442
1.6599259  0.7166537   0.19911404   0.24894652  -0.00163030   0.04956609
1.4858717  0.0462413   0.07846177   0.22347847  -0.00200984   0.01753048
5.2632464  -0.3476697   0.11766686   0.23337778   0.00212743   0.02745631
2.0363193  1.4873982   0.26878390   0.26361576  -0.00175984   0.07085257
0.5360721  0.7099742   0.19914100   0.24472384  -0.00087502   0.04873378
5.9591384  -0.3687762   0.11959969   0.23573004   0.00184040   0.02818985
6.1443507  -0.0898219   0.08075349   0.23050223   0.00257813   0.01860721
6.2012111  -0.9013715   0.22630560   0.25381252   0.00128687   0.05743754
3.1538350  -0.5418597   0.15561670   0.23998401   0.00086206   0.03734478
3.7115811  0.3593687   0.11891640   0.22859098  -0.00262806   0.02717631
0.0637095  -0.6126937   0.17216182   0.24170260   0.00303704   0.04160274
4.1112137  0.1450198   0.08597205   0.22266142  -0.00024321   0.01914260
2.4543856  -0.5149089   0.14652938   0.23535931  -0.00384642   0.03447226
3.8636306  -0.6601471   0.18895683   0.24335620  -0.00038554   0.04598367
1.1144842  1.1367382   0.25720185   0.26418918   0.00265248   0.06794291
2.8275893  -0.3858447   0.11949395   0.23492308  -0.00198307   0.02806795
1.3284950  -1.1821133   0.25157407   0.25686190  -0.00084323   0.06461908
6.0220180  -0.3676237   0.11920392   0.23565128   0.00204364   0.02808638
0.5439090  0.1748070   0.09092019   0.22847168   0.00068956   0.02077221
6.1750366  -0.5961881   0.16849130   0.24244493   0.00202977   0.04084574
3.0481005  -0.7524950   0.19973741   0.24777353   0.00115674   0.04948831
2.7308967  -1.0299674   0.24016042   0.25640744  -0.00158274   0.06157641
4.4880776  0.5869522   0.16383159   0.22997583   0.00159605   0.03767476
1.9054545  -0.2430363   0.09480131   0.22447981  -0.00387388   0.02126597
3.2490915  -0.0824079   0.08096685   0.22964337  -0.00164687   0.01859079
4.3407271  1.0599414   0.24320623   0.25106439   0.00140113   0.06105846
2.7946567  0.0431899   0.07824142   0.23028751  -0.00272688   0.01801059
5.4166118  0.2902344   0.10196511   0.22864275   0.00428578   0.02329521
5.3382644  0.8553932   0.21729121   0.24351555   0.00284395   0.05290570
3.2122858  0.6472800   0.17965588   0.24286786  -0.00302732   0.04362347
0.1752134  -1.1300850   0.25142401   0.25871399   0.00293311   0.06503831
1.2704935  -0.1991175   0.09007330   0.22157644  -0.00135263   0.01995629
3.3989323  0.2192503   0.09496360   0.22965933  -0.00294604   0.02180060
2.9640454  -0.2266692   0.09309244   0.23190951  -0.00178895   0.02158582
1.9366198  0.1816279   0.08990877   0.22823179  -0.00287562   0.02051177
3.1358894  -0.6168678   0.17222734   0.24263743   0.00117268   0.04178742
0.3806528  -0.1908003   0.09173856   0.22817948   0.00267253   0.02092571
3.6985536  0.3085449   0.10951550   0.22784008  -0.00256335   0.02494545
1.3754408  -0.3808839   0.11935429   0.22390068  -0.00189428   0.02671992
1.7213878  -0.5421011   0.15304719   0.22924107  -0.00277501   0.03507700
0.8223798  1.1871316   0.26270005   0.26154664   0.00232275   0.06870292
1.9692706  0.8263717   0.22188705   0.25121540  -0.00168973   0.05573859
1.0651385  0.7838774   0.21334672   0.25103143   0.00176171   0.05355363
1.7420036  0.2730135   0.10306732   0.23020557  -0.00231671   0.02372130
3.2698609  0.7249241   0.19586769   0.24506725  -0.00321762   0.04799040
2.3095870  -0.7606649   0.19975029   0.24141012  -0.00350457   0.04820946
0.8481030  0.0156190   0.08019918   0.22432937   0.00062980   0.01799064
4.6006356  0.1008071   0.08034089   0.22166814   0.00215953   0.01780435
2.1427450  1.1758911   0.26252344   0.26023379  -0.00055359   0.06831716
2.3475831  0.1287011   0.08424922   0.22942916  -0.00293461   0.01932062
0.6619019  0.5310326   0.15918355   0.23831743   0.00001054   0.03793621
5.8402748  -0.3940060   0.12522507   0.23633906   0.00141030   0.02959359
1.8163289  1.1828859   0.26100722   0.26366198  -0.00287190   0.06880943
5.0350342  -0.1375402   0.08493660   0.22701718   0.00298270   0.01927317
4.1639776  0.0919268   0.08174765   0.22245070   0.00002893   0.01818482
5.0532057  1.3063945   0.26073819   0.25867543  -0.00162955   0.06744391
0.4909355  -0.9980652   0.24079029   0.24992335   0.00263756   0.06017216
4.2707175  -0.7973373   0.21546297   0.25216585  -0.00165026   0.05432968
2.4041553  1.5068775   0.26791114   0.26392135   0.00235899   0.07070190
2.8044593  0.7857720   0.20875433   0.25009280   0.00046687   0.05220774
0.8557887  0.5935390   0.17362854   0.24135466   0.00087234   0.04190530
2.9721648  -0.5325470   0.15171088   0.23968174  -0.00036026   0.03636220
2.3992391  -0.5770559   0.16046235   0.23651610  -0.00390195   0.03793670
0.1467401  1.1803768   0.25743866   0.26152238  -0.00323451   0.06731551
3.5458905  1.1860965   0.25664657   0.25702924  -0.00270425   0.06595836
2.6487204  -0.5587736   0.15615343   0.23870659  -0.00279528   0.03726704
5.8497314  -0.3055237   0.10790814   0.23405649   0.00190154   0.02525298
4.9511508  0.1814159   0.08699311   0.22333817   0.00357182   0.01941612
4.9567212  -0.5857513   0.17064722   0.24238312   0.00191034   0.04135836
0.7120784  -0.9071903   0.22884503   0.24448714   0.00120614   0.05594821
0.6965051  0.7574453   0.20959060   0.24697736   0.00034989   0.05176401
6.1329325  -0.7772600   0.20593259   0.24947181   0.00105879   0.05137325
5.2537332  0.9180090   0.22725420   0.24511002   0.00210777   0.05569784
0.6368649  0.3481811   0.11884035   0.23227192   0.00018084   0.02760324
3.2594956  -1.2791420   0.26130635   0.26398182   0.00312571   0.06897035
1.6953402  -0.5408247   0.15277028   0.22908400  -0.00270098   0.03498993
5.9469367  0.7493659   0.19717406   0.24675035   0.00111591   0.04865152
6.2503010  1.0031185   0.23979090   0.25707227  -0.00223273   0.06163861
0.7737200  -0.7297729   0.19777700   0.23723425   0.00126053   0.04691789
2.0963416  0.5480577   0.16246063   0.24009477  -0.00144011   0.03900387
5.7402486  -0.3266065   0.11221999   0.23433374   0.00168119   0.02629410
1.8978141  -0.2931153   0.10252488   0.22493966  -0.00385854   0.02304702
2.3234780  -0.7150054   0.19052435   0.24000983  -0.00365433   0.04571436
3.7838552  -1.0993104   0.25759345   0.25794449  -0.00037435   0.06644467
3.5761086  -0.4387623   0.13700005   0.23543480   0.00061395   0.03225420
3.2051946  0.8184757   0.21312360   0.24933952  -0.00269836   0.05313286
3.5654314  0.8589619   0.22132134   0.24582015  -0.00327628   0.05439451
4.7505344  -0.7676358   0.20918570   0.25152323   0.00143907   0.05261299
3.8391560  -0.7206203   0.20204169   0.24557786  -0.00030585   0.04961687
1.6427013  0.5190331   0.15454431   0.23999342  -0.00159872   0.03708706
0.5067987  -0.6440533   0.18030176   0.23708011   0.00316561   0.04273594
2.8159150  0.9045453   0.22830932   0.25454107   0.00097752   0.05811314
3.2816071  -0.6245214   0.17584546   0.24254459   0.00178923   0.04264716
3.9386641  0.6030270   0.17088632   0.23256737  -0.00132642   0.03974082
5.2225546  -1.4547436   0.26907697   0.26337618   0.00130109   0.07086677
3.3952788  -0.0076282   0.07958405   0.22848554  -0.00186855   0.01818031
1.9155812  0.6126688   0.17721815   0.24308239  -0.00183198   0.04307526
1.3330009  1.1510725   0.25665396   0.26628283   0.00081191   0.06834188
5.4785510  1.0834305   0.24706674   0.25299355   0.00253820   0.06249985
5.9537753  -0.0767275   0.07974998   0.23052289   0.00267289   0.01837705
5.8442092  -0.8335852   0.21832335   0.25163275  -0.00128858   0.05493564
0.8209327  -0.7750959   0.20629151   0.23865080   0.00077944   0.04923103
5.7662553  -0.9333690   0.23470935   0.25483325  -0.00204086   0.05980758
2.9902109  -1.1901410   0.25409025   0.26303416   0.00106124   0.06683329
6.1161427  0.4006050   0.12325530   0.23569089   0.00095967   0.02904923
0.2625477  -0.8037614   0.21126041   0.24616003   0.00355064   0.05199126
1.9096465  -0.3591834   0.11435194   0.22603400  -0.00384142   0.02583267
3.5155104  0.9721969   0.23724480   0.25059661  -0.00324080   0.05944224
5.8575519  -0.4804572   0.14391547   0.23897603   0.00094006   0.03439147
1.8019762  0.2251143   0.09555753   0.22886962  -0.00256877   0.02186362
2.8964444  0.5002648   0.14746825   0.23961374  -0.00157561   0.03533294
1.9907407  1.2344923   0.26480794   0.26245093  -0.00213215   0.06949454
5.5567419  -1.3810670   0.26730320   0.26353231  -0.00242016   0.07043717
4.9644134  0.6746134   0.18215798   0.23431191   0.00243802   0.04267584
2.5548456  1.3456431   0.26491496   0.26443496   0.00307995   0.07004329
2.4276754  -0.1980349   0.08880528   0.22903013  -0.00393407   0.02032361
0.9631133  0.1235934   0.08515257   0.22556378   0.00023355   0.01920728
5.8691575  0.3828066   0.11859858   0.23434302   0.00263484   0.02778581
0.4131882  1.2304329   0.26382726   0.26077470  -0.00211864   0.06879499
3.3194834  -0.3643209   0.11904956   0.23419845   0.00028405   0.02788114
5.4149332  -0.7366660   0.20428087   0.24680923  -0.00003865   0.05041840
2.3531067  0.3704056   0.12191224   0.23470168  -0.00156729   0.02861055
3.3930174  -1.1674977   0.25840533   0.26039898   0.00315844   0.06727851
3.3522037  1.2683040   0.25935724   0.26184231  -0.00295864   0.06790195
1.4112347  -0.5260777   0.15008351   0.22787939  -0.00188743   0.03419738
1.8374327  -1.2785649   0.25886419   0.25833100   0.00177041   0.06686951
5.8751996  0.5631944   0.15726753   0.23956972   0.00216998   0.03767183
6.0436648  -1.0418132   0.24411774   0.25937605  -0.00071337   0.06331779
4.8451759  1.1239259   0.24849133   0.25340185  -0.00085762   0.06296743
2.4740066  1.0893260   0.25393426   0.25870019   0.00240770   0.06568705
2.9307966  1.1903050   0.25491846   0.26372203   0.00068950   0.06722714
3.0052538  0.0494620   0.07877453   0.23025469  -0.00251323   0.01813189
1.7805928  0.7804682   0.21249484   0.25091657  -0.00199336   0.05331450
1.0284439  0.1760186   0.09020180   0.22664066   0.00009092   0.02044339
2.1396844  1.0043969   0.24818811   0.25601575  -0.00054335   0.06353977
1.0363635  -1.1129046   0.24918643   0.25270537  -0.00161274   0.06296815
4.0891892  1.0570512   0.24524723   0.25005543   0.00110734   0.06132418
5.1194446  0.3141002   0.10611352   0.22594513   0.00404511   0.02395947
2.5136792  0.7368447   0.20232722   0.24736589   0.00097636   0.05004790
2.9298267  -0.2110785   0.09089765   0.23164536  -0.00199916   0.02105202
0.4561140  0.7208230   0.20076217   0.24512234  -0.00143429   0.04920924
4.1618939  0.0608268   0.08029386   0.22263837   0.00001709   0.01787649
4.1298102  0.8267083   0.21435764   0.24019223   0.00047587   0.05148682
5.0844578  0.7283825   0.19347262   0.23691148   0.00252785   0.04582949
2.2123489  0.5211867   0.15602843   0.23913139  -0.00112340   0.03731003
2.9531997  0.8235463   0.21437909   0.25139704  -0.00054033   0.05389398
6.1859003  -0.7425854   0.19918334   0.24785957   0.00163222   0.04936683
3.1427618  -0.6111497   0.17104039   0.24241991   0.00118157   0.04146220
4.0023999  1.0028490   0.24036801   0.24774310   0.00036000   0.05954939
2.3023537  -0.6219257   0.17061561   0.23670882  -0.00391290   0.04037091
2.0209471  -0.6728442   0.18196429   0.23545130  -0.00312972   0.04283393
2.7396571  0.5123056   0.15093546   0.24004702  -0.00082204   0.03623093
1.9171539  -0.4487405   0.13258559   0.22795093  -0.00369442   0.03020936
6.1622470  1.0441821   0.24309173   0.25857899  -0.00145924   0.06285628
3.3352394  0.9336849   0.23133321   0.25191063  -0.00322618   0.05826489
2.8303782  -1.0955963   0.24659114   0.25951397  -0.00063654   0.06399344
3.9211235  1.4694342   0.26655486   0.26194203   0.00165280   0.06981919
1.5468600  -0.6884963   0.18498407   0.23415147  -0.00174780   0.04331124
6.0612662  1.2058340   0.25451118   0.26328409  -0.00023367   0.06700869
1.0979646  -0.0784466   0.08063167   0.22217031  -0.00039193   0.01791381
0.0126857  -1.4576626   0.26259020   0.26729780   0.00190585   0.07018615
5.1237191  -0.5842991   0.17082199   0.24170642   0.00171719   0.04128582
2.3397030  -0.1775429   0.08660898   0.22811405  -0.00405633   0.01974027
0.0498957  0.6246934   0.17467104   0.24281137  -0.00149481   0.04240988
3.6427759  0.0908118   0.08303045   0.22649659  -0.00196455   0.01880225
2.4433635  -0.2069853   0.08986018   0.22924492  -0.00391074   0.02058470
2.5762377  -0.1044604   0.08030318   0.22945872  -0.00339774   0.01841472
3.8006909  -0.5381702   0.16083819   0.23857127   0.00000593   0.03837137
3.6438309  0.8271286   0.21623403   0.24359828  -0.00296598   0.05266544
1.7168379  -1.1134332   0.24774954   0.25289592   0.00079884   0.06265421
1.8938610  -0.9791285   0.23501733   0.24678241  -0.00055188   0.05799784
0.6267293  -0.6282735   0.17690633   0.23508465   0.00249301   0.04158175
2.9384805  1.2151889   0.25612202   0.26433805   0.00062531   0.06770240
1.6324037  -0.0042073   0.07734273   0.22315894  -0.00269969   0.01725243
4.0760985  -0.7062333   0.19847313   0.24658026  -0.00142507   0.04893752
1.7301473  -0.5601204   0.15705681   0.22986419  -0.00272940   0.03609429
2.4808673  -1.1875559   0.25463563   0.25800014  -0.00275668   0.06568843
2.0787777  1.2630437   0.26626015   0.26208827  -0.00131050   0.06978194
2.5414951  -0.9957599   0.23669922   0.25280851  -0.00278060   0.05983185
5.1312771  -1.2534011   0.26549152   0.26274627   0.00216319   0.06975223
2.5554920  0.0470854   0.07856426   0.22959955  -0.00304403   0.01802905
0.8450893  -0.2135458   0.09420035   0.22385503   0.00095077   0.02108632
0.9829457  -0.6320995   0.17613108   0.23238790   0.00000035   0.04093073
1.1197598  0.0905479   0.08193664   0.22440740  -0.00033155   0.01838708
4.5160989  0.6380518   0.17483358   0.23194878   0.00159432   0.04054989
5.1932621  -0.9549002   0.24207711   0.25504792   0.00128642   0.06173961
0.5378864  -0.5144491   0.15168831   0.23268241   0.00300038   0.03528620
2.5457400  -0.9408055   0.22951257   0.25094542  -0.00281386   0.05758721
3.4312589  0.3837371   0.12321501   0.23237851  -0.00342022   0.02862082
4.0051147  -0.7541741   0.20867729   0.24799809  -0.00135749   0.05174973
2.5803608  -0.5580124   0.15597466   0.23800655  -0.00321905   0.03711263
6.1961375  -0.1670367   0.08747973   0.23115343   0.00268382   0.02021404
2.2688483  0.2729943   0.10360412   0.23185864  -0.00226120   0.02401640
0.0541461  0.5190889   0.15097493   0.23913822  -0.00091958   0.03610303
5.1559940  -0.0302368   0.07828846   0.22594707   0.00347876   0.01767695
5.3605341  -0.0671639   0.07988467   0.22782691   0.00334131   0.01818871
4.7562348  0.3845781   0.11940526   0.22455779   0.00284065   0.02680531
5.4634142  0.0767959   0.07909499   0.22766139   0.00381528   0.01799232
5.8737212  -0.5842760   0.16726644   0.24251336   0.00035093   0.04056422
4.0267329  -0.3052788   0.11042172   0.23064344  -0.00045322   0.02546784
1.6009979  0.4165829   0.13118525   0.23555438  -0.00159373   0.03089872
0.4395550  -0.3456722   0.11617941   0.22984329   0.00307382   0.02669361
5.8571203  -1.5131921   0.26413170   0.26727611  -0.00262629   0.07058919
0.1603650  0.6497778   0.18172400   0.24338882  -0.00195614   0.04422576
3.8909744  0.2447538   0.09889619   0.22498810  -0.00150319   0.02224821
5.8696008  0.6509663   0.17656031   0.24252281   0.00201187   0.04281585
5.8322654  -0.8687873   0.22427934   0.25287041  -0.00152828   0.05671127
0.9112580  -0.6440492   0.17919816   0.23318051   0.00044727   0.04178532
4.9043591  -0.3148438   0.11063801   0.23166527   0.00225599   0.02562590
1.8743592  -1.4265202   0.26414683   0.26210621   0.00239439   0.06922879
1.3156869  0.0871774   0.08091311   0.22412212  -0.00117184   0.01813305
4.9299923  -0.1468406   0.08568303   0.22673877   0.00277098   0.01941999
5.6690485  -0.7613880   0.20707798   0.24830481  -0.00113687   0.05141717
4.6486331  -1.1506839   0.25675493   0.26611191   0.00112549   0.06832428
5.6704323  -0.2950575   0.10670551   0.23336852   0.00186099   0.02489824
2.0826889  -0.9409833   0.23054275   0.24578655  -0.00180407   0.05666105
3.0436963  -0.5153769   0.14851592   0.23919024   0.00006793   0.03552355
2.5589323  -0.2739725   0.09911349   0.23101640  -0.00359863   0.02288389
2.4161574  -0.8897092   0.22236253   0.24735098  -0.00317273   0.05499152
2.4999637  -0.5424850   0.15258712   0.23666242  -0.00363709   0.03609841
3.5426575  0.7906982   0.20948616   0.24366157  -0.00344965   0.05103183
3.2540076  0.8363874   0.21629079   0.24943137  -0.00297621   0.05394085
2.9295095  0.1013542   0.08138265   0.23071562  -0.00260376   0.01876947
1.1534294  -0.5349914   0.15351786   0.22840399  -0.00084567   0.03506338
2.3702351  -0.6043362   0.16658583   0.23699039  -0.00390182   0.03946402
3.4924569  -0.1788021   0.09058551   0.22955984  -0.00073847   0.02079425
5.4252096  -0.6380451   0.18283427   0.24328871   0.00031163   0.04448142
3.8582437  0.4555631   0.13854459   0.22906309  -0.00194627   0.03173166
4.7866314  -0.9283993   0.23617321   0.25802982   0.00185068   0.06093631
0.1384522  0.7184722   0.19608587   0.24599437  -0.00224418   0.04823098
3.3389304  0.1234187   0.08435106   0.22915132  -0.00259168   0.01932244
2.5778201  0.3116879   0.10952261   0.23391260  -0.00176157   0.02561562
3.6267697  0.1181749   0.08484628   0.22670636  -0.00212437   0.01923068
5.5419049  -0.1267404   0.08398575   0.22968161   0.00288665   0.01928165
2.7364973  -0.6515996   0.17671904   0.24261929  -0.00194041   0.04287168
4.7900336  1.1225568   0.24803498   0.25361905  -0.00074586   0.06290584
5.8555088  0.3076860   0.10469787   0.23262788   0.00285197   0.02434751
3.7495665  0.1277386   0.08566178   0.22559795  -0.00180098   0.01932188
5.5109753  -0.8477944   0.22457333   0.25081286  -0.00102782   0.05632482
4.0965381  0.1871642   0.09040805   0.22286387  -0.00033875   0.02014857
1.2575057  0.6157128   0.17691846   0.24447377   0.00051200   0.04325166
1.4160366  0.4106895   0.12983125   0.23524435  -0.00080580   0.03054142
3.9709285  0.3038150   0.10807207   0.22496557  -0.00113807   0.02431120
1.0236026  -0.3712955   0.11951993   0.22465310  -0.00003646   0.02685052
3.7459245  0.1701349   0.08965973   0.22581142  -0.00195840   0.02024236
3.4469125  -0.1199833   0.08460912   0.22899513  -0.00113798   0.01937378
2.6997367  -0.1819491   0.08691248   0.23065297  -0.00304284   0.02003736
3.7164441  1.0628901   0.24772169   0.25127727  -0.00181641   0.06224353
4.0612983  -0.1184768   0.08490482   0.22561371  -0.00035018   0.01915557
3.3314394  0.7352819   0.19812432   0.24466126  -0.00345208   0.04846143
4.3299552  0.7809559   0.20465481   0.23807241   0.00111756   0.04872142
1.8332239  0.1941224   0.09130500   0.22811583  -0.00271425   0.02082075
3.6289678  -0.3051854   0.11019553   0.23153730  -0.00008245   0.02551437
1.0142257  -0.4757967   0.14142282   0.22718495  -0.00002142   0.03212914
4.3827258  -0.2081869   0.09338018   0.22737880   0.00058276   0.02123233
3.7692384  -1.0318718   0.25145540   0.25601831  -0.00011829   0.06437717
0.7295160  -1.0012456   0.24098603   0.24800663   0.00069322   0.05976565
4.7771899  -0.3011315   0.10784116   0.23100704   0.00195340   0.02490825
2.6961988  0.3576650   0.11783176   0.23534021  -0.00160995   0.02772796
2.5924251  -0.3508265   0.11232906   0.23267576  -0.00342586   0.02612451
3.5134278  -0.1323818   0.08598658   0.22876979  -0.00099963   0.01967013
5.2300960  -0.8225138   0.22141618   0.25031275   0.00100188   0.05542229
5.9390177  0.0601675   0.07824026   0.23014985   0.00275787   0.01799938
3.0582702  -0.7359643   0.19658335   0.24714287   0.00117823   0.04858278
3.6072830  0.7364933   0.19938348   0.24081694  -0.00328014   0.04800416
3.3203957  1.3386289   0.26151538   0.26372769  -0.00286587   0.06896063
5.4244721  0.4361509   0.12969944   0.23140895   0.00426165   0.02999545
3.4248624  0.3795154   0.12235057   0.23235273  -0.00341353   0.02841684
4.0293951  -0.0575840   0.08122957   0.22466777  -0.00046418   0.01824945
5.9697329  -0.6963881   0.19096532   0.24671480   0.00017602   0.04711394
0.9556579  0.3764198   0.12412858   0.23310946   0.00052179   0.02893527
0.5693165  -0.5992075   0.17055196   0.23482847   0.00285671   0.04004229
3.7957988  0.9151827   0.23015139   0.24522182  -0.00165875   0.05643539
1.0333371  -0.6590306   0.18154046   0.23319845  -0.00034048   0.04233484
1.9872974  -1.3475649   0.26291242   0.25937235   0.00133902   0.06819042
2.1401889  -0.1243752   0.08193627   0.22610611  -0.00403089   0.01851004
1.1346910  0.1473921   0.08658955   0.22571208  -0.00030075   0.01954422
6.1366583  -0.0793248   0.08011915   0.23044489   0.00256700   0.01845646
2.0549325  -0.1570453   0.08465637   0.22537699  -0.00404277   0.01906325
4.3264178  0.2101277   0.09189246   0.22182669   0.00091198   0.02038337
2.5344018  -0.3762278   0.11719950   0.23272130  -0.00367008   0.02726135
2.0305457  0.8004398   0.21730720   0.24983156  -0.00136608   0.05428833
6.0486222  -0.4723698   0.14125195   0.23868905   0.00174681   0.03371224
0.4504956  0.1458740   0.08757085   0.22850798   0.00086827   0.02000988
1.0194137  -0.0462940   0.07983326   0.22275379  -0.00001142   0.01778316
6.1793011  -1.1760767   0.25365949   0.26300946   0.00054703   0.06671455
5.8246999  0.9323565   0.22803959   0.25241402   0.00199356   0.05755642
0.8824130  -0.4405467   0.13461597   0.22716163   0.00085206   0.03057886
1.2429453  0.4665953   0.14266148   0.23746300   0.00012748   0.03387681
2.5652681  0.5851960   0.16880663   0.24213214   0.00002073   0.04087351
4.4615751  0.2577043   0.09783736   0.22195998   0.00163365   0.02171331
5.3872836  0.2320603   0.09326851   0.22767204   0.00424120   0.02121665
5.2650863  -0.4623269   0.14252211   0.23705737   0.00164846   0.03378320
4.4596003  0.4976685   0.14425859   0.22695749   0.00158098   0.03273807
4.6616547  -1.0605682   0.25033280   0.26353472   0.00114169   0.06597008
1.4631893  0.8735730   0.22742477   0.25674808  -0.00049464   0.05839063
0.9768171  0.2895564   0.10726421   0.23008476   0.00035443   0.02467974
1.9641107  -0.2722215   0.09918033   0.22529341  -0.00401877   0.02232852
0.5279735  -0.1777668   0.09049016   0.22661810   0.00224684   0.02050166
0.0536725  -0.7044040   0.19156323   0.24514684   0.00283992   0.04695306
2.7078567  0.2719264   0.10210203   0.23329920  -0.00206268   0.02381607
1.4053764  0.5384927   0.15882163   0.24108733  -0.00046070   0.03828967
4.1034774  -0.1116781   0.08418218   0.22531573  -0.00023332   0.01896752
1.3864029  0.2139506   0.09376027   0.22764401  -0.00118052   0.02134257
1.3452924  0.5657807   0.16522405   0.24231231  -0.00007659   0.04003581
3.7738313  0.9795618   0.23870666   0.24781245  -0.00161954   0.05915186
3.5883035  0.5310334   0.15525423   0.23432750  -0.00338166   0.03636890
1.3753245  1.3289321   0.26258662   0.26936412   0.00028539   0.07073133
3.8164672  -0.9938999   0.24738467   0.25515270  -0.00056404   0.06312055
0.5016218  -0.5239881   0.15377671   0.23341164   0.00317051   0.03588322
5.5544789  0.2240251   0.09204505   0.22915930   0.00400466   0.02107694
4.9585485  -0.4695920   0.14364830   0.23754217   0.00202267   0.03411844
0.0449582  0.5935859   0.16766161   0.24170810  -0.00130621   0.04052346
2.7125240  -0.7553466   0.19808012   0.24617673  -0.00194061   0.04875895
0.5150972  -1.1889434   0.25728771   0.25585410   0.00192385   0.06582441
1.8611417  -0.7969090   0.20657611   0.23922995  -0.00177930   0.04941603
0.7681244  0.9840838   0.24611868   0.25558522   0.00142427   0.06290227
1.9161385  0.3122438   0.11050934   0.23183465  -0.00242819   0.02561400
5.2483118  -0.1044850   0.08230765   0.22762099   0.00322259   0.01872456
2.9647651  1.4894851   0.26237977   0.26846516   0.00015803   0.07043980
1.4439868  -0.0626094   0.07851177   0.22190015  -0.00203491   0.01741763
4.1057781  -0.9140554   0.23582363   0.25528407  -0.00223438   0.06019702
2.2005799  -0.4459725   0.13188390   0.23070611  -0.00425123   0.03040835
0.2552416  0.9302072   0.23515235   0.25319803  -0.00290251   0.05953169
2.7440721  -1.1944309   0.25369978   0.26165625  -0.00161473   0.06637953
2.4959094  -0.5550763   0.15539713   0.23699245  -0.00363480   0.03681474
2.5838584  1.2440254   0.26160687   0.26310340   0.00301883   0.06882054
5.8750038  0.7275683   0.19260310   0.24534291   0.00181117   0.04725052
2.5600916  0.9333013   0.23556966   0.25448200   0.00207188   0.05994394
4.4777625  1.2246727   0.25384584   0.25864583   0.00075937   0.06565559
2.5502566  1.3706977   0.26539817   0.26467395   0.00308094   0.07023449
5.4395429  -0.5485199   0.16211629   0.24016933   0.00068973   0.03893489
3.1763171  0.1594782   0.08702885   0.23052058  -0.00274327   0.02005441
1.0876169  -0.0912861   0.08135950   0.22214246  -0.00034755   0.01807328
0.0922538  -0.3522975   0.11641663   0.23357035   0.00318470   0.02718133
4.2263396  0.5156011   0.14969841   0.22801590   0.00046895   0.03413340
0.5839311  1.2045737   0.26400101   0.26009187  -0.00021089   0.06866447
0.2744132  0.4521770   0.13851956   0.23634487  -0.00091306   0.03273755
3.4938236  -0.5327608   0.15757756   0.23867422   0.00124539   0.03760815
5.7314153  1.0028728   0.23737741   0.25372130   0.00257465   0.06022107
5.8787418  0.2201643   0.09151085   0.23128550   0.00285604   0.02115698
2.1724688  0.0242795   0.07822322   0.22703773  -0.00354179   0.01774708
2.3490028  0.0587630   0.07936422   0.22857729  -0.00326480   0.01813020
1.1944047  0.6365192   0.18186766   0.24519423   0.00086104   0.04459216
6.1613094  -0.4942087   0.14584331   0.23901507   0.00225216   0.03485368
4.6074531  0.5314181   0.15106510   0.22811577   0.00205085   0.03445612
4.7649014  -0.2206238   0.09460613   0.22825177   0.00211056   0.02158956
1.2555363  0.8514709   0.22423165   0.25540656   0.00114749   0.05726892
0.4115437  0.4345341   0.13589455   0.23537175  -0.00064673   0.03198532
0.6664928  1.3211554   0.26789612   0.26223162   0.00086837   0.07025008
3.4087668  0.3645463   0.11934331   0.23218408  -0.00338383   0.02769817
1.2156720  -0.6238497   0.17266592   0.23144965  -0.00114249   0.03996216
2.7136502  0.4306820   0.13295488   0.23742904  -0.00123132   0.03156583
2.9992770  0.8464974   0.21801220   0.25209370  -0.00087916   0.05495873
0.9771716  -0.0290108   0.07967556   0.22312224   0.00017328   0.01777736
2.9890596  -0.5224425   0.14959987   0.23937659  -0.00028067   0.03581063
1.9745441  0.4025389   0.12903276   0.23492649  -0.00213603   0.03030865
0.1292989  -0.5811303   0.16538450   0.23992008   0.00335358   0.03966782
6.0223357  -0.1769587   0.08839817   0.23165250   0.00253849   0.02047121
2.5022254  -1.1218880   0.24967851   0.25637686  -0.00278592   0.06400403
2.2076179  -0.4221226   0.12685096   0.23025450  -0.00428329   0.02918966
4.4490749  1.0924075   0.24535993   0.25285149   0.00102020   0.06203858
4.3252681  -0.5216777   0.15554148   0.23979400  -0.00052412   0.03729764
3.1312654  1.0319852   0.24228975   0.25788391  -0.00170672   0.06247971
2.4464196  0.6868580   0.19250226   0.24534674   0.00055124   0.04722950
5.5672718  -1.0354666   0.24956574   0.25695372  -0.00200055   0.06412284
4.1802262  -1.1372931   0.25796053   0.26325873  -0.00290340   0.06790193
3.8515024  0.3252271   0.11230197   0.22644836  -0.00185306   0.02542716
0.0355581  0.4062541   0.12615377   0.23573056  -0.00015109   0.02973828
2.5988672  0.0645461   0.07927106   0.22991341  -0.00292464   0.01821693
1.8410858  -0.8233797   0.21128607   0.24026559  -0.00152702   0.05076244
5.0243580  -0.3925972   0.12668291   0.23454405   0.00220113   0.02970788
3.4952845  -0.1809731   0.09085210   0.22957814  -0.00072359   0.02085713
5.7465878  -0.0410526   0.07827812   0.22976738   0.00299240   0.01797681
5.9828445  0.1296735   0.08223666   0.23060198   0.00255877   0.01895739
2.8924381  0.8590728   0.22067362   0.25287569   0.00014787   0.05580297
5.1853894  0.7157930   0.19099355   0.23713493   0.00298411   0.04528234
0.0039432  -0.0956099   0.08155387   0.23007654   0.00255715   0.01875709
0.6802403  0.2830619   0.10678776   0.23034737   0.00038373   0.02459813
5.4603278  0.4781333   0.13866177   0.23282287   0.00418502   0.03226612
3.8344808  -0.6706186   0.19125527   0.24364060  -0.00021746   0.04659750
6.0400800  0.4854677   0.14077443   0.23798573   0.00112118   0.03350105
6.2003089  -0.7783945   0.20594665   0.24913892   0.00163926   0.05130664
1.0492117  0.6548556   0.18670452   0.24518421   0.00130328   0.04577530
0.3549458  0.7490258   0.20541264   0.24633954  -0.00206572   0.05059699
4.9905093  -0.6321933   0.18144897   0.24420011   0.00189818   0.04430625
5.0707339  1.0228069   0.24037738   0.24853934   0.00037976   0.05974309
4.3581636  -0.3005322   0.10821655   0.23053908   0.00025371   0.02494808
2.1969086  -0.5187406   0.14779003   0.23247845  -0.00411639   0.03434105
1.9075314  0.6830159   0.19300748   0.24599433  -0.00182584   0.04747541
4.0366600  1.1435237   0.25284016   0.25332972   0.00120622   0.06405047
4.0387936  -0.1986582   0.09355159   0.22754113  -0.00039788   0.02128668
0.0835036  -0.2104122   0.09316327   0.23089370   0.00290554   0.02150237
4.3101124  -0.7739484   0.21082872   0.25141770  -0.00141895   0.05300406
1.4142816  -0.7138969   0.19048905   0.23512903  -0.00150020   0.04478726
3.6402344  -0.9017504   0.23414697   0.25155810   0.00129711   0.05889988
3.4582892  -1.0911441   0.25401580   0.25794515   0.00283980   0.06551408
5.5491287  0.5348773   0.15103722   0.23537719   0.00395296   0.03553509
3.8330726  0.2624471   0.10172575   0.22575299  -0.00183302   0.02296153
5.7500861  0.0141976   0.07739454   0.22954226   0.00313823   0.01775547
5.8859080  -0.2273902   0.09510560   0.23245718   0.00228657   0.02210275
4.9112294  0.3208177   0.10726237   0.22430563   0.00346005   0.02404758
4.7025578  -0.2936905   0.10641615   0.23063874   0.00170530   0.02454078
2.7443927  0.3971089   0.12566565   0.23648444  -0.00149801   0.02971573
5.7757345  0.3527246   0.11269508   0.23303451   0.00321639   0.02625150
3.2625848  -0.1077615   0.08259647   0.22979309  -0.00147669   0.01897792
3.3764708  1.0723643   0.24711213   0.25604928  -0.00316800   0.06326284
1.4580195  0.4707787   0.14319651   0.23795371  -0.00086988   0.03407338
3.3897144  -0.4093782   0.12898113   0.23517670   0.00065094   0.03033293
4.3175184  0.8786678   0.22122116   0.24255046   0.00118839   0.05365588
5.2041890  -0.3272835   0.11361303   0.23262502   0.00229858   0.02642395
6.1605459  -0.3097741   0.10817114   0.23385903   0.00261754   0.02528995
4.5346208  -0.6111157   0.17555146   0.24455908   0.00024567   0.04293264
4.1573653  -0.0247929   0.07961909   0.22357872  -0.00002029   0.01780113
3.2997671  -1.3752855   0.26415536   0.26518741   0.00314618   0.07004078
4.6256924  0.3124063   0.10614965   0.22280671   0.00239236   0.02364513
4.7918649  0.2975349   0.10329503   0.22324051   0.00305891   0.02305028
1.9153339  -0.2954729   0.10292242   0.22512408  -0.00390324   0.02315508
1.8024114  0.6159780   0.17756751   0.24373280  -0.00189647   0.04327543
1.5339234  0.0815166   0.08013505   0.22430742  -0.00212788   0.01797036
2.5141503  -1.1540954   0.25211763   0.25750986  -0.00276366   0.06491514
4.3632945  -1.0586331   0.25054526   0.26304117  -0.00180728   0.06590045
4.8581418  1.1695258   0.25185555   0.25519603  -0.00116977   0.06427117
0.9185471  0.2350762   0.09858456   0.22847860   0.00037906   0.02252432
2.3708469  -0.4347928   0.12928310   0.23236254  -0.00415109   0.03002332
1.7015791  -0.8641006   0.21774013   0.24191271  -0.00093781   0.05267323
5.5469140  -0.2528446   0.09996688   0.23196398   0.00219844   0.02318388
0.1178255  0.0940964   0.08169114   0.22968923   0.00156211   0.01876113
1.0705328  -0.3134249   0.10840320   0.22338523  -0.00030608   0.02421558
3.9430413  0.9463487   0.23385747   0.24557891  -0.00032238   0.05743036
2.2838335  0.3192344   0.11193035   0.23308189  -0.00198241   0.02608501
1.9558962  0.0156188   0.07787879   0.22535273  -0.00346560   0.01753819
2.6172771  -0.7912706   0.20490088   0.24645238  -0.00260568   0.05049152
5.6562305  0.6342944   0.17291337   0.23971024   0.00342375   0.04143738
0.0292808  0.7471203   0.20028257   0.24741758  -0.00196987   0.04954955
5.4256593  0.3428771   0.11113603   0.22955324   0.00430087   0.02549314
6.1653951  0.0640837   0.07897399   0.23021053   0.00218853   0.01817585
0.0385311  -0.1213932   0.08354890   0.23011597   0.00263273   0.01921901
0.4476982  0.7798628   0.21257095   0.24727929  -0.00159717   0.05256184
5.1214442  -0.2732561   0.10361040   0.23081383   0.00255991   0.02390816
4.9700577  -1.4347983   0.26683733   0.26599070   0.00313283   0.07096643
5.4757656  0.7253974   0.19263269   0.24049729   0.00362546   0.04631450
0.1561561  0.9490160   0.23609263   0.25437522  -0.00302404   0.06004697
3.8014828  0.9712097   0.23762943   0.24728510  -0.00141405   0.05876022
0.6918770  0.9533235   0.24235727   0.25396794   0.00065888   0.06155054
3.1415978  0.6812281   0.18673605   0.24480160  -0.00253833   0.04570684
5.8813953  1.1539913   0.25109780   0.26046252   0.00159886   0.06539901
5.6151147  0.1614416   0.08486469   0.22910008   0.00376473   0.01942833
4.6178790  1.0325368   0.23945430   0.25007823   0.00034964   0.05988219
5.1497951  0.1819264   0.08715874   0.22502610   0.00402307   0.01959681
2.4048061  -0.9047794   0.22473942   0.24773370  -0.00313953   0.05566567
2.3405705  -0.0198383   0.07771052   0.22795163  -0.00359701   0.01770130
6.1115283  0.4091361   0.12497148   0.23591879   0.00094900   0.02948222
2.3349757  0.1213295   0.08360540   0.22925158  -0.00298484   0.01915776
2.5589536  -0.1646203   0.08511202   0.22971795  -0.00353256   0.01953928
0.5994637  -0.6075316   0.17238297   0.23473002   0.00267780   0.04045629
4.7744840  0.7734527   0.20178157   0.23787932   0.00143516   0.04799760
3.9367801  -0.4142949   0.13266261   0.23430137  -0.00044866   0.03108283
3.5015831  -1.0106278   0.24685012   0.25535312   0.00251091   0.06302764
0.3974242  -0.8740684   0.22361796   0.24674146   0.00334156   0.05516465
2.8828565  0.7321741   0.19785097   0.24804515  -0.00036795   0.04907584
0.5398656  -0.5798308   0.16624993   0.23459119   0.00301595   0.03899167
4.9288531  -1.2408121   0.26318914   0.26507556   0.00299242   0.06975605
2.4664710  0.0549320   0.07902597   0.22922608  -0.00313689   0.01810497
4.0197145  -0.0520432   0.08104384   0.22463584  -0.00049770   0.01820510
0.0275920  0.0067863   0.07844519   0.22966649   0.00215452   0.01801159
1.4560156  0.5093202   0.15204340   0.23973517  -0.00078341   0.03644954
1.0067929  -0.1616390   0.08736209   0.22245397   0.00005468   0.01943404
4.1178888  1.1487780   0.25240952   0.25386727   0.00160308   0.06407594
0.7766442  1.0630739   0.25435349   0.25803852   0.00168936   0.06563015
2.9963479  1.2726689   0.25821570   0.26551193  -0.00002779   0.06855935
4.9288896  -0.9618123   0.24155614   0.25786692   0.00235127   0.06228381
5.0612067  0.6689277   0.18105702   0.23460950   0.00279302   0.04246990
2.2751253  0.7235660   0.20155473   0.24634239   0.00000018   0.04965147
4.0392570  0.2525562   0.09943445   0.22376324  -0.00069700   0.02224929
3.0978580  -1.3606814   0.26133534   0.26653594   0.00193527   0.06965152
4.9471200  -1.1831474   0.26091102   0.26380503   0.00287958   0.06882135
0.7861573  0.0855969   0.08300482   0.22564892   0.00069410   0.01872947
0.2023547  -0.2904352   0.10560442   0.23130056   0.00318984   0.02441619
3.6054555  -0.1236411   0.08562426   0.22811405  -0.00097626   0.01953114
0.8371556  0.4805718   0.14745802   0.23680311   0.00060073   0.03491816
0.0049881  -0.2833388   0.10381181   0.23266496   0.00293148   0.02414478
0.2383853  -0.7695398   0.20489758   0.24524865   0.00354587   0.05023828
2.0495320  0.1357406   0.08498918   0.22782892  -0.00309459   0.01935342
5.8037089  0.8016413   0.20679545   0.24735676   0.00227603   0.05114707
1.6884771  -0.3938338   0.12118268   0.22511779  -0.00308704   0.02727085
0.7431060  -0.0524215   0.08115339   0.22451204   0.00110832   0.01821868
4.7262922  0.5532086   0.15561543   0.22909763   0.00233653   0.03564567
5.7916589  0.0970416   0.07983902   0.22979900   0.00318247   0.01833680
3.9626004  0.8479367   0.21912099   0.24154337  -0.00054467   0.05292693
3.5142799  -0.2993900   0.10849221   0.23184760  -0.00001988   0.02515366
3.9472359  -0.3238044   0.11407907   0.23129334  -0.00044533   0.02638553
3.3291615  -0.1711981   0.08869053   0.23024248  -0.00096819   0.02041939
2.7027891  -0.4246256   0.12703186   0.23523636  -0.00270460   0.02987520
5.0052488  0.0095089   0.07751582   0.22441973   0.00338192   0.01738464
6.1127911  0.1756635   0.08694647   0.23118515   0.00195503   0.02009691
0.0479672  1.2505941   0.25924709   0.26391140  -0.00281603   0.06841033
3.5006235  -0.5408864   0.15951808   0.23892762   0.00126675   0.03811167
2.6562261  -0.2373478   0.09373219   0.23112057  -0.00320137   0.02165319
2.9026062  -0.1173679   0.08147805   0.23058099  -0.00237493   0.01878165
4.2080181  -0.0382014   0.07970933   0.22358838   0.00017486   0.01782205
5.4280830  0.6682773   0.18075188   0.23800142   0.00377952   0.04300492
2.0083315  1.0553395   0.25327617   0.25838882  -0.00173349   0.06544072
5.1314222  -0.2745568   0.10385022   0.23088235   0.00255314   0.02397066
0.1833119  -0.7862633   0.20777042   0.24663246   0.00337553   0.05123154
3.5048601  -0.8684066   0.22736803   0.25060424   0.00230379   0.05697408
3.3357972  1.5182733   0.26494205   0.26568252  -0.00297368   0.07038163
3.1074472  -0.1274310   0.08313339   0.23049325  -0.00171684   0.01915874
4.9034131  -0.3560734   0.11872716   0.23315489   0.00215908   0.02767716
1.1343518  0.2863727   0.10602754   0.22997645  -0.00001120   0.02438384
1.0423530  0.3166015   0.11190758   0.23101173   0.00029225   0.02585188
3.6604066  -0.3296294   0.11487187   0.23206013  -0.00002197   0.02665718
5.8818396  -1.0987826   0.25089303   0.26071966  -0.00223415   0.06540775
1.0013900  0.2362778   0.09843279   0.22838736   0.00023481   0.02248075
5.2170006  -0.2716479   0.10345182   0.23108472   0.00251493   0.02389981
1.4726176  -0.9885614   0.23465343   0.24799809  -0.00053307   0.05819332
4.6413671  0.8631804   0.21735373   0.24197908   0.00098704   0.05259408
0.7989565  -0.0813236   0.08219501   0.22396494   0.00096164   0.01840788
4.6476103  0.6670482   0.18056749   0.23321594   0.00176663   0.04210810
5.4895143  -1.2588948   0.26522556   0.26164940  -0.00175196   0.06939304
4.2254956  -0.2503017   0.10023667   0.22875753  -0.00005596   0.02292989
6.0218646  -0.5010335   0.14769706   0.23966368   0.00149041   0.03539540
1.1583317  0.4594803   0.14138047   0.23692396   0.00040595   0.03349626
2.6470671  1.2396619   0.26048872   0.26356250   0.00294303   0.06864640
5.1119810  0.0232621   0.07768863   0.22506349   0.00360382   0.01747189
4.1367844  -0.5132407   0.15444660   0.23866598  -0.00085022   0.03686043
4.5688225  -0.4297911   0.13400623   0.23609307   0.00081266   0.03163728
5.9743610  -1.1195917   0.25135168   0.26169267  -0.00157834   0.06577440
0.0921218  -0.0555018   0.07985955   0.22944771   0.00236163   0.01831801
2.3932935  -0.5811795   0.16139188   0.23656657  -0.00390684   0.03816466
1.0572160  -0.5891633   0.16620052   0.23054801  -0.00037901   0.03831706
5.3233738  0.2597068   0.09725082   0.22731028   0.00428281   0.02208777
2.7522251  -1.0699220   0.24419259   0.25797051  -0.00140686   0.06299251
2.4140768  -0.1163195   0.08120932   0.22842631  -0.00379457   0.01853595
3.6392603  0.4563428   0.13889068   0.23163223  -0.00311147   0.03216188
1.4992295  -0.0720187   0.07876727   0.22194913  -0.00229393   0.01747706
3.0801549  0.3947217   0.12453099   0.23571619  -0.00272620   0.02934654
4.8544440  -0.0886793   0.08064605   0.22510681   0.00273986   0.01814647
3.1714026  0.0325183   0.07887253   0.22967981  -0.00231750   0.01811006
4.5489838  0.6745414   0.18243659   0.23344918   0.00158563   0.04258716
0.3820887  -0.1925699   0.09195297   0.22818057   0.00267718   0.02097471
4.5356512  -0.0082781   0.07773665   0.22268055   0.00168400   0.01730760
3.4157010  0.5929654   0.16848181   0.23854370  -0.00366632   0.04017683
0.8545009  -0.5016521   0.14807954   0.22898684   0.00101690   0.03390723
2.0892989  -0.3422830   0.11117166   0.22747542  -0.00423468   0.02527089
5.8228165  0.8537539   0.21592289   0.24950564   0.00206742   0.05386970
2.8820493  0.1322245   0.08380546   0.23106717  -0.00259285   0.01935797
3.7698359  -0.1482242   0.08819556   0.22755525  -0.00075451   0.02006879
0.4741814  0.5936457   0.17275739   0.24051690  -0.00103037   0.04155001
3.3094801  -1.3462016   0.26379186   0.26468962   0.00318621   0.06981282
0.2851374  -0.3326158   0.11333419   0.23130853   0.00329645   0.02620430
5.1676916  -0.2236285   0.09575183   0.22965048   0.00273989   0.02198195
0.9676266  -0.5953845   0.16820678   0.23115990   0.00015342   0.03888264
2.0697463  1.1334379   0.25981066   0.25979891  -0.00129387   0.06749685
2.2459735  -0.1866499   0.08766495   0.22731304  -0.00416412   0.01991005
1.5015750  0.8233781   0.21915454   0.25446969  -0.00078767   0.05576757
0.7634248  0.8075517   0.21921352   0.24930325   0.00093837   0.05464976
1.4371005  0.5369569   0.15844284   0.24102908  -0.00063262   0.03818893
4.8339034  -0.7857869   0.21304037   0.25180748   0.00181596   0.05364186
0.5837930  0.7571861   0.20917980   0.24654052  -0.00053648   0.05157101
3.5064423  -0.3236606   0.11284166   0.23246366   0.00012263   0.02623157
2.4494292  -0.8403517   0.21409227   0.24603860  -0.00324249   0.05266445
2.3362235  -0.0878531   0.07959685   0.22777337  -0.00383295   0.01811535
3.0738783  0.9749328   0.23603204   0.25639787  -0.00124714   0.06051656
6.1564135  -0.3517298   0.11595272   0.23488557   0.00254802   0.02722913
4.9947307  0.9017528   0.22414440   0.24355833   0.00098995   0.05459126
1.6712929  -0.8808652   0.22030845   0.24268301  -0.00080337   0.05346447
1.8280653  0.4739069   0.14467320   0.23769878  -0.00202371   0.03438455
0.2075293  -0.9167029   0.22905515   0.25109744   0.00329459   0.05750431
1.2457943  -1.3138951   0.25796497   0.26171231  -0.00145955   0.06751048
4.3212452  -1.0305258   0.24822107   0.26177341  -0.00206252   0.06497342
4.5323987  -0.9037511   0.23196988   0.25806290  -0.00013671   0.05986280
1.5460003  1.0281512   0.24742875   0.26234272  -0.00133084   0.06490936
0.2549959  -0.1162268   0.08402272   0.22867239   0.00251128   0.01920737
0.8611316  -0.1498154   0.08694639   0.22343551   0.00079023   0.01942629
2.6378672  -0.7718310   0.20122077   0.24598448  -0.00249375   0.04949097
2.1290710  0.7244546   0.20222558   0.24657333  -0.00086308   0.04986269
2.7151942  -0.0620919   0.07824633   0.22994015  -0.00297232   0.01798314
0.1070709  0.0213104   0.07895438   0.22934480   0.00197863   0.01810386
0.1866199  0.4915021   0.14632814   0.23786488  -0.00110611   0.03480510
1.4338283  -0.1652091   0.08565228   0.22149789  -0.00211900   0.01896731
6.2474365  -0.8272043   0.21454610   0.25065497   0.00190631   0.05377341
4.8900695  -0.0812473   0.08021641   0.22512580   0.00286006   0.01805060
1.8787198  -0.4754059   0.13833930   0.22830272  -0.00350484   0.03157095
0.2675707  -1.1446558   0.25306949   0.25777936   0.00312020   0.06522636
0.5126403  0.2524221   0.10139771   0.23018928   0.00034211   0.02334055
2.1555860  0.7463492   0.20670366   0.24729809  -0.00065997   0.05111699
5.0134594  -0.7506667   0.20709485   0.24899054   0.00192298   0.05156096
3.2080473  -0.9282964   0.23178969   0.25407887   0.00272705   0.05888543
6.1134744  -1.3655128   0.26082045   0.26722351  -0.00022777   0.06969730
1.3727937  0.4471724   0.13794276   0.23681803  -0.00051064   0.03266707
2.9806975  -0.1030120   0.08078358   0.23047745  -0.00217321   0.01861407
1.1428606  0.8519277   0.22493243   0.25463191   0.00177896   0.05727181
3.1449542  -0.7580093   0.20205858   0.24788904   0.00186776   0.05008462
6.2377434  -1.0855789   0.24722515   0.25994742   0.00128039   0.06426390
4.8777959  0.9645038   0.23239626   0.24635755   0.00026219   0.05725250
4.3763444  -0.7396245   0.20374848   0.25024644  -0.00098774   0.05098636
2.7705453  -0.3502840   0.11244620   0.23381710  -0.00244363   0.02628587
5.6892380  1.0403200   0.24175455   0.25440490   0.00273205   0.06149608
2.9081451  -0.1171925   0.08148254   0.23058353  -0.00235731   0.01878297
2.2980380  0.3265369   0.11329529   0.23332238  -0.00191727   0.02643065
4.8771528  -0.3889680   0.12551229   0.23439915   0.00203931   0.02941582
5.9443727  1.0992735   0.24685501   0.25940627   0.00093070   0.06403487
4.5566057  -0.7823110   0.21161665   0.25272974   0.00014910   0.05348180
3.9054328  -0.7320298   0.20442158   0.24638683  -0.00076656   0.05036620
4.8272053  0.1469881   0.08355185   0.22245637   0.00313470   0.01857681
1.1345259  -0.0785015   0.08044005   0.22203304  -0.00057067   0.01786002
0.5026117  -0.9984944   0.24086903   0.24979718   0.00256047   0.06016185
5.3930528  0.5146038   0.14679712   0.23298940   0.00415612   0.03418490
3.5804429  0.6721339   0.18615347   0.23893784  -0.00343248   0.04446733
5.7880147  0.4882701   0.14056337   0.23654921   0.00294232   0.03324150
1.7822456  -0.5479568   0.15435502   0.22973600  -0.00293973   0.03545226
0.2576530  0.2850659   0.10515881   0.23200156   0.00013522   0.02439699
5.8170712  -0.7655835   0.20625459   0.24902706  -0.00099428   0.05136198
3.0448498  -0.3140040   0.10722400   0.23357967  -0.00099742   0.02504435
3.5666730  1.2647815   0.26081064   0.25883856  -0.00242696   0.06750196
5.6768817  0.0550540   0.07810325   0.22913197   0.00339120   0.01788445
3.2787283  -0.4721933   0.14144407   0.23741502   0.00089694   0.03358014
4.1712277  0.1662363   0.08770299   0.22233245   0.00006576   0.01949922
4.6805643  1.1706916   0.25087315   0.25615692  -0.00053801   0.06426260
0.4147548  -0.1239317   0.08515146   0.22736859   0.00230964   0.01935543
5.1921522  0.9112634   0.22617152   0.24448453   0.00181862   0.05529213
3.6874640  0.1365367   0.08640322   0.22620991  -0.00203304   0.01954113
4.9434347  0.5283371   0.14999452   0.22924970   0.00307951   0.03437672
5.0159510  -0.5643926   0.16588347   0.24126673   0.00191653   0.04001849
5.4155780  -0.2593476   0.10130887   0.23155676   0.00232822   0.02345333
2.7464114  -0.1767525   0.08640494   0.23078683  -0.00286003   0.01993294
0.2623890  0.4929153   0.14750995   0.23765564  -0.00115236   0.03505524
4.1011206  0.6199068   0.17364262   0.23205885  -0.00016850   0.04029528
0.6046656  0.3193057   0.11320842   0.23153043   0.00019780   0.02621115
1.5319331  0.9804615   0.24222437   0.26075232  -0.00114754   0.06315925
6.1566259  0.8688423   0.22018120   0.25221506  -0.00119642   0.05553158
2.4515029  -0.2627951   0.09747370   0.22996908  -0.00395048   0.02240033
1.7060116  -0.5688750   0.15900357   0.23004752  -0.00262158   0.03657151
5.8408927  0.5508345   0.15445000   0.23889907   0.00245671   0.03689193
5.4686034  0.1824201   0.08714099   0.22803284   0.00408303   0.01985434
0.0644027  -0.5588644   0.16029343   0.23983482   0.00310075   0.03843433
2.2184766  -0.6674717   0.18069787   0.23718140  -0.00370435   0.04284445
0.7783565  0.2792435   0.10607032   0.23000658   0.00045110   0.02439667
5.2341954  -0.1463941   0.08609275   0.22827558   0.00304652   0.01964359
3.5406953  0.7620628   0.20414194   0.24265938  -0.00348701   0.04952480
4.3056718  0.3357967   0.11185803   0.22334319   0.00084408   0.02498202
0.5275195  1.2563889   0.26582712   0.26096666  -0.00086830   0.06937126
4.9913208  -0.5586056   0.16444983   0.24111252   0.00193101   0.03964718
5.1008729  -0.6123275   0.17726120   0.24288979   0.00174059   0.04305191
0.5496951  -0.3546476   0.11800466   0.22873427   0.00270660   0.02698438
4.6408897  0.5011526   0.14428478   0.22720833   0.00222045   0.03277777
6.0390360  0.1260955   0.08210779   0.23064385   0.00237203   0.01893203
5.2909155  -0.7872522   0.21480487   0.24879731   0.00062665   0.05344248
3.2650390  -1.2097329   0.25859955   0.26242340   0.00317803   0.06785247
2.3346964  -0.5689496   0.15877475   0.23549153  -0.00401746   0.03737397
4.5441303  0.2258860   0.09293912   0.22170427   0.00201698   0.02060093
4.6984784  -0.7512906   0.20580164   0.25101507   0.00113821   0.05165802
6.2246154  0.1220417   0.08258083   0.23049603   0.00180873   0.01903128
1.9091634  -0.0711749   0.07876877   0.22424923  -0.00363032   0.01765066
4.1988106  -0.4385210   0.13712023   0.23574439  -0.00057433   0.03232500
0.0114166  0.7656469   0.20365654   0.24816521  -0.00194487   0.05053668
1.9909650  0.5936852   0.17301953   0.24204274  -0.00167949   0.04187530
4.9898885  0.5431898   0.15331598   0.22998784   0.00316859   0.03525077
2.2284802  0.4209364   0.13308090   0.23585403  -0.00155227   0.03138526
1.2730257  -0.6921629   0.18675967   0.23417372  -0.00130137   0.04373251
1.1308723  1.0134892   0.24686152   0.26072168   0.00230085   0.06435686
6.2165578  -0.3217018   0.11036599   0.23389004   0.00276708   0.02580585
4.0913928  -0.7181461   0.20090762   0.24720995  -0.00149703   0.04966412
3.8053065  -0.5901008   0.17292571   0.24049503  -0.00000514   0.04158777
5.0276877  0.1726970   0.08610727   0.22392023   0.00376627   0.01926697
4.2050648  -0.4525373   0.14023361   0.23634630  -0.00060554   0.03314333
1.6914316  0.0529438   0.07868629   0.22432210  -0.00276700   0.01764342
4.7124816  -0.8653230   0.22640452   0.25599933   0.00130733   0.05795770
3.8058280  -0.9796616   0.24567166   0.25463536  -0.00043015   0.06255651
3.9304788  -0.4343190   0.13708164   0.23500437  -0.00044563   0.03221458
1.0244277  0.5423822   0.16108184   0.24004796   0.00093018   0.03866650
5.4932167  0.3126872   0.10566097   0.22975850   0.00420700   0.02425881
1.6835355  -0.5008508   0.14392418   0.22780655  -0.00280355   0.03277901
0.8454771  0.5886301   0.17252332   0.24110608   0.00082814   0.04159574
0.4232497  -0.3964409   0.12615043   0.23110986   0.00324339   0.02914409
1.9556538  0.1368038   0.08496886   0.22732699  -0.00305026   0.01930641
0.8751737  -0.7132667   0.19391556   0.23595518   0.00054969   0.04575508
6.1013229  0.4627540   0.13623662   0.23744518   0.00076925   0.03234814
3.6718602  0.2904390   0.10639596   0.22785500  -0.00261784   0.02423600
4.6466269  0.1676322   0.08571870   0.22166376   0.00243983   0.01899478
2.9372669  0.5536469   0.15926686   0.24133158  -0.00157316   0.03843365
3.5746996  0.5871552   0.16770299   0.23621677  -0.00345729   0.03960231
0.2376511  -0.8685719   0.22201653   0.24890196   0.00343391   0.05524856
3.4891269  0.3573233   0.11818887   0.23113850  -0.00330063   0.02730710
5.7234477  -0.1042069   0.08177454   0.23023063   0.00279743   0.01881918
1.2387347  1.2640410   0.26176703   0.26798579   0.00185259   0.07014641
3.0693460  -0.4702086   0.13877265   0.23774832  -0.00001062   0.03299297
2.1684777  -1.1317563   0.25163683   0.25305882  -0.00129319   0.06367725
3.9534652  -0.5929188   0.17358972   0.24111752  -0.00071800   0.04185501
0.7561711  -0.1523239   0.08757739   0.22431524   0.00128606   0.01964329
4.3325123  -0.4651169   0.14252263   0.23726380  -0.00031827   0.03381536
2.9576677  -0.0815115   0.07949267   0.23035824  -0.00230014   0.01830650
1.1167048  -0.3532498   0.11543030   0.22383831  -0.00058278   0.02583738
5.3928033  0.8529310   0.21679437   0.24399602   0.00304659   0.05288768
6.0927285  -0.4879676   0.14457838   0.23907825   0.00190827   0.03456191
5.1166391  0.2993567   0.10358760   0.22572030   0.00404287   0.02336548
5.6369811  1.3074121   0.26071981   0.26118800   0.00276125   0.06808926
5.9036870  -0.3564701   0.11733995   0.23538809   0.00175040   0.02761736
1.1633849  -0.8579723   0.21808329   0.24157734  -0.00114651   0.05268267
0.9160946  0.5294301   0.15853059   0.23900916   0.00084695   0.03788955
1.4493519  -0.5253070   0.14976804   0.22789174  -0.00201166   0.03412685
0.5192494  -0.6875413   0.18954502   0.23839088   0.00307475   0.04517635
3.5165037  -0.5421625   0.15997444   0.23892877   0.00123018   0.03822098
6.0760700  0.3714020   0.11717347   0.23486891   0.00134406   0.02751860
4.9355301  -0.0696453   0.07960875   0.22513905   0.00300722   0.01791400
0.5157693  -0.0910491   0.08306365   0.22636919   0.00192935   0.01879933
5.1510101  -0.5900804   0.17221452   0.24184710   0.00163113   0.04164692
5.3938341  1.4352978   0.26621822   0.26114741   0.00105446   0.06952109
1.8342868  1.2396382   0.26364291   0.26443774  -0.00295644   0.06970839
2.1170870  -0.9157410   0.22692247   0.24506247  -0.00214766   0.05560557
4.7026380  -0.7680715   0.20910333   0.25176653   0.00116945   0.05264385
2.3995400  1.0702380   0.25321159   0.25780317   0.00191785   0.06527507
6.2408920  0.7123151   0.19228338   0.24622406  -0.00138788   0.04734287
5.0489618  0.6224798   0.17096359   0.23291972   0.00299836   0.03981180
5.3310830  -1.3727962   0.26874402   0.26270151   0.00002116   0.07059946
5.9888814  -0.7474288   0.20110913   0.24865398   0.00003078   0.05000658
5.8302566  0.9665500   0.23266098   0.25370830   0.00193723   0.05902427
5.1992992  0.0192998   0.07774284   0.22577539   0.00367881   0.01753889
1.4628281  1.2791448   0.26171118   0.26872340  -0.00075935   0.07032734
4.7852060  -0.5386633   0.15911061   0.24087769   0.00158404   0.03832369
0.1865287  0.4280508   0.13233194   0.23592678  -0.00071060   0.03122014
4.2666623  1.3670946   0.26059684   0.26259971   0.00227132   0.06842750
3.9649542  -0.9536155   0.24210481   0.25512865  -0.00176019   0.06176478
2.9995588  -0.0037856   0.07775911   0.23013090  -0.00240783   0.01788898
3.8475670  -0.8084540   0.21940754   0.24895461  -0.00050757   0.05462226
2.1592574  0.2004128   0.09256045   0.22972012  -0.00276413   0.02125536
3.4984675  -0.7775885   0.21106723   0.24737148   0.00213585   0.05220745
2.8372011  1.1272939   0.25185463   0.26192454   0.00155485   0.06596449
5.0286328  -0.2123782   0.09389483   0.22880591   0.00272775   0.02147625
2.9987037  0.0915313   0.08085170   0.23052557  -0.00258141   0.01863172
0.6523254  0.4977855   0.15145074   0.23712085  -0.00000844   0.03591213
0.9254111  0.6069737   0.17648029   0.24229752   0.00108094   0.04275957
5.1101599  -0.1245084   0.08383743   0.22715120   0.00310470   0.01903413
1.8346225  -0.1997205   0.08909693   0.22360478  -0.00365998   0.01990910
4.2376509  0.5693607   0.16154113   0.22972384   0.00057207   0.03710952
0.5279631  -0.0355106   0.08083742   0.22632200   0.00165622   0.01829254
1.1981078  -0.7138383   0.19165827   0.23512730  -0.00110523   0.04506287
2.3825761  0.3442711   0.11651766   0.23408890  -0.00168000   0.02727267
2.4790434  0.6707724   0.18872324   0.24487610   0.00052484   0.04621353
5.5229221  -0.8205600   0.21969678   0.24990231  -0.00098162   0.05490177
4.8851027  -0.9755559   0.24293250   0.25881550   0.00232591   0.06286929
3.8376638  0.2877138   0.10578839   0.22602880  -0.00186123   0.02390776
3.4421682  -0.6333693   0.17996845   0.24231453   0.00182359   0.04360564
3.5206755  1.4103799   0.26511618   0.26225871  -0.00250998   0.06952273
5.1274269  0.4556413   0.13407072   0.22871895   0.00386667   0.03064956
5.9452898  -0.3687432   0.11963749   0.23573120   0.00180047   0.02819905
0.9642380  -0.3980205   0.12524918   0.22558196   0.00032802   0.02825385
5.1349533  -0.2851770   0.10571007   0.23119892   0.00251321   0.02443374
4.3921019  -0.7061816   0.19679813   0.24875484  -0.00080744   0.04895384
3.9838611  -0.1061384   0.08422330   0.22570917  -0.00054325   0.01900968
1.1617521  0.0205831   0.07881608   0.22303170  -0.00060013   0.01757812
4.1061805  -0.4093561   0.13109890   0.23436363  -0.00058558   0.03072447
6.1107324  0.5555761   0.15682787   0.24045157   0.00028096   0.03770943
1.0707496  -0.2666658   0.10060770   0.22277197  -0.00029991   0.02241249
4.8694508  -0.2545567   0.09996621   0.22957155   0.00233103   0.02294396
5.6108953  -0.8345375   0.22127047   0.25067210  -0.00141619   0.05546433
4.2089685  0.0484629   0.07964378   0.22251740   0.00023148   0.01772207
6.0325428  -0.2799991   0.10306559   0.23351467   0.00234415   0.02406183
6.2260842  -0.2716323   0.10176579   0.23276037   0.00279597   0.02367923
1.6468749  1.4661423   0.26472151   0.26816523  -0.00265692   0.07098205
2.8647446  -0.5415303   0.15297538   0.23964953  -0.00117709   0.03665909
2.4539715  0.3731793   0.12208971   0.23511323  -0.00141690   0.02870290
1.0307316  0.7248734   0.20185822   0.24816328   0.00157560   0.05009132
0.5397960  0.2844329   0.10675625   0.23083386   0.00023049   0.02464290
0.6402949  -0.5613543   0.16210166   0.23281534   0.00244244   0.03773379
3.7907031  -0.7320152   0.20432059   0.24580429   0.00003560   0.05022288
4.1346125  -0.4839586   0.14769830   0.23743060  -0.00076536   0.03506751
5.7002139  -1.2657162   0.26277798   0.26327974  -0.00302241   0.06917498
1.7349249  -0.5528796   0.15544513   0.22965094  -0.00277350   0.03569043
4.7273176  -0.6124341   0.17599578   0.24443026   0.00130204   0.04301700
1.5796016  0.7209566   0.19971544   0.24952547  -0.00125908   0.04983250
0.3589077  -0.5337952   0.15564154   0.23556443   0.00359217   0.03665071
3.3055552  -0.4501079   0.13687509   0.23665433   0.00081364   0.03239142
1.2042758  1.0768822   0.25219873   0.26345688   0.00197379   0.06643959
5.0561110  -0.0913799   0.08112920   0.22621815   0.00316413   0.01834289
4.4823906  -0.7589674   0.20723130   0.25155345  -0.00036212   0.05212962
4.2301232  1.1975227   0.25425783   0.25642064   0.00190918   0.06519331
2.4381085  1.0524037   0.25108990   0.25749192   0.00212073   0.06464912
4.8211267  0.7312528   0.19365261   0.23612599   0.00174355   0.04572338
1.5723274  0.4610723   0.14106950   0.23749614  -0.00140639   0.03350148
0.2294775  -0.2216142   0.09518356   0.22993584   0.00296935   0.02187729
5.0467762  -0.8711289   0.22922343   0.25341395   0.00199468   0.05808444
0.1727184  1.0799233   0.25073510   0.25854978  -0.00322160   0.06481713
5.9727879  -0.9238462   0.23089272   0.25526014  -0.00094314   0.05893682
1.5157338  0.4613359   0.14106841   0.23753236  -0.00116060   0.03350697
2.3275658  0.3394101   0.11572850   0.23376752  -0.00179351   0.02705035
0.9028708  1.4305317   0.26742810   0.26517275   0.00297865   0.07090577
4.3468053  -0.4836168   0.14668122   0.23812966  -0.00032566   0.03492904
2.2382453  -0.0655386   0.07870516   0.22700542  -0.00384697   0.01785170
2.7488813  0.7610464   0.20461836   0.24906664   0.00065565   0.05096318
2.9574131  -0.7420941   0.19675092   0.24724574   0.00032494   0.04864572
1.7208946  -1.1053931   0.24711674   0.25253788   0.00074623   0.06240578
2.1002176  1.0858082   0.25623634   0.25845340  -0.00095470   0.06622424
5.6453905  -1.1034713   0.25467214   0.25926700  -0.00256820   0.06602149
1.3362966  -0.0839303   0.07977291   0.22163969  -0.00156450   0.01767840
0.1855806  1.0300936   0.24619778   0.25692004  -0.00317150   0.06324308
2.4460581  0.4645853   0.14200440   0.23778158  -0.00083773   0.03376533
2.7039843  -0.3496381   0.11218838   0.23343895  -0.00283856   0.02618108
5.6599940  0.0440712   0.07784114   0.22903983   0.00339664   0.01781718
3.2233980  0.9575942   0.23401517   0.25427800  -0.00259132   0.05949819
5.2718842  -0.6468660   0.18528946   0.24368998   0.00102730   0.04515213
5.1643907  0.8428313   0.21509689   0.24170740   0.00212959   0.05198597
0.2820514  -0.0117106   0.07974245   0.22825488   0.00194141   0.01819783
4.4641346  0.0070388   0.07787305   0.22242445   0.00138241   0.01731896
2.2947689  0.1818753   0.09007058   0.23003218  -0.00271833   0.02071174
5.9738821  -0.1289493   0.08350745   0.23103626   0.00259359   0.01928652
5.7243870  -0.3342303   0.11374284   0.23448297   0.00162883   0.02666811
5.6257414  -0.4090359   0.12951604   0.23622288   0.00116356   0.03059330
5.2579875  -0.3753236   0.12335320   0.23420934   0.00201766   0.02888640
0.9485056  -0.9358015   0.23136389   0.24491963  -0.00062978   0.05666516
6.1949084  0.5405038   0.15422349   0.24002372  -0.00026149   0.03701723
3.4455677  -0.6287927   0.17898065   0.24213715   0.00179594   0.04333464
0.4149472  -1.1699176   0.25569767   0.25642857   0.00267922   0.06556101
3.1372706  1.2006112   0.25501198   0.26289636  -0.00160461   0.06703915
3.7841629  -0.3184167   0.11311300   0.23140883  -0.00025943   0.02617528
1.5601309  -0.1678798   0.08564638   0.22185256  -0.00267350   0.01899372
0.7423235  0.1952127   0.09349945   0.22797173   0.00056244   0.02131492
5.9038803  0.7045169   0.18797517   0.24474508   0.00160421   0.04600342
0.8176007  0.2813753   0.10636106   0.22999501   0.00045658   0.02446231
0.1883864  0.0524752   0.08012618   0.22906040   0.00169522   0.01835086
3.4629676  -0.7449536   0.20414895   0.24628858   0.00219156   0.05027475
0.3834696  -0.2962132   0.10714644   0.22957143   0.00305944   0.02458840
4.8631242  -0.3634618   0.12013669   0.23341009   0.00205889   0.02803688
0.0443406  0.1508633   0.08565312   0.23052913   0.00138889   0.01974361
0.4141671  0.1693602   0.08984681   0.22907154   0.00075889   0.02058077
2.4144111  -0.1579590   0.08458818   0.22861923  -0.00388941   0.01932336
1.0442722  0.9622019   0.24167968   0.25796977   0.00241753   0.06234021
3.7919110  1.1866515   0.25717732   0.25484249  -0.00066481   0.06553927
5.6709499  0.1749432   0.08617045   0.22960448   0.00363423   0.01977191
4.3878453  -0.7455439   0.20488755   0.25058082  -0.00093993   0.05134001
3.3622345  0.7435853   0.19986705   0.24454759  -0.00353106   0.04886454
4.7186225  -0.0407641   0.07819256   0.22364105   0.00239250   0.01748134
1.3523593  -0.6937600   0.18665738   0.23424181  -0.00145673   0.04372084
3.7434806  0.7758360   0.20710027   0.24052720  -0.00244004   0.04980729
5.4771117  -1.2256521   0.26404333   0.26104301  -0.00160324   0.06892410
5.6741990  0.8156027   0.20949475   0.24626486   0.00303180   0.05158200
2.6365936  -0.3164574   0.10613281   0.23231678  -0.00324009   0.02464593
1.9502335  0.0568124   0.07919948   0.22586718  -0.00332433   0.01787751
4.6677291  -0.7157034   0.19849116   0.24946146   0.00094976   0.04951499
5.9551452  0.3591772   0.11425464   0.23421349   0.00215405   0.02675534
1.6878496  0.8275587   0.22062731   0.25362274  -0.00186137   0.05595264
0.6951490  -0.5798104   0.16610456   0.23278280   0.00207331   0.03866198
0.5528253  -1.1262143   0.25310150   0.25358340   0.00179446   0.06417912
3.5403173  -0.8303801   0.22136083   0.24916895   0.00201440   0.05515219
4.1491103  -1.2862794   0.26453772   0.26562738  -0.00316666   0.07025844
6.1089973  0.6202145   0.17117414   0.24271749   0.00002171   0.04154696
5.9516980  -1.1116117   0.25101835   0.26139879  -0.00175781   0.06561280
3.7193172  0.4619445   0.14014174   0.23079208  -0.00275606   0.03233601
4.2065877  -0.0249738   0.07937887   0.22338864   0.00017884   0.01773231
2.5184572  -0.0757223   0.07885765   0.22904496  -0.00347911   0.01804984
5.9124917  0.9988701   0.23667535   0.25573444   0.00120226   0.06052459
5.5274444  -0.6578729   0.18664765   0.24415436  -0.00020376   0.04557080
4.8159982  -0.1530562   0.08616556   0.22645590   0.00245230   0.01950669
4.5542244  0.3718370   0.11741845   0.22373721   0.00206032   0.02626663
2.1037805  -0.9335457   0.22951508   0.24563730  -0.00196870   0.05637359
3.3260123  0.8226502   0.21422662   0.24797019  -0.00333589   0.05311069
0.1168280  1.3679338   0.26344737   0.26548731  -0.00303988   0.06993269
0.7894691  -0.3550186   0.11761492   0.22616668   0.00142421   0.02659855
4.1644836  -0.6691065   0.18999316   0.24563606  -0.00137190   0.04666729
5.3441715  -1.0775032   0.25538558   0.25778139  -0.00010266   0.06583364
6.1060868  0.8215964   0.21171477   0.25031689  -0.00060691   0.05299542
4.7902667  0.8152454   0.20939645   0.23973395   0.00120483   0.05019799
2.5642100  0.2643336   0.10132327   0.23279378  -0.00203276   0.02358329
1.3692928  -0.4894883   0.14221095   0.22670306  -0.00178695   0.03223646
4.0305271  -0.6604774   0.18872406   0.24431990  -0.00115756   0.04610770
3.1585435  -0.1092326   0.08207164   0.23019116  -0.00168120   0.01888934
0.5872473  -0.4840380   0.14496802   0.23124905   0.00272762   0.03351628
3.3191953  -0.8532088   0.22204229   0.25084120   0.00279678   0.05568953
1.9136058  -0.6960994   0.18679412   0.23555426  -0.00261559   0.04399331
0.8253544  -0.3226644   0.11142673   0.22528382   0.00117862   0.02510125
4.5661498  -0.8249709   0.21935499   0.25466916   0.00019179   0.05586291
0.6340248  -0.6614119   0.18404472   0.23611100   0.00241084   0.04344917
2.9733592  1.1637087   0.25315559   0.26293913   0.00017755   0.06656448
4.6531129  -0.8308688   0.22047652   0.25476873   0.00086325   0.05616978
1.0162948  -0.3948441   0.12427451   0.22518198   0.00000254   0.02798438
1.8021004  -0.4957455   0.14278083   0.22831014  -0.00319800   0.03258808
0.0120911  1.4672399   0.26325518   0.26744571  -0.00225172   0.07040140
1.2484204  0.6131457   0.17636743   0.24431732   0.00054835   0.04308932
2.0395087  -0.3603301   0.11457767   0.22727251  -0.00414257   0.02602319
5.6618260  -1.0074711   0.24535297   0.25663370  -0.00231563   0.06296048
3.9428226  -0.5169159   0.15592733   0.23809576  -0.00055575   0.03712533
2.7690205  -0.5138661   0.14642148   0.23824237  -0.00202412   0.03487970
0.2469097  0.2707333   0.10270150   0.23173867   0.00023843   0.02379985
0.3348579  0.6392289   0.18170018   0.24241699  -0.00175951   0.04404412
5.2281335  -0.5813926   0.17025799   0.24134019   0.00138365   0.04108818
4.5133533  -0.6119807   0.17577387   0.24457468   0.00011979   0.04298982
4.6305002  0.8509009   0.21538864   0.24140236   0.00104984   0.05199422
0.5496740  0.3932947   0.12783214   0.23378432  -0.00014311   0.02988513
0.8760137  -0.7393066   0.19910255   0.23695683   0.00047744   0.04717848
0.5662141  -0.4259316   0.13242666   0.23005363   0.00276620   0.03045758
0.4522846  -0.7727694   0.20633283   0.24229538   0.00329332   0.04998265
3.2089738  0.6152280   0.17272393   0.24175760  -0.00305258   0.04174801
2.7879380  0.2202615   0.09401258   0.23236513  -0.00235184   0.02183971
4.7813179  -1.1960421   0.25993830   0.26607227   0.00236211   0.06915679
0.4113919  -1.0072317   0.24154156   0.25128224   0.00304121   0.06068586
0.5487686  1.3188019   0.26765582   0.26186925  -0.00059162   0.07009048
5.6053759  0.0626419   0.07841463   0.22869545   0.00355577   0.01792043
3.9206301  0.0587185   0.08127055   0.22420636  -0.00099410   0.01822038
4.2583623  -0.8550312   0.22561812   0.25453559  -0.00188737   0.05742428
5.1218885  1.5008068   0.26672253   0.26259643  -0.00199160   0.07003642
2.8458781  -0.9420956   0.22969951   0.25430840  -0.00044783   0.05841431
6.0916171  0.5512476   0.15570860   0.24026324   0.00044997   0.03741085
0.6256251  -0.7815724   0.20815381   0.24048203   0.00225908   0.05005215
3.3716680  -0.5716546   0.16508694   0.24038082   0.00159569   0.03968119
1.4483888  0.5404343   0.15924732   0.24119902  -0.00068596   0.03840983
5.9231664  0.1065347   0.08048428   0.23030849   0.00278379   0.01852846
3.1525461  0.4645751   0.13938524   0.23726228  -0.00294953   0.03306216
2.8889912  0.4623683   0.13910985   0.23840405  -0.00170365   0.03316145
2.1503041  -0.8221066   0.21153185   0.24186711  -0.00282562   0.05115461
5.0732831  0.3488508   0.11240030   0.22605376   0.00391132   0.02539321
1.5001435  0.3727304   0.12173079   0.23368457  -0.00127431   0.02844498
6.1984426  -0.6453262   0.17916903   0.24410294   0.00203860   0.04373153
4.0195016  0.9046294   0.22755387   0.24367505   0.00007669   0.05544920
3.3882094  -0.4711447   0.14244062   0.23702350   0.00102624   0.03376072
0.0379652  1.0006524   0.24055512   0.25675142  -0.00271305   0.06175551
0.1146986  1.0666707   0.24858011   0.25851518  -0.00311621   0.06425202
4.7257560  0.8740179   0.21907729   0.24244000   0.00085588   0.05311237
4.2002853  0.5197254   0.15079200   0.22824845   0.00032214   0.03441794
0.3187529  -1.0170731   0.24214596   0.25296199   0.00327414   0.06124300
2.7951702  -0.1765819   0.08646869   0.23094518  -0.00266231   0.01996244
5.4022531  -0.3750843   0.12314515   0.23455200   0.00171832   0.02888099
5.1055976  0.7122908   0.19021417   0.23644722   0.00270418   0.04496830
0.3371839  -0.3878949   0.12419823   0.23193544   0.00338960   0.02879448
1.2198763  0.2191135   0.09498171   0.22772266  -0.00047283   0.02162926
1.3549122  0.7646261   0.20830542   0.25184932   0.00027167   0.05246150
5.0613961  -0.5484738   0.16229932   0.24047738   0.00188886   0.03902575
4.2826797  0.9352617   0.22961427   0.24513678   0.00123941   0.05628537
4.3743781  -1.3478896   0.26341766   0.26884335  -0.00192648   0.07081438
0.4760556  -0.6345140   0.17818595   0.23716918   0.00330508   0.04224929
6.1081326  -0.2396751   0.09669353   0.23256503   0.00257086   0.02248092
4.9206662  0.5259679   0.14946477   0.22904614   0.00301645   0.03422523
0.0164734  -0.1533609   0.08634776   0.23054634   0.00272019   0.01989976
2.4849216  0.6069064   0.17440991   0.24263851   0.00013253   0.04231854
0.0693786  -0.0192703   0.07880127   0.22948529   0.00222133   0.01807880
4.3498764  0.7641809   0.20139515   0.23732319   0.00115152   0.04779442
4.0587945  0.3186617   0.11024988   0.22445424  -0.00061681   0.02474567
1.4565990  0.4207095   0.13198826   0.23570988  -0.00097124   0.03110999
5.4241095  -0.9421780   0.23980543   0.25380978  -0.00069814   0.06086448
5.6122474  -0.2480990   0.09902061   0.23212010   0.00216629   0.02297998
1.5341192  0.4472006   0.13789418   0.23689869  -0.00126834   0.03266534
3.5596870  0.3455078   0.11610708   0.23008955  -0.00312997   0.02670523
4.6972013  -0.7350671   0.20254059   0.25027132   0.00112678   0.05068883
0.5692912  0.2910897   0.10800320   0.23089431   0.00023925   0.02493727
3.8765315  -0.1232224   0.08583955   0.22655295  -0.00071261   0.01944669
2.5122709  1.2153724   0.26144305   0.26193109   0.00283377   0.06847203
1.5057975  -0.0556096   0.07815168   0.22210754  -0.00229515   0.01735281
3.4163130  0.5176932   0.15179075   0.23615865  -0.00362635   0.03583355
3.1353453  1.2649809   0.25793022   0.26446357  -0.00157844   0.06821066
2.1602696  -0.8393559   0.21457125   0.24258806  -0.00277684   0.05204471
3.7051477  -0.6214515   0.17974573   0.24149795   0.00059519   0.04340787
0.2100347  -0.9739506   0.23658547   0.25310320   0.00322810   0.05987012
2.0105757  -0.5378871   0.15217438   0.23109806  -0.00368748   0.03515361
2.8779964  0.5336015   0.15500192   0.24076681  -0.00132566   0.03731756
4.7300140  0.1253267   0.08181240   0.22199182   0.00274215   0.01815417
4.5775547  0.0864491   0.07958625   0.22170883   0.00203493   0.01764083
0.5686259  0.9817822   0.24559399   0.25428084  -0.00057750   0.06244951
5.9566573  0.6969561   0.18660933   0.24485834   0.00114283   0.04569154
3.3068294  0.5170443   0.15128154   0.23743376  -0.00347183   0.03590729
3.8240933  -1.1788618   0.26284146   0.26004958  -0.00094146   0.06835093
4.0890614  0.3780026   0.12131468   0.22527950  -0.00043693   0.02732952
3.9834717  -0.3609563   0.12131343   0.23248707  -0.00048155   0.02820357
1.4566167  0.1010268   0.08151653   0.22457108  -0.00176053   0.01830316
5.6982470  0.3799988   0.11792584   0.23300223   0.00356997   0.02746424
5.3665727  0.2044217   0.08973444   0.22723284   0.00420553   0.02037292
1.6043860  0.2671762   0.10185584   0.22975272  -0.00192885   0.02339794
5.6315204  -0.3580919   0.11885162   0.23481949   0.00148717   0.02790646
2.2306461  0.4725125   0.14470555   0.23751424  -0.00129036   0.03436796
3.7798221  0.1276064   0.08562802   0.22531849  -0.00169515   0.01929070
5.7149856  0.0305174   0.07755086   0.22934961   0.00324911   0.01777570
0.0183658  -0.2395674   0.09700315   0.23176681   0.00289960   0.02247370
4.6284528  -0.3892804   0.12520060   0.23437083   0.00117899   0.02934198
1.2530778  0.8195504   0.21879613   0.25399044   0.00108907   0.05557094
4.4604997  -1.0607372   0.25026280   0.26368800  -0.00092100   0.06599045
1.5255572  -0.5606513   0.15737498   0.22920918  -0.00215075   0.03606716
5.3503598  -0.4619160   0.14232989   0.23713358   0.00140585   0.03374922
0.5840643  0.4279167   0.13544400   0.23479739  -0.00014208   0.03180188
3.8495888  -0.0578188   0.08174039   0.22571856  -0.00092112   0.01844948
2.8526836  0.1292836   0.08353753   0.23104391  -0.00259334   0.01929411
5.6335324  0.3432926   0.11097852   0.23166081   0.00384783   0.02569457
6.1878070  -0.7640027   0.20328285   0.24866593   0.00157834   0.05054703
6.1109240  -0.8318230   0.21570547   0.25165933   0.00065467   0.05428387
1.9818334  0.6741519   0.19128498   0.24524733  -0.00162381   0.04690950
4.2289809  -0.2955795   0.10785908   0.23028551  -0.00014313   0.02483836
2.4292234  -1.0701287   0.24537756   0.25373352  -0.00282225   0.06225254
1.2532878  -0.2941782   0.10399817   0.22246996  -0.00130868   0.02313476
4.1505396  -0.4109726   0.13126667   0.23451681  -0.00056056   0.03078393
1.1915012  -0.1663498   0.08680698   0.22164461  -0.00092196   0.01923945
1.2211830  -0.5875179   0.16468608   0.23008189  -0.00116243   0.03788993
1.5965637  1.2876453   0.26267123   0.26797432  -0.00216857   0.07038444
5.5074155  -1.0070975   0.24718641   0.25590631  -0.00151787   0.06325426
4.3024118  1.0360381   0.24121663   0.24984592   0.00142628   0.06026496
2.7724587  0.2054769   0.09202511   0.23209421  -0.00238625   0.02135280
4.3755013  0.6786449   0.18421045   0.23362556   0.00120314   0.04303482
2.9032754  0.6338379   0.17717060   0.24430257  -0.00099532   0.04328224
3.0914791  0.4095976   0.12760638   0.23606373  -0.00275335   0.03011566
0.5662533  -0.3817933   0.12333647   0.22908206   0.00269037   0.02824694
4.0937373  -0.2435848   0.09975180   0.22867110  -0.00033543   0.02281024
4.6288316  -0.2064367   0.09258856   0.22753386   0.00162861   0.02106438
4.6375457  -0.0073192   0.07751682   0.22284734   0.00213506   0.01726986
1.1004513  0.2925886   0.10726847   0.23018323   0.00010168   0.02469139
0.3843930  0.5377335   0.15904534   0.23875332  -0.00118369   0.03797120
1.4122990  0.9323239   0.23596041   0.25923309  -0.00004593   0.06116874
4.5855997  -0.9487405   0.23812778   0.25984976   0.00033825   0.06187733
1.2412026  -0.9523947   0.23109351   0.24613078  -0.00123774   0.05687769
0.8022072  -0.9515500   0.23453690   0.24578612   0.00029516   0.05764583
1.0903241  -0.2288699   0.09492537   0.22232215  -0.00040376   0.02110385
0.3937268  0.3049034   0.10961348   0.23189300  -0.00000126   0.02541860
0.5470245  0.1003626   0.08407352   0.22729342   0.00101464   0.01910833
5.4504638  -0.5531555   0.16314834   0.24034755   0.00062815   0.03921191
2.3762195  0.0528329   0.07906250   0.22868754  -0.00326003   0.01806998
5.8304031  0.6855442   0.18386251   0.24339464   0.00225666   0.04474606
5.8363468  -0.6611092   0.18459636   0.24521421  -0.00027494   0.04526557
1.7628814  -0.6104634   0.16821542   0.23171821  -0.00259957   0.03897182
5.3108540  0.4254013   0.12757172   0.22990240   0.00425580   0.02931093
5.8668982  -0.9949722   0.24109989   0.25741461  -0.00196190   0.06205879
0.3205936  0.1123049   0.08410286   0.22882186   0.00116848   0.01924321
2.0331327  -0.3424778   0.11121883   0.22691016  -0.00414343   0.02521951
2.4023288  -0.3160456   0.10618459   0.23031597  -0.00410691   0.02443914
5.0993101  0.0385448   0.07787263   0.22484194   0.00362987   0.01749586
0.6919105  0.7469810   0.20747820   0.24655785   0.00030070   0.05115529
1.2490095  0.4513277   0.13919115   0.23679169   0.00005690   0.03295930
2.6322540  -0.3331976   0.10910124   0.23261768  -0.00324625   0.02536834
3.6804393  -0.9556701   0.24210003   0.25338560   0.00090290   0.06134385
4.9878642  0.1056665   0.08048092   0.22361742   0.00356269   0.01798424
5.4783666  -0.4016804   0.12857707   0.23555040   0.00141083   0.03028439
2.5259509  0.2808841   0.10423672   0.23303200  -0.00194547   0.02428671
0.2413522  0.8482730   0.22222552   0.25036329  -0.00273649   0.05562962
5.7826396  1.2792639   0.25845534   0.26254275   0.00247043   0.06784947
2.5647955  0.0149944   0.07765786   0.22945122  -0.00313656   0.01780885
5.7285020  0.7112583   0.18920447   0.24320504   0.00291823   0.04600696
0.2789412  -0.6317783   0.17698693   0.23978107   0.00367187   0.04242463
2.7073587  -0.8961072   0.22270769   0.25136155  -0.00181601   0.05597685
1.2619708  0.8220348   0.21919601   0.25414839   0.00103637   0.05570724
1.5283752  -1.1784956   0.25132328   0.25652796   0.00050922   0.06447119
6.1843857  -0.4803052   0.14276156   0.23845518   0.00240855   0.03403643
5.8127002  0.7864045   0.20397709   0.24689294   0.00222814   0.05035554
1.3927005  1.0644580   0.25044203   0.26396656   0.00015559   0.06610830
2.8629571  0.3807485   0.12188336   0.23602821  -0.00193512   0.02876417
2.7067341  -0.0479929   0.07782292   0.22989245  -0.00298140   0.01788201
2.7681365  -0.5925619   0.16388576   0.24080709  -0.00182029   0.03946154
0.0031517  0.6357397   0.17650528   0.24330613  -0.00131813   0.04294308
4.3191713  0.7399248   0.19696929   0.23626365   0.00106073   0.04653556
3.9386721  -0.0664289   0.08193738   0.22529551  -0.00070142   0.01845963
2.3922761  0.8645641   0.22716574   0.25144312   0.00122199   0.05711777
2.6995528  0.1862597   0.08970655   0.23167445  -0.00242158   0.02077685
4.9684580  0.3799466   0.11837682   0.22574243   0.00356874   0.02670994
0.3594601  0.7788678   0.21134701   0.24741043  -0.00212645   0.05228493
2.9002499  -0.0963642   0.08011004   0.23043428  -0.00242782   0.01845420
1.0529241  -0.3482799   0.11489169   0.22405365  -0.00020866   0.02574186
2.7743712  0.0113713   0.07748135   0.23012382  -0.00278615   0.01782254
4.1273003  0.5531031   0.15871118   0.22965455  -0.00009122   0.03644874
5.1082557  -0.0769838   0.08028395   0.22628658   0.00327299   0.01815647
0.4294841  -0.1371479   0.08629414   0.22730383   0.00233894   0.01960952
6.0282026  -0.7732754   0.20576380   0.24961430   0.00019636   0.05136155
2.6357330  1.2252535   0.26005033   0.26316935   0.00294788   0.06842858
1.5729438  -0.1352998   0.08261953   0.22190721  -0.00269207   0.01832662
5.6518449  0.6358460   0.17325948   0.23970957   0.00344021   0.04152012
4.6316171  1.2710585   0.25589699   0.26036683  -0.00057031   0.06662676
3.1836189  0.9954052   0.23844586   0.25608426  -0.00222911   0.06105726
0.1655401  -0.6195582   0.17393082   0.24082214   0.00345928   0.04187443
4.9517391  -1.2451800   0.26358771   0.26484394   0.00299650   0.06980063
4.9180510  0.0010525   0.07744540   0.22395672   0.00315090   0.01733449
5.7067858  -0.3186204   0.11085943   0.23404562   0.00171806   0.02594321
2.6302676  0.0361072   0.07808854   0.22983451  -0.00296938   0.01793862
0.2174945  0.6407819   0.18052517   0.24285926  -0.00195208   0.04383840
3.5980331  0.9244651   0.23129998   0.24774055  -0.00300866   0.05729333
0.2112704  -0.5978992   0.16934215   0.23951510   0.00358493   0.04054715
4.7807768  0.4632989   0.13576905   0.22655335   0.00276803   0.03075127
3.6996584  -0.7140725   0.20015508   0.24490185   0.00071960   0.04901783
4.6577577  0.0303817   0.07755813   0.22240120   0.00229424   0.01724376
2.6871477  -0.5093329   0.14523420   0.23751292  -0.00263257   0.03448807
1.5589260  -0.7768707   0.20240392   0.23799123  -0.00136344   0.04816850
4.7869963  -0.0963019   0.08110715   0.22499053   0.00250655   0.01824206
1.7482603  -0.6524474   0.17734827   0.23318423  -0.00234319   0.04134933
3.0169067  -0.6160608   0.17071828   0.24264497   0.00035998   0.04142380
2.7849958  -0.2148900   0.09091933   0.23139539  -0.00264650   0.02103131
3.6123053  0.4592128   0.13947505   0.23204251  -0.00321608   0.03235380
5.7522309  -0.6832385   0.19015561   0.24577254  -0.00062720   0.04673463
3.5009024  1.1828633   0.25617516   0.25753996  -0.00291177   0.06596686
4.4189905  -0.4602562   0.14111400   0.23725548   0.00003583   0.03348007
4.6274333  -0.6607628   0.18665923   0.24693471   0.00073374   0.04609211
1.6006983  -0.0671126   0.07845286   0.22234924  -0.00270295   0.01743663
3.6284485  -0.5826551   0.17032415   0.24011676   0.00093857   0.04089680
4.8056884  1.1741340   0.25177020   0.25569093  -0.00109817   0.06437415
3.8008636  0.3758546   0.12206475   0.22790265  -0.00221020   0.02781399
4.3884271  0.8195252   0.21110801   0.23985296   0.00121904   0.05063340
4.2436284  1.1105689   0.24835792   0.25291803   0.00164476   0.06281149
2.2254976  -0.9598817   0.23315357   0.24757211  -0.00247654   0.05771619
2.7437229  -0.5605075   0.15669712   0.23955859  -0.00209794   0.03753374
2.0239126  -1.4215429   0.26537961   0.26089439   0.00134162   0.06923425
2.0693835  -0.3456051   0.11179372   0.22732559  -0.00420388   0.02539590
2.8733021  -0.9843132   0.23527867   0.25601909  -0.00013680   0.06023581
1.6356267  0.7195979   0.19962910   0.24920782  -0.00153276   0.04974678
6.0543176  -1.3307229   0.26033375   0.26670337  -0.00094445   0.06943099
1.7482601  -0.5997538   0.16585030   0.23128191  -0.00260791   0.03835137
5.0913816  -0.6714734   0.19060649   0.24529661   0.00172511   0.04675215
4.6983023  0.1757632   0.08647504   0.22185366   0.00266618   0.01917769
4.5520482  -0.1137381   0.08257506   0.22480838   0.00153120   0.01856122
3.7192983  0.8635338   0.22237031   0.24403112  -0.00240394   0.05425950
3.6761467  0.5409145   0.15757941   0.23348539  -0.00303213   0.03678329
2.3217028  0.0232614   0.07813043   0.22808607  -0.00344695   0.01780858
2.2375293  -0.4653721   0.13600747   0.23157750  -0.00423711   0.03147832
3.7357713  -0.9529992   0.24207292   0.25344422   0.00033365   0.06135187
3.7243988  -0.8288301   0.22273181   0.24915048   0.00053103   0.05549346
5.8598598  -0.6612207   0.18441291   0.24527368  -0.00018805   0.04523160
4.2687055  0.9711950   0.23431879   0.24676676   0.00129938   0.05782040
1.7599441  1.0302376   0.24910529   0.26043016  -0.00248956   0.06486833
1.6445073  -0.4199588   0.12657198   0.22548138  -0.00288482   0.02853130
6.0682566  -0.4292886   0.13185342   0.23731703   0.00200169   0.03128705
4.9490518  -0.5095086   0.15284549   0.23919599   0.00196360   0.03655617
3.8501556  -0.3415337   0.11759473   0.23195143  -0.00032152   0.02727616
5.9416753  0.9567392   0.23148894   0.25449160   0.00091641   0.05891115
4.7469507  -0.7066697   0.19681440   0.24875855   0.00138710   0.04895734
5.2994602  -0.2266949   0.09628557   0.23029797   0.00264001   0.02216740
2.3850363  1.3021864   0.26616210   0.26247007   0.00212842   0.06985505
3.5308251  -0.2594105   0.10189151   0.23087959  -0.00025275   0.02352461
2.5453438  0.8361354   0.22066092   0.25105307   0.00157451   0.05539512
4.2253652  -0.6610458   0.18788511   0.24569191  -0.00127807   0.04616022
2.8685344  -0.8794401   0.22061557   0.25211242  -0.00026709   0.05561985
1.8017668  -0.3668829   0.11581980   0.22530732  -0.00351025   0.02608273
4.5755722  -0.5545916   0.16252810   0.24186553   0.00058282   0.03930960
3.0679822  0.6936981   0.18934292   0.24584456  -0.00197437   0.04654503
5.1921367  -0.6321762   0.18196677   0.24334376   0.00141503   0.04427847
1.9625046  -0.4912930   0.14183389   0.22940214  -0.00370539   0.03252327
1.5329710  -0.1653075   0.08542942   0.22175159  -0.00255760   0.01893757
1.3848586  0.2035913   0.09234253   0.22730954  -0.00120024   0.02098890
3.4563363  0.5694146   0.16341570   0.23724635  -0.00365970   0.03875638
2.1099724  1.5184310   0.26898435   0.26306382  -0.00090676   0.07075923
1.5676665  -0.1565421   0.08451548   0.22187120  -0.00269370   0.01874430
4.5659493  -0.2163385   0.09403001   0.22776286   0.00133788   0.02141475
6.1354750  -0.1878435   0.08975452   0.23162869   0.00263805   0.02078276
2.5473301  -0.1955389   0.08842248   0.22992212  -0.00360135   0.02031731
0.4390743  0.5619997   0.16515687   0.23946039  -0.00108825   0.03954735
4.7639402  0.3570314   0.11402579   0.22404851   0.00290545   0.02553887
2.6257192  0.0518289   0.07865959   0.22991899  -0.00293021   0.01807675
1.3009381  0.6025403   0.17378141   0.24397960   0.00025332   0.04239906
3.1539458  0.9609596   0.23429950   0.25518617  -0.00203304   0.05978586
4.7610275  0.7474050   0.19679524   0.23673464   0.00156309   0.04658581
2.9002258  1.1315322   0.25155845   0.26213247   0.00093795   0.06594076
2.7598319  -0.5862495   0.16246027   0.24053250  -0.00190450   0.03907335
5.5479085  -0.6561365   0.18610914   0.24414366  -0.00026116   0.04543730
1.9562379  0.2646839   0.10211669   0.23049724  -0.00259096   0.02353090
3.2173372  -0.6634620   0.18352556   0.24415873   0.00179972   0.04480613
1.4489917  0.5580203   0.16331942   0.24203373  -0.00065806   0.03952838
2.0722213  0.4244213   0.13396367   0.23573694  -0.00191299   0.03157653
4.6024640  -1.4858838   0.26333755   0.26943046   0.00082061   0.07095048
2.0284514  -1.0347870   0.24212652   0.24910240  -0.00085769   0.06031356
1.5444728  -0.9847409   0.23424530   0.24770688  -0.00032855   0.05802406
6.1150215  1.1944670   0.25420424   0.26312751  -0.00086719   0.06688738
1.8146624  -0.0898171   0.07954118   0.22344555  -0.00345079   0.01776121
4.1666322  0.2349699   0.09616385   0.22272128   0.00003752   0.02141774
3.8306830  1.1022979   0.25104719   0.25188223  -0.00063472   0.06323392
0.4569948  -0.6852380   0.18894781   0.23913880   0.00335917   0.04517347
0.6520284  0.7271009   0.20330763   0.24562937  -0.00001736   0.04993832
3.0821176  -0.2927218   0.10383563   0.23308943  -0.00093806   0.02420211
4.6950118  -1.2853288   0.26229870   0.26830834   0.00176348   0.07037382
4.6496201  -0.7488589   0.20520791   0.25106099   0.00082912   0.05151902
0.7345515  0.8578145   0.22807495   0.25096285   0.00083808   0.05723764
3.1494200  0.7454911   0.19966736   0.24714705  -0.00245042   0.04934120
5.8238466  1.1100111   0.24786751   0.25846249   0.00202524   0.06406035
1.7742750  -1.3963982   0.26228362   0.26235470   0.00246786   0.06880525
3.5247719  -0.1228768   0.08523706   0.22858419  -0.00104544   0.01948275
2.0275776  0.1564799   0.08710487   0.22811800  -0.00300864   0.01986114
1.1332148  -0.1865044   0.08932088   0.22189435  -0.00062468   0.01981941
5.1089347  -0.3744892   0.12302790   0.23396046   0.00222582   0.02877871
0.6023767  0.2355762   0.09906837   0.22943917   0.00045960   0.02272995
1.2844851  0.0290699   0.07846476   0.22299163  -0.00114367   0.01749568
2.2252886  0.7596499   0.20917250   0.24765033  -0.00018206   0.05180161
4.7587614  -0.3649504   0.12022944   0.23342592   0.00175111   0.02806160
5.9852732  0.1502888   0.08398759   0.23078623   0.00251456   0.01937686
1.1341629  -1.0715626   0.24480678   0.25135204  -0.00152450   0.06153036
1.2788817  0.3553557   0.11851268   0.23274162  -0.00034451   0.02758271
1.1460542  -0.0517469   0.07932969   0.22219630  -0.00060497   0.01762640
4.8335016  -0.1713744   0.08823456   0.22699997   0.00245592   0.02002321
2.0236007  -0.6400132   0.17486589   0.23436558  -0.00330167   0.04097164
3.8262838  -0.6749816   0.19220403   0.24377531  -0.00016858   0.04685457
3.5312284  0.2529955   0.10019626   0.22883408  -0.00289842   0.02291992
2.7866482  -0.1849796   0.08736253   0.23101738  -0.00268552   0.02017505
4.9539783  -0.4506220   0.13931035   0.23678683   0.00204841   0.03298266
3.8971307  -0.6705743   0.19126925   0.24392509  -0.00059583   0.04665501
3.6753239  0.8062258   0.21262632   0.24243805  -0.00282371   0.05154074
1.8992853  0.9586344   0.24191932   0.25655332  -0.00217260   0.06206049
0.3310296  0.0923549   0.08280061   0.22855358   0.00127727   0.01892274
5.0641975  0.2489997   0.09566518   0.22468314   0.00391788   0.02147900
6.1670678  0.5745432   0.16157256   0.24118100  -0.00023383   0.03896818
5.0832053  0.8867050   0.22212943   0.24308836   0.00144956   0.05399498
1.2282818  -0.7768007   0.20360976   0.23788941  -0.00119336   0.04843518
4.0129562  -0.9477217   0.24108380   0.25544494  -0.00202715   0.06157953
3.9275418  0.1234861   0.08497029   0.22401345  -0.00109608   0.01903329
5.3968902  -0.5228612   0.15629642   0.23923314   0.00096581   0.03739035
1.6098847  0.2528027   0.09950358   0.22927167  -0.00198349   0.02280942
0.4859481  0.1342540   0.08661206   0.22813350   0.00090625   0.01975829
4.0012384  -0.0966812   0.08349378   0.22545697  -0.00051120   0.01882399
3.4993195  0.1546450   0.08773332   0.22807345  -0.00255593   0.02000311
1.0306035  -1.1699213   0.25323021   0.25498807  -0.00180971   0.06456741
2.3690856  1.2771741   0.26562226   0.26203179   0.00196686   0.06959761
1.9449171  0.2316059   0.09681871   0.22954044  -0.00270400   0.02221650
5.1834818  -0.5582378   0.16482329   0.24055609   0.00159409   0.03964671
4.4215258  -0.2266960   0.09586267   0.22798291   0.00069491   0.02185457
5.6428287  -1.2489616   0.26300365   0.26248118  -0.00283888   0.06902545
3.4215627  -0.3845021   0.12409359   0.23436867   0.00050578   0.02908339
5.4455756  -0.1612557   0.08762781   0.22970989   0.00281557   0.02012105
3.6954678  0.2495986   0.09990966   0.22704302  -0.00240550   0.02267800
5.7441271  -0.7445735   0.20293257   0.24798641  -0.00102748   0.05032346
5.4620491  0.0292236   0.07780567   0.22776622   0.00365389   0.01770815
1.7554106  -0.9046039   0.22418872   0.24368192  -0.00072397   0.05463021
2.7141130  -1.2452854   0.25652266   0.26264599  -0.00194521   0.06737086
5.8918275  -0.1953134   0.09074289   0.23190133   0.00240604   0.02103761
0.3451129  0.0077351   0.07999409   0.22787322   0.00174985   0.01822545
3.4495263  -1.0875757   0.25358659   0.25789583   0.00288610   0.06539059
3.7929421  -0.1034803   0.08437348   0.22669855  -0.00088082   0.01912657
3.2005589  -1.2269515   0.25840986   0.26329675   0.00289783   0.06803008
3.5491819  1.1271004   0.25267723   0.25524884  -0.00280668   0.06448769
3.9095442  0.2698735   0.10267490   0.22508933  -0.00144639   0.02310893
5.2792007  0.0846667   0.07951620   0.22610943   0.00392141   0.01796399
1.6420089  0.0255393   0.07775225   0.22363673  -0.00266760   0.01738114
3.8395249  -0.0414879   0.08116300   0.22559150  -0.00098823   0.01830871
4.4931755  -0.6242483   0.17858726   0.24513631  -0.00002394   0.04377822
3.4318338  -1.4540057   0.26672348   0.26456118   0.00293154   0.07055608
4.8400313  0.5356265   0.15161435   0.22893278   0.00272974   0.03470204
1.6553545  -0.3665006   0.11580775   0.22438844  -0.00301349   0.02597684
4.4545553  0.1431419   0.08399979   0.22142875   0.00151971   0.01859766
1.3870701  -0.9461410   0.22956790   0.24598530  -0.00093087   0.05646946
1.5391809  -0.6235939   0.17118956   0.23153891  -0.00198255   0.03963311
2.7336336  0.5526844   0.16011597   0.24141078  -0.00055333   0.03865342
2.5660347  -0.8291405   0.21182705   0.24719243  -0.00285428   0.05235390
4.3597775  0.4981846   0.14495526   0.22708997   0.00114976   0.03291656
5.2017771  -0.0151038   0.07797680   0.22610952   0.00356239   0.01761861
5.8558819  -1.0580243   0.24774872   0.25936660  -0.00225274   0.06425267
0.8052372  -0.9604875   0.23566812   0.24613275   0.00023447   0.05800559
2.9825723  -0.0948468   0.08029714   0.23042154  -0.00219359   0.01849738
3.2532515  0.0293241   0.07917964   0.22928511  -0.00222498   0.01814976
4.1311790  -0.3798838   0.12471575   0.23328424  -0.00050570   0.02909396
3.8435571  1.0099324   0.24206948   0.24846727  -0.00089843   0.06014554
0.0800247  0.7495927   0.20151426   0.24736653  -0.00220985   0.04984300
5.4161728  0.6428095   0.17525439   0.23703523   0.00384835   0.04152665
4.3578007  1.0952806   0.24615572   0.25272697   0.00139590   0.06220824
5.7660614  0.3907191   0.12004565   0.23381327   0.00322253   0.02805788
1.4315373  0.2763236   0.10340935   0.22984397  -0.00121438   0.02376654
3.4580235  -0.1907861   0.09179938   0.22992826  -0.00068912   0.02110680
2.0838740  0.4544457   0.14072481   0.23676755  -0.00178017   0.03331590
2.0998306  1.5158537   0.26896682   0.26311970  -0.00102859   0.07076941
1.4829182  -0.7923180   0.20531808   0.23867235  -0.00128473   0.04900210
4.2619459  -0.2496875   0.09997961   0.22872481   0.00005254   0.02286781
0.7164035  -0.7943145   0.21029991   0.24011010   0.00153486   0.05049278
1.8011267  0.9766776   0.24349733   0.25822413  -0.00239004   0.06287117
3.3900066  -0.0713487   0.08122402   0.22885203  -0.00150313   0.01858602
5.3922061  0.1696506   0.08586178   0.22725755   0.00412644   0.01949571
0.2499832  0.0929857   0.08240604   0.22902498   0.00136981   0.01887117
2.8219276  -0.9417607   0.22955352   0.25412208  -0.00069854   0.05833413
3.5972874  0.1376853   0.08639423   0.22706197  -0.00228166   0.01961164
0.0532997  -0.8791418   0.22298703   0.25173861   0.00251408   0.05612812
3.4763927  -0.3589190   0.11939993   0.23347911   0.00034141   0.02787727
5.9846236  -0.9043355   0.22801101   0.25456303  -0.00076302   0.05804259
0.9781484  0.7629461   0.20984474   0.24935439   0.00170170   0.05232281
3.5151614  0.4948684   0.14705808   0.23424016  -0.00352651   0.03443447
2.3846157  -0.6006945   0.16574916   0.23705533  -0.00388586   0.03927662
1.0025569  0.4102356   0.13113342   0.23447362   0.00056466   0.03074701
2.6881497  0.4899054   0.14620596   0.23923662  -0.00080630   0.03497717
2.9692095  0.3981417   0.12524675   0.23629376  -0.00227797   0.02958984
3.1556901  -0.3680839   0.11822430   0.23474881  -0.00017453   0.02775298
3.3526886  -0.0740712   0.08114687   0.22908057  -0.00153647   0.01858681
0.1486755  -0.3577473   0.11763427   0.23321064   0.00329187   0.02742273
5.5586855  0.5492290   0.15421993   0.23590365   0.00390668   0.03636578
3.5151230  -0.2430075   0.09926346   0.23061074  -0.00034711   0.02289110
0.2524840  0.3501560   0.11696843   0.23356512  -0.00027981   0.02731967
4.4859223  -0.9030906   0.23194820   0.25796232  -0.00054285   0.05983360
2.0842431  -0.0351407   0.07792028   0.22587331  -0.00374648   0.01758608
3.4436484  0.5676582   0.16298196   0.23735724  -0.00366264   0.03867153
0.7891497  -0.3535598   0.11733578   0.22614226   0.00142491   0.02653255
3.9153307  0.0767122   0.08204729   0.22417618  -0.00105152   0.01839194
4.7896225  0.8930813   0.22211812   0.24326128   0.00071952   0.05403222
1.9059130  -1.3060060   0.26067063   0.25870097   0.00165757   0.06743300
4.1564470  0.8266569   0.21412878   0.24015690   0.00060881   0.05142413
3.7558078  1.2582557   0.26100862   0.25709215  -0.00076325   0.06710268
4.4739061  0.7613388   0.20010622   0.23721476   0.00132887   0.04746638
3.3397406  0.3879543   0.12376294   0.23345928  -0.00340361   0.02888202
5.4732303  0.3213660   0.10719987   0.22969364   0.00424191   0.02460513
1.4450056  -0.2084409   0.09052617   0.22165841  -0.00220334   0.02006103
0.7969811  -0.6165652   0.17386201   0.23301798   0.00130825   0.04051126
5.1076191  -0.4501553   0.13960691   0.23662573   0.00201634   0.03303052
5.4160196  -0.8342406   0.22295105   0.25024104  -0.00036509   0.05579137
0.6285897  -0.6176409   0.17457920   0.23471445   0.00248943   0.04097006
2.4595310  -0.5558123   0.15561531   0.23659556  -0.00376967   0.03680368
2.0458431  0.2135431   0.09431575   0.22948787  -0.00277547   0.02163662
6.0699518  -1.3316588   0.26026580   0.26672927  -0.00076344   0.06941992
0.2337756  -0.7482046   0.20081605   0.24453431   0.00355616   0.04909377
3.3911168  1.0986903   0.24947034   0.25666317  -0.00315977   0.06401986
5.0406288  -0.0156858   0.07780601   0.22495666   0.00337888   0.01749156
2.3266506  0.9309864   0.23791185   0.25348863   0.00102149   0.06030691
4.6879335  -0.3883852   0.12503769   0.23436220   0.00143483   0.02930205
3.2379453  0.9285086   0.23023714   0.25304556  -0.00273461   0.05825301
0.1788486  0.9843243   0.24095052   0.25545940  -0.00310434   0.06154344
6.1577831  0.8225379   0.21240728   0.25044635  -0.00109705   0.05319542
4.4129550  0.7244309   0.19329272   0.23556353   0.00128075   0.04553108
4.7487478  0.6109564   0.16834092   0.23120457   0.00218395   0.03891642
5.8041539  -0.0384652   0.07813184   0.22995980   0.00291520   0.01795868
1.8401344  -0.2786502   0.10015693   0.22428560  -0.00370160   0.02245006
4.1818027  1.1194179   0.24964398   0.25299132   0.00164169   0.06315506
3.0229829  0.4548057   0.13720588   0.23775420  -0.00237152   0.03261565
5.3860656  -0.9757728   0.24443048   0.25486252  -0.00042509   0.06229599
1.2419100  -1.0326822   0.24026045   0.24992812  -0.00126945   0.06004623
4.0997054  -0.2534495   0.10127620   0.22895898  -0.00033606   0.02318798
5.7251343  -0.4508981   0.13812666   0.23776464   0.00089057   0.03284084
3.8194899  0.4954385   0.14736731   0.23050891  -0.00220496   0.03396462
4.1360942  1.0087643   0.23987563   0.24812494   0.00111609   0.05951788
2.5346371  0.4574478   0.13988215   0.23782720  -0.00082901   0.03326709
4.6964823  -0.1559565   0.08640450   0.22618061   0.00202704   0.01953891
0.9363891  0.2299642   0.09775669   0.22830002   0.00034911   0.02231773
5.0949810  -0.5349472   0.15921703   0.23985523   0.00185716   0.03818559
1.2610303  -0.8041692   0.20834145   0.23914944  -0.00123358   0.04982322
5.5345956  1.5162220   0.26695302   0.26323438   0.00228922   0.07026597
5.3288095  -0.6366372   0.18287089   0.24323353   0.00077814   0.04447973
2.4093794  -0.1286105   0.08210023   0.22843400  -0.00383349   0.01873979
3.7326171  0.3317065   0.11367659   0.22784519  -0.00247177   0.02589456
4.7133107  -0.6683425   0.18847553   0.24710120   0.00121506   0.04657105
1.4911313  -0.8821033   0.22031309   0.24288471  -0.00091837   0.05350984
3.2740991  -0.8047557   0.21283269   0.24924275   0.00257934   0.05304035
0.0077305  0.3489636   0.11446635   0.23427734   0.00031879   0.02681677
4.5604194  0.9407679   0.22877644   0.24572498   0.00085989   0.05621535
4.3403919  -0.5375981   0.15916416   0.24057662  -0.00052150   0.03829090
1.0790292  0.9084301   0.23415452   0.25633126   0.00217545   0.06001639
4.9990100  0.7453829   0.19673292   0.23716119   0.00211372   0.04665295
5.5170158  -0.6960234   0.19505762   0.24548654  -0.00036717   0.04788388
5.3986295  -0.3317885   0.11439876   0.23332483   0.00196015   0.02668823
3.6879208  0.6237940   0.17594586   0.23590641  -0.00297422   0.04149791
3.4467726  -0.0116427   0.07985076   0.22816318  -0.00178058   0.01821583
1.8307762  -0.5468409   0.15412310   0.22998764  -0.00309780   0.03543681
0.3498645  0.0038420   0.07999633   0.22782581   0.00176507   0.01822211
2.5070361  -0.3000108   0.10334810   0.23101608  -0.00379455   0.02386067
5.1476836  0.4857793   0.14062299   0.22965230   0.00384029   0.03227964
0.8821987  0.1078327   0.08421116   0.22555815   0.00044818   0.01899431
2.4902363  -0.0843669   0.07927641   0.22888336  -0.00356171   0.01813236
5.1949236  0.7327743   0.19445989   0.23781359   0.00292685   0.04623664
1.3875351  -1.0989127   0.24560949   0.25323454  -0.00059095   0.06219646
3.5503113  0.5895182   0.16816400   0.23662205  -0.00352709   0.03977887
6.1397865  1.5308130   0.26254889   0.26851964  -0.00048381   0.07049930
4.3821346  0.2722974   0.10049699   0.22221960   0.00123516   0.02233087
5.8277503  0.6495682   0.17618476   0.24209601   0.00234685   0.04264812
5.1417398  -1.0551523   0.25322583   0.25846347   0.00179461   0.06544641
2.3278211  -0.0716166   0.07887723   0.22771308  -0.00379197   0.01794700
5.4099265  0.5511090   0.15490708   0.23418868   0.00408288   0.03626081
1.6456366  -0.0508647   0.07790071   0.22269300  -0.00284229   0.01733986
1.9339053  -0.3231917   0.10770810   0.22566958  -0.00393770   0.02429094
1.2957493  0.0999151   0.08183907   0.22441149  -0.00105681   0.01836451
0.5381702  1.2704347   0.26634702   0.26119143  -0.00073466   0.06956702
6.2707002  -0.0818109   0.08066396   0.23005682   0.00252029   0.01855094
0.7500812  -0.2069244   0.09370369   0.22464982   0.00142760   0.02104848
1.2884103  0.3635169   0.12014073   0.23308946  -0.00036089   0.02800341
6.0263053  -0.6053690   0.17101149   0.24329083   0.00101418   0.04160450
6.2561321  0.3849210   0.12120050   0.23525421   0.00025618   0.02851286
3.7549166  0.0052600   0.08053438   0.22579005  -0.00133706   0.01818207
3.6671989  -1.0063160   0.24817988   0.25495425   0.00101919   0.06327348
3.6611691  -0.1715032   0.09048184   0.22854269  -0.00071071   0.02067846
1.3145600  0.4876015   0.14723654   0.23857392  -0.00012625   0.03512678
2.6444356  -0.8074987   0.20786697   0.24737133  -0.00239822   0.05141458
4.3594265  0.0890663   0.08055799   0.22173476   0.00099153   0.01786152
1.4861577  1.0321276   0.24759863   0.26276487  -0.00078664   0.06505960
2.3520143  -1.1746539   0.25448704   0.25598088  -0.00238690   0.06513812
0.2890144  -0.9824247   0.23803920   0.25221875   0.00334055   0.06002679
4.8458109  -0.3052662   0.10872186   0.23124713   0.00214547   0.02513701
3.0905392  -0.3623311   0.11652984   0.23469643  -0.00050471   0.02734888
3.8079291  -1.2383754   0.26555306   0.26106757  -0.00081704   0.06932662
0.2047547  0.4990840   0.14824775   0.23804627  -0.00117143   0.03528845
0.3381839  -0.5902256   0.16810423   0.23760128   0.00365242   0.03992844
0.6740642  0.5765160   0.16979781   0.24001263   0.00006003   0.04075361
3.5138270  -1.2932912   0.26548859   0.26211274   0.00246704   0.06958186
0.6381321  -1.3640897   0.26483133   0.25959876   0.00015567   0.06874986
2.2833756  -0.7297901   0.19364424   0.24002764  -0.00358003   0.04646715
0.7542032  0.2281889   0.09799932   0.22871223   0.00050552   0.02241339
2.9318432  0.6403326   0.17844710   0.24447627  -0.00116071   0.04362473
4.0915975  0.7057941   0.19189663   0.23531650  -0.00006336   0.04515644
0.4433016  0.8389049   0.22336383   0.24939573  -0.00171415   0.05570305
0.0660004  0.0191806   0.07871745   0.22952811   0.00204520   0.01806368
3.2069819  0.1088905   0.08269829   0.22987401  -0.00258709   0.01900349
6.2203050  -0.9162326   0.22839032   0.25422570   0.00143223   0.05806064
2.0161146  -0.5489001   0.15463421   0.23146351  -0.00366358   0.03577875
1.6009446  0.9397932   0.23746787   0.25880545  -0.00160942   0.06145539
6.1795963  0.6982749   0.18864681   0.24570639  -0.00087262   0.04635097
0.0227413  0.5307542   0.15323479   0.23958936  -0.00084950   0.03671271
0.0415703  0.3054721   0.10681878   0.23318456   0.00046160   0.02490828
0.1440396  0.4547452   0.13767092   0.23685773  -0.00080279   0.03260778
4.7544643  -0.8133852   0.21774504   0.25352678   0.00150318   0.05520194
1.2789037  0.2617111   0.10129995   0.22917427  -0.00060049   0.02321498
4.6018609  -0.8665105   0.22630860   0.25645575   0.00047011   0.05803792
5.6516473  -0.2738078   0.10308833   0.23282045   0.00199306   0.02399710
0.3477933  0.1156272   0.08449313   0.22870272   0.00112076   0.01932255
0.8586381  -0.3308486   0.11276528   0.22512570   0.00098196   0.02538540
5.7026419  0.2532540   0.09598485   0.23072180   0.00358711   0.02213293
5.1484619  1.2058262   0.25640085   0.25515106  -0.00040907   0.06542078
3.0765509  1.3792622   0.26103583   0.26699957  -0.00101586   0.06969542
5.3498284  -0.2479238   0.09953574   0.23101161   0.00247723   0.02298778
1.3609218  0.9180011   0.23404144   0.25860903   0.00041218   0.06052506
4.0184921  1.1653567   0.25448075   0.25408113   0.00119382   0.06465733
5.7223478  0.1451286   0.08330363   0.22970335   0.00344297   0.01912327
3.1107035  -1.4076753   0.26225007   0.26713124   0.00197358   0.07005129
6.0535104  -0.1888582   0.08981390   0.23180073   0.00255026   0.02081242
6.2831714  0.5324521   0.15335910   0.23968777  -0.00074616   0.03675774
4.9237007  -1.3182617   0.26519376   0.26610652   0.00310365   0.07056016
2.9522076  0.1859720   0.08948612   0.23169440  -0.00259417   0.02072670
0.2985485  -0.4154529   0.12973386   0.23304380   0.00348160   0.03022155
3.4556079  0.4822267   0.14409892   0.23463592  -0.00358112   0.03379796
3.1298322  -0.3966908   0.12372879   0.23555189  -0.00011352   0.02914454
1.2230908  1.3784985   0.26377657   0.26892838   0.00202002   0.07093293
3.7631266  -0.5568188   0.16507557   0.23920159   0.00020300   0.03948630
2.1537629  -1.0564934   0.24469766   0.25042644  -0.00157084   0.06127630
2.2198273  -0.7429585   0.19641700   0.23974910  -0.00341824   0.04707912
2.8045294  0.4410444   0.13477445   0.23781158  -0.00145416   0.03204881
1.4977885  -0.1395309   0.08309661   0.22164233  -0.00237977   0.01841206
0.0417089  0.1892056   0.08970490   0.23104221   0.00117348   0.02072424
3.7687360  -0.5160180   0.15560469   0.23774894   0.00013517   0.03699483
0.8091342  -0.2059797   0.09337758   0.22411014   0.00112901   0.02092559
3.4492474  0.5093123   0.15004684   0.23549849  -0.00361629   0.03532273
2.9237050  -0.9723448   0.23412395   0.25584179   0.00040503   0.05989853
1.2062575  0.0825024   0.08104317   0.22408481  -0.00070097   0.01816005
5.1983627  0.6462698   0.17623296   0.23485658   0.00337931   0.04137805
5.6306169  0.9907044   0.23629108   0.25189829   0.00291856   0.05951280
3.0979691  -1.1041720   0.24940377   0.26042858   0.00219748   0.06494704
3.9208361  0.1049634   0.08365237   0.22407492  -0.00108789   0.01874321
3.1652396  -0.4371507   0.13255885   0.23664041   0.00029310   0.03136870
3.8419858  0.2116278   0.09444154   0.22515880  -0.00167529   0.02126154
0.7253548  0.2148097   0.09612856   0.22848764   0.00053360   0.02196390
5.0763373  -0.5230426   0.15638581   0.23943336   0.00190614   0.03744035
4.6926769  -0.3035293   0.10819229   0.23099139   0.00164364   0.02498879
0.7932303  1.1538055   0.26105240   0.26050675   0.00202500   0.06800181
1.9677793  0.5893815   0.17197230   0.24195108  -0.00174617   0.04160584
2.2831200  0.3022009   0.10875244   0.23263848  -0.00207854   0.02529568
0.5092657  -0.9734760   0.23790084   0.24883245   0.00258348   0.05919077
5.2916373  0.8052217   0.20846722   0.24124935   0.00291199   0.05028410
0.9606529  -1.1661226   0.25371382   0.25445932  -0.00161983   0.06455722
0.5191558  0.0252961   0.08072793   0.22671086   0.00139588   0.01829995
6.2349386  0.9044127   0.22664309   0.25353873  -0.00195317   0.05745898
2.2275370  -0.5716928   0.15957560   0.23431061  -0.00401399   0.03737414
1.7635262  -0.3348128   0.10978337   0.22447990  -0.00342671   0.02463242
3.3929576  -0.0602113   0.08075630   0.22875789  -0.00156603   0.01847119
3.6131778  0.9171209   0.23031215   0.24727629  -0.00294627   0.05694205
2.7017084  -0.7396628   0.19497028   0.24548730  -0.00205639   0.04785850
5.9227070  -0.2976541   0.10629036   0.23394734   0.00205653   0.02486212
6.1146315  -1.1324216   0.25113186   0.26205835  -0.00014028   0.06581118
0.4441674  0.6504896   0.18540297   0.24258497  -0.00133864   0.04497418
5.2225219  0.2630469   0.09778370   0.22632767   0.00421287   0.02211341
2.4523893  0.2786610   0.10411036   0.23271936  -0.00200151   0.02422449
2.9218196  0.2551628   0.09903880   0.23295437  -0.00246371   0.02306545
1.2533588  -0.3337215   0.11095127   0.22307406  -0.00131790   0.02474861
2.9175938  -0.6804460   0.18377545   0.24478127  -0.00023832   0.04498473
0.8317012  -1.1520931   0.25397930   0.25348243  -0.00082054   0.06437862
1.0869592  -0.3053934   0.10689748   0.22318488  -0.00039999   0.02385774
2.2743301  -0.6820280   0.18371607   0.23830809  -0.00372805   0.04376713
2.4062693  0.1656331   0.08794972   0.23030421  -0.00268117   0.02024800
4.1558969  0.8829379   0.22322014   0.24262255   0.00076873   0.05415765
3.6269630  -0.6492232   0.18548563   0.24250056   0.00110751   0.04497914
1.5420699  0.6811611   0.19119471   0.24779248  -0.00105174   0.04737551
2.6688891  -0.5187272   0.14728381   0.23764350  -0.00273794   0.03499354
3.7971705  0.0913499   0.08307844   0.22513238  -0.00151761   0.01870134
2.1881891  1.0177730   0.24957195   0.25620842  -0.00007043   0.06394243
5.6140509  0.3950199   0.12096899   0.23254025   0.00389844   0.02811496
3.5834910  0.7734765   0.20643824   0.24246722  -0.00333377   0.05004339
0.6141730  -0.7818906   0.20822164   0.24061470   0.00234065   0.05009571
0.2922035  -0.2782780   0.10389134   0.23022154   0.00312817   0.02390824
3.4398750  0.6573220   0.18254542   0.24039218  -0.00367456   0.04386899
4.4125139  1.0116052   0.23787798   0.24900422   0.00118473   0.05923122
2.6334993  0.4808993   0.14452487   0.23882981  -0.00075156   0.03451628
6.0237744  0.3965789   0.12188577   0.23539008   0.00158237   0.02868820
0.4392038  -0.8585222   0.22130024   0.24558625   0.00321610   0.05433795
4.4638464  0.1254275   0.08249126   0.22145227   0.00154691   0.01826548
4.5278096  0.5331235   0.15174747   0.22809654   0.00179411   0.03460985
3.6524874  -1.1350366   0.25960404   0.25847313   0.00111901   0.06709942
4.3113117  -0.7551941   0.20717445   0.25057688  -0.00135281   0.05191130
1.6493192  -1.2037920   0.25345638   0.25696874   0.00122305   0.06512887
0.9493131  0.3284366   0.11453718   0.23139426   0.00044389   0.02650305
2.1851060  -0.2486346   0.09562317   0.22722797  -0.00427183   0.02171001
0.7131181  0.2295830   0.09824271   0.22888169   0.00050658   0.02248570
3.9460228  0.5358072   0.15591456   0.23039581  -0.00134265   0.03592026
5.8081033  -0.8152058   0.21554047   0.25082377  -0.00131589   0.05406094
2.9952516  -0.5568182   0.15732870   0.24053738  -0.00007460   0.03784343
4.9896712  -0.5869744   0.17105150   0.24230178   0.00191249   0.04144243
1.3384077  1.0007669   0.24436596   0.26172891   0.00068645   0.06395717
3.8658089  -0.2960104   0.10905677   0.23059542  -0.00040101   0.02514783
1.9858346  -0.3427761   0.11127426   0.22645493  -0.00404667   0.02518223
3.8104226  -0.9902397   0.24694815   0.25499836  -0.00049541   0.06297113
3.0081471  0.1666706   0.08734986   0.23129283  -0.00264699   0.02019639
2.3938247  -0.1618268   0.08497573   0.22847624  -0.00393665   0.01939944
5.1429669  1.1247482   0.25059119   0.25237834   0.00007112   0.06324378
4.3523070  0.4111278   0.12635535   0.22474763   0.00110829   0.02839684
5.6390075  0.7532553   0.19781789   0.24357606   0.00327855   0.04817295
5.0147467  -0.3295647   0.11372715   0.23232694   0.00235996   0.02641631
2.5534730  -0.6621900   0.17890875   0.24110724  -0.00318812   0.04312603
0.3548778  -0.7123479   0.19420478   0.24151972   0.00361707   0.04689120
2.8019667  -0.8210353   0.21053660   0.24943641  -0.00102136   0.05251445
0.8389419  0.2823829   0.10648357   0.22999112   0.00045520   0.02449007
0.2557015  -0.1475290   0.08669413   0.22889328   0.00265361   0.01983666
0.1013663  -0.2996417   0.10683737   0.23233418   0.00312233   0.02481222
6.2147405  0.6987509   0.18914993   0.24572736  -0.00114477   0.04647800
4.9837057  -0.9442710   0.23966391   0.25666964   0.00228460   0.06150923
2.6829936  0.1061788   0.08176141   0.23057044  -0.00270354   0.01884446
2.4004569  0.6645827   0.18802160   0.24442662   0.00028992   0.04595740
2.2741031  -1.3889346   0.26491863   0.26046085  -0.00136286   0.06899907
2.7801773  0.2069625   0.09221061   0.23212671  -0.00238741   0.02139885
6.1838037  -0.6204321   0.17379984   0.24327567   0.00201279   0.04227722
1.2691196  -0.5122692   0.14774531   0.22745059  -0.00137336   0.03360287
4.1035480  0.3668844   0.11903702   0.22496095  -0.00034615   0.02677856
1.5313199  -0.6289176   0.17235799   0.23172967  -0.00194726   0.03993667
5.4856244  0.8912483   0.22283918   0.24646431   0.00312649   0.05491213
4.9434755  0.2671802   0.09834881   0.22386131   0.00358817   0.02200362
0.2400254  -0.3042119   0.10809096   0.23120520   0.00323217   0.02498074
4.5278812  0.2575647   0.09753336   0.22196372   0.00195370   0.02164505
1.3068753  1.4955440   0.26336068   0.26927832   0.00106663   0.07091618
0.8467342  0.5569645   0.16516434   0.23983532   0.00076241   0.03961166
6.1318988  1.2916752   0.25861111   0.26548740  -0.00090571   0.06865717
4.3056920  0.0907685   0.08092315   0.22186479   0.00072628   0.01795347
1.5005041  0.3242596   0.11205855   0.23173130  -0.00138908   0.02596554
5.0619512  -1.3084420   0.26646352   0.26421079   0.00271810   0.07039515
0.8871100  -0.5303781   0.15427695   0.22956783   0.00077067   0.03541643
3.5613666  -1.0486944   0.25159049   0.25629658   0.00205945   0.06447754
1.7392364  -0.5091897   0.14574561   0.22832838  -0.00295159   0.03326915
0.0424740  1.0454786   0.24540220   0.25823346  -0.00278928   0.06336328
0.9749841  0.7920573   0.21545844   0.25055319   0.00180613   0.05398054
0.6917487  -0.3152731   0.11055414   0.22647676   0.00193518   0.02503420
2.7140819  -0.2944398   0.10247258   0.23237810  -0.00287108   0.02380414
1.7889722  -0.0441395   0.07780270   0.22357678  -0.00328624   0.01738408
3.8171319  -0.8853996   0.23252869   0.25155738  -0.00038070   0.05849416
2.6153862  -0.4158518   0.12513447   0.23434630  -0.00323920   0.02931431
1.5382075  1.1679788   0.25785238   0.26633918  -0.00146253   0.06867405
1.2234002  -0.6991673   0.18851291   0.23449053  -0.00117345   0.04420311
2.0360906  1.1525383   0.26094639   0.26049608  -0.00163295   0.06797285
5.9963980  -0.8166379   0.21386103   0.25128952  -0.00026302   0.05374097
3.8258058  -0.9574085   0.24288894   0.25405031  -0.00059181   0.06170566
2.4326316  -0.8778960   0.22042166   0.24715072  -0.00318723   0.05446721
2.9435564  0.4470412   0.13563092   0.23780802  -0.00201592   0.03225006
2.7206113  -0.6357075   0.17323592   0.24192140  -0.00210520   0.04190504
5.6739430  0.6419954   0.17456701   0.24017516   0.00332882   0.04191558
4.0497506  0.1802970   0.08987000   0.22316992  -0.00058301   0.02005594
0.7962301  -0.4943129   0.14673558   0.22928634   0.00142091   0.03364245
3.1366775  0.5823221   0.16539328   0.24125412  -0.00270945   0.03989447
1.5043695  -0.6669093   0.18054281   0.23320960  -0.00176442   0.04210120
2.0670892  0.5882423   0.17184815   0.24163392  -0.00143973   0.04152227
5.6274347  0.8404878   0.21400675   0.24653648   0.00315765   0.05275050
1.0642938  -1.4194942   0.26251552   0.26347724  -0.00259981   0.06916010
3.8515129  1.4682274   0.26697195   0.26159474   0.00094740   0.06983756
5.6892898  -0.2917380   0.10604591   0.23335010   0.00187715   0.02474230
2.2676659  0.3795973   0.12407551   0.23470333  -0.00167902   0.02911812
0.3371684  0.2416062   0.09882356   0.23075067   0.00036346   0.02280347
2.2625582  0.2149537   0.09451135   0.23052657  -0.00258121   0.02178071
6.0972910  0.7101793   0.19028747   0.24602252  -0.00020777   0.04681496
3.2185803  -0.5787258   0.16472310   0.24110737   0.00135433   0.03971412
3.3030602  -0.8452544   0.22043738   0.25061977   0.00276066   0.05523834
4.0897672  0.9666969   0.23536670   0.24624413   0.00074566   0.05795711
0.1983004  -0.4474507   0.13617353   0.23501709   0.00348770   0.03199094
0.4093758  0.0496207   0.08108196   0.22767442   0.00143144   0.01845824
3.8309479  0.0908638   0.08299966   0.22483993  -0.00139932   0.01865968
1.7919757  -1.2193035   0.25550386   0.25661704   0.00149041   0.06556442
2.6596208  0.3305674   0.11271892   0.23457757  -0.00170810   0.02643841
2.9322123  -1.0886460   0.24645868   0.25987425   0.00049980   0.06404802
5.5430796  1.1249284   0.25047070   0.25509715   0.00267702   0.06388719
0.8692173  0.3175452   0.11274217   0.23104651   0.00046422   0.02604847
4.1772851  0.1736252   0.08844804   0.22231638   0.00009800   0.01966344
3.5655953  -1.2598724   0.26506281   0.26127326   0.00200923   0.06924979
3.0143069  -0.5675930   0.15991086   0.24092864   0.00011847   0.03852709
0.4272495  0.8498201   0.22506256   0.24980156  -0.00184778   0.05621757
4.9656896  0.1220741   0.08157744   0.22340995   0.00353393   0.01821272
2.2934080  -1.2007612   0.25645348   0.25611812  -0.00196924   0.06567851
6.1748575  -0.0545596   0.07904617   0.23021658   0.00250147   0.01819148
5.1265002  0.9477689   0.23125684   0.24563934   0.00121686   0.05680430
1.1046913  0.2513624   0.10031454   0.22878723  -0.00000152   0.02295068
2.5517313  0.1823729   0.08957997   0.23119445  -0.00247012   0.02070429
5.6710813  1.1056409   0.24815500   0.25625932   0.00275393   0.06358445
2.4804710  -0.0919878   0.07967014   0.22883493  -0.00360152   0.01821834
0.7337587  -0.8371156   0.21774034   0.24161926   0.00126805   0.05260865
2.0679188  -0.2229823   0.09211062   0.22583474  -0.00416049   0.02078447
4.9544918  -0.8672851   0.22807088   0.25413185   0.00214891   0.05795546
2.1625282  1.2017267   0.26385698   0.26063707  -0.00033690   0.06877080
5.4670609  -0.3131095   0.11067992   0.23307550   0.00194980   0.02579298
1.8619926  -0.4261352   0.12779148   0.22698021  -0.00358515   0.02899328
5.5961014  0.4667820   0.13598990   0.23406923   0.00390332   0.03181582
3.9510562  0.0712628   0.08167800   0.22392124  -0.00090164   0.01828863
2.8717979  0.2499974   0.09827272   0.23291728  -0.00238190   0.02288374
6.2831251  -0.1366170   0.08470827   0.23044829   0.00267240   0.01951374
1.3234184  -0.5648808   0.15908062   0.22918205  -0.00154641   0.03645603
5.0492029  0.7217831   0.19208473   0.23647730   0.00243862   0.04541773
1.2627029  -0.0282100   0.07825372   0.22219132  -0.00113409   0.01738601
4.2086661  -0.5547074   0.16373987   0.24079418  -0.00092756   0.03942675
5.4087749  0.9563632   0.23260342   0.24787217   0.00267820   0.05764874
3.7498985  1.2367511   0.25999156   0.25652471  -0.00089828   0.06669345
1.7244851  0.5321970   0.15785387   0.24038260  -0.00181986   0.03794201
3.6448921  1.2235528   0.25919151   0.25694257  -0.00192691   0.06659362
3.1720723  1.2179741   0.25599501   0.26298654  -0.00192883   0.06731952
0.0052775  -0.4506812   0.13637219   0.23688717   0.00293737   0.03229620
2.4948564  -0.7736340   0.20178258   0.24426281  -0.00325018   0.04927742
5.3595348  -0.7592090   0.20911346   0.24764213   0.00023064   0.05178525
3.0410521  -0.8964420   0.22478487   0.25327548   0.00149235   0.05693027
5.3343607  -0.8491341   0.22592250   0.25085089   0.00020963   0.05667281
2.1483592  -0.7445566   0.19681604   0.23906505  -0.00320738   0.04704155
4.6529637  -1.1480203   0.25662118   0.26602638   0.00116687   0.06826664
2.5473045  -0.7489366   0.19686519   0.24406132  -0.00307142   0.04803774
3.3723907  -0.4052887   0.12794553   0.23512352   0.00061479   0.03008262
2.8170883  1.4406548   0.26281613   0.26773071   0.00188909   0.07036038
3.6712779  -1.0916772   0.25649408   0.25738472   0.00093035   0.06601679
6.0305168  0.2996104   0.10384311   0.23314084   0.00189506   0.02420648
2.5907557  0.6874080   0.19124506   0.24585891   0.00067806   0.04701884
1.4202690  0.4585971   0.14045359   0.23737918  -0.00071244   0.03334025
2.4615151  -0.3850722   0.11899819   0.23221475  -0.00393996   0.02761761
3.3669346  -0.3245550   0.11187129   0.23303336   0.00008991   0.02606973
4.0157932  0.4587516   0.13857430   0.22767898  -0.00090219   0.03154964
5.9905946  -0.7287908   0.19741334   0.24794050   0.00014052   0.04894674
2.4695890  -0.3563933   0.11344178   0.23170404  -0.00392206   0.02626954
0.5439715  -1.3615981   0.26474589   0.25991791   0.00117880   0.06881081
4.6728368  0.8230066   0.21068133   0.24009040   0.00114330   0.05058126
0.0774920  0.3144727   0.10871685   0.23329328   0.00028704   0.02536283
6.0234363  0.8075982   0.20855950   0.24944846   0.00024736   0.05202479
5.4882143  0.6558899   0.17795147   0.23833410   0.00380976   0.04239739
1.1289339  1.1841141   0.25967613   0.26546377   0.00265308   0.06892757
1.4812883  0.6863125   0.19221070   0.24816142  -0.00068481   0.04769881
5.6692835  -1.0233846   0.24697903   0.25716317  -0.00239097   0.06350819
4.6813136  -0.3856880   0.12446180   0.23424727   0.00141328   0.02915284
4.5188558  0.2673327   0.09906429   0.22205752   0.00191391   0.02199431
4.5967136  -0.1159225   0.08267536   0.22492893   0.00171885   0.01859313
5.7433391  -0.0526141   0.07872291   0.22983506   0.00296050   0.01808452
1.9810944  0.5833612   0.17060125   0.24167293  -0.00172124   0.04122674
3.7512484  1.0618154   0.24761653   0.25094905  -0.00151926   0.06213683
0.3312594  -0.5878681   0.16756099   0.23761943   0.00365768   0.03980237
4.7895111  -0.1701746   0.08804207   0.22682665   0.00232296   0.01996489
0.9612997  -0.2397287   0.09720737   0.22317071   0.00032606   0.02169373
2.2613825  -0.6194270   0.17014076   0.23614292  -0.00390782   0.04016226
2.0532620  -0.0193515   0.07773980   0.22573987  -0.00367593   0.01753546
2.7468341  -1.1422056   0.25024348   0.26018870  -0.00152165   0.06510821
6.1762758  0.3599637   0.11562903   0.23466568   0.00080800   0.02713351
5.0062916  -0.6586086   0.18745734   0.24522629   0.00188710   0.04596591
0.0226458  -0.7990462   0.20965160   0.24904090   0.00244302   0.05220586
4.8539762  -0.3060536   0.10888518   0.23128822   0.00216451   0.02517917
0.4193477  0.9826842   0.24437031   0.25428975  -0.00203600   0.06213672
2.0855815  0.0629083   0.07963871   0.22686583  -0.00339201   0.01805580
3.4165175  0.0273295   0.07991096   0.22828196  -0.00203613   0.01823808
3.1394955  0.5590370   0.16023377   0.24042434  -0.00276625   0.03851644
3.6805039  0.3101477   0.10979404   0.22806877  -0.00264016   0.02503362
6.1820771  0.9104403   0.22685951   0.25379863  -0.00151350   0.05757434
1.1722143  -0.0096797   0.07851844   0.22258042  -0.00068454   0.01747620
5.5735709  0.3333123   0.10921507   0.23090409   0.00403627   0.02520191
4.1440148  -0.0998175   0.08311856   0.22493060  -0.00010264   0.01869590
5.4795798  -0.9199676   0.23624432   0.25315595  -0.00107337   0.05980550
1.0187648  0.3346252   0.11545108   0.23164475   0.00037248   0.02674350
5.3618513  -0.4139088   0.13155031   0.23561771   0.00160809   0.03099300
0.2686938  -0.5300300   0.15450729   0.23660921   0.00363390   0.03654464
0.8626231  -0.0581108   0.08094732   0.22360076   0.00066883   0.01809943
2.1475391  0.9550469   0.24211797   0.25449318  -0.00048048   0.06161714
4.1640633  -0.6846434   0.19338165   0.24631922  -0.00142906   0.04763158
4.2570623  0.7393145   0.19731760   0.23628387   0.00085310   0.04662224
3.3811223  0.0497528   0.08032945   0.22853650  -0.00219758   0.01835338
1.7955241  0.5494883   0.16213068   0.24090987  -0.00191759   0.03905521
3.5902784  -0.6869188   0.19346827   0.24389941   0.00140585   0.04718482
1.5115179  0.1243676   0.08333272   0.22524925  -0.00193383   0.01876689
0.0485690  0.3691121   0.11874825   0.23470287   0.00003344   0.02787055
4.2176024  0.7319539   0.19618116   0.23602495   0.00067831   0.04630319
3.4424803  0.0404943   0.08031669   0.22809532  -0.00207420   0.01831556
1.3994769  0.5397472   0.15911870   0.24114309  -0.00042657   0.03837019
4.9600878  -0.3005739   0.10811850   0.23126833   0.00238423   0.02499870
2.4546398  1.1180786   0.25645405   0.25932714   0.00237874   0.06649984
3.7017567  -0.7055418   0.19835584   0.24458976   0.00069871   0.04851532
0.2279560  -0.0152865   0.07952339   0.22860402   0.00202703   0.01817526
2.9911476  0.8979154   0.22602978   0.25406855  -0.00062747   0.05742667
3.5380491  -0.9672498   0.24216884   0.25385255   0.00220874   0.06147030
5.1704663  0.5422471   0.15314640   0.23138916   0.00372269   0.03542256
3.3638054  0.5066491   0.14916745   0.23646210  -0.00357488   0.03525967
2.4484580  -0.4443336   0.13119055   0.23343933  -0.00394427   0.03060948
4.7680027  0.3713897   0.11679094   0.22434321   0.00290220   0.02619283
4.6509026  1.0469561   0.24092487   0.25070286   0.00015339   0.06040053
3.7489782  0.6762144   0.18720733   0.23692197  -0.00256887   0.04434693
2.2392856  0.7477767   0.20672373   0.24721655  -0.00012898   0.05110551
1.4029043  -0.0274064   0.07774775   0.22220224  -0.00178942   0.01727252
3.3321420  0.3908747   0.12432952   0.23360980  -0.00340043   0.02903303
6.1080507  0.0548926   0.07843971   0.23023970   0.00234693   0.01805443
3.8655685  -0.5445371   0.16240853   0.23893479  -0.00029030   0.03880496
5.8798149  -0.5683660   0.16363244   0.24196167   0.00047339   0.03959255
1.1754647  0.3182178   0.11164084   0.23116498  -0.00006131   0.02580745
5.3527784  0.9558801   0.23262872   0.24729399   0.00242480   0.05752181
0.5858925  1.1777852   0.26264879   0.25954920  -0.00020771   0.06817024
1.7582506  -0.1720948   0.08598124   0.22294296  -0.00340610   0.01915731
5.6295905  0.5750352   0.15985432   0.23750725   0.00363508   0.03795335
2.0273554  0.5920620   0.17269988   0.24187206  -0.00157086   0.04176881
5.7363140  -0.7133443   0.19666107   0.24681671  -0.00084023   0.04853853
4.8532128  0.4624327   0.13552859   0.22687881   0.00300884   0.03073951
3.4160414  -0.2255389   0.09607069   0.23073117  -0.00050422   0.02216625
2.3418120  -0.3151421   0.10609699   0.22969577  -0.00422401   0.02435219
4.1939322  -0.4204244   0.13313957   0.23499018  -0.00053066   0.03128621
3.8767889  -0.5242040   0.15767266   0.23819868  -0.00032667   0.03755731
1.5309699  -0.3340378   0.10989475   0.22328123  -0.00257499   0.02453081
0.7535401  -0.0023714   0.08035224   0.22477062   0.00095637   0.01805991
1.2712335  1.1869515   0.25875011   0.26681435   0.00148753   0.06903603
0.2198069  -0.8106184   0.21228378   0.24702677   0.00346088   0.05242780
4.2435092  0.5310771   0.15300576   0.22843435   0.00057479   0.03495144
4.6037944  -0.7873982   0.21258366   0.25293142   0.00049831   0.05376884
0.3393057  0.5225371   0.15509456   0.23837247  -0.00122391   0.03696878
2.0672856  0.0564591   0.07931464   0.22665386  -0.00341261   0.01796532
4.4016978  0.2010993   0.09036493   0.22160085   0.00130077   0.02002325
0.1917001  0.2300925   0.09610038   0.23117246   0.00057912   0.02221542
1.1290041  -1.1518431   0.25108010   0.25480503  -0.00172498   0.06397350
2.9138733  -0.4734048   0.13823830   0.23766428  -0.00105466   0.03285319
5.1855278  0.0224734   0.07775192   0.22564204   0.00367920   0.01753057
2.2266906  -0.3914675   0.12056622   0.22983073  -0.00431228   0.02769123
0.4151004  -1.1542803   0.25466618   0.25597045   0.00271104   0.06517967
2.3685471  0.9391169   0.23866592   0.25383630   0.00134470   0.06058027
3.1906868  0.4922121   0.14549731   0.23780701  -0.00308731   0.03459075
5.0173703  0.5266455   0.14964131   0.22968610   0.00332094   0.03435950
2.2023315  0.9534059   0.24174979   0.25425297   0.00001303   0.06146560
3.7345105  -0.5130946   0.15480478   0.23763482   0.00028377   0.03678693
5.1071619  -1.1866124   0.26248559   0.26188722   0.00225919   0.06873652
1.2499861  -0.0111956   0.07816455   0.22241737  -0.00104922   0.01738405
3.2634887  0.5906779   0.16746995   0.24032642  -0.00332026   0.04023643
5.7645760  0.8941479   0.22245651   0.25028941   0.00245138   0.05567250
5.3978338  0.3502272   0.11253293   0.22938265   0.00431868   0.02579445
0.0942929  -0.2163769   0.09399011   0.23090993   0.00292866   0.02169467
1.0681291  1.2659500   0.26335061   0.26617160   0.00303070   0.07008727
4.1735497  -0.0844623   0.08197381   0.22452763   0.00000837   0.01840538
1.2366394  -0.8763243   0.22042325   0.24250785  -0.00121954   0.05345288
0.0080435  0.9738930   0.23690856   0.25593019  -0.00249083   0.06062585
0.9355757  0.1893982   0.09222358   0.22720259   0.00032648   0.02095333
3.6243143  1.1792566   0.25659311   0.25589871  -0.00220996   0.06565696
5.8700841  0.3150403   0.10598882   0.23285052   0.00276055   0.02467193
1.6684960  -0.4798643   0.13933656   0.22713900  -0.00281913   0.03164082
2.8809118  0.6726554   0.18563260   0.24578649  -0.00065209   0.04562556
2.1761833  0.2268398   0.09630378   0.23038405  -0.00262024   0.02217999
0.0644428  0.5107683   0.14922346   0.23884073  -0.00091061   0.03563981
4.3508893  0.4397393   0.13235787   0.22546048   0.00110381   0.02984025
1.5992534  0.0502740   0.07853876   0.22389053  -0.00245486   0.01757806
5.2024711  0.3178251   0.10676789   0.22681201   0.00419989   0.02419860
2.1687634  -1.1091193   0.24972527   0.25231391  -0.00140658   0.06300718
1.2557264  -0.9626700   0.23229338   0.24664627  -0.00121823   0.05729281
0.2498560  0.0477320   0.08030100   0.22868632   0.00164188   0.01836104
5.1241904  -0.1560830   0.08700258   0.22787555   0.00299645   0.01981678
1.8315416  0.4624286   0.14205278   0.23723182  -0.00204342   0.03369527
0.3874967  -0.4896180   0.14593996   0.23391478   0.00349304   0.03412531
1.8200498  -0.1942145   0.08843993   0.22346447  -0.00361396   0.01975012
5.1459715  -0.8564103   0.22719310   0.25205123   0.00153156   0.05726196
2.2631477  -0.5575843   0.15636429   0.23431398  -0.00406760   0.03662179
2.8372443  1.2041002   0.25642532   0.26394773   0.00168636   0.06768004
2.3004117  -0.8562619   0.21724939   0.24467938  -0.00316235   0.05314645
0.9580363  -0.9550881   0.23381872   0.24575420  -0.00075207   0.05746137
2.5148982  -0.7951111   0.20578977   0.24529368  -0.00313794   0.05046908
3.2285993  0.1393117   0.08526550   0.23001152  -0.00269105   0.01960481
2.7140547  -0.3704145   0.11615304   0.23396800  -0.00274196   0.02716858
2.2802936  -0.1053641   0.08061250   0.22732566  -0.00394242   0.01830975
1.9325344  0.9119929   0.23567227   0.25463179  -0.00195760   0.06000582
3.1511473  -0.1390707   0.08436055   0.23049967  -0.00154200   0.01944270
1.3973242  0.9855334   0.24257918   0.26126996   0.00010548   0.06337864
2.0565211  -0.0249898   0.07778095   0.22572336  -0.00369663   0.01754331
1.6536487  0.1288141   0.08374782   0.22577287  -0.00245009   0.01890198
4.1088301  -0.6144255   0.17800190   0.24286620  -0.00116120   0.04322930
2.0367963  -0.0561642   0.07836401   0.22536282  -0.00377660   0.01764607
6.1568236  -0.3557076   0.11672231   0.23498695   0.00254299   0.02742175
1.7790206  1.0874173   0.25443470   0.26187405  -0.00265344   0.06662281
4.9342226  0.6489357   0.17662863   0.23323023   0.00248957   0.04118894
2.8838539  -0.8456218   0.21520545   0.25091773  -0.00015768   0.05399884
4.4731705  1.4090142   0.26013407   0.26505721   0.00073283   0.06894987
4.7780901  0.2639930   0.09791357   0.22277252   0.00301719   0.02180335

