%% LAL: 7.6.0 (CLEAN 66b61e11399a21c5dd2ec3af5f8bb4f4698d367a)
%% LALFrame: 3.0.5 (CLEAN 66b61e11399a21c5dd2ec3af5f8bb4f4698d367a)
%% LALSimulation: 6.0.0 (CLEAN 66b61e11399a21c5dd2ec3af5f8bb4f4698d367a)
%% LALInference: 4.1.7 (CLEAN 66b61e11399a21c5dd2ec3af5f8bb4f4698d367a)
%% LALPulsar: 7.0.1 (CLEAN 66b61e11399a21c5dd2ec3af5f8bb4f4698d367a)
%% argv[0]: '/home/damoncht/.conda/envs/ml/bin/lalpulsar_ComputeAntennaPattern'
%% argv[1]: '@L1config.txt'
%% columns:
%% Alpha   Delta        A_L1         B_L1         C_L1         D_L1
6.0506254  1.0993443   0.17537761   0.17846102   0.00021914   0.03129802
5.2153535  0.1232930   0.24196219   0.18613133   0.00746555   0.04498101
0.4580149  0.4044432   0.23100832   0.18781877  -0.00363359   0.04337449
2.0222888  0.6941112   0.20673543   0.18586257  -0.00250229   0.03841812
5.9885083  -1.0447238   0.18274495   0.18059255  -0.00071870   0.03300186
4.4346531  -0.7981210   0.19976984   0.18536645  -0.00024738   0.03703057
5.8152493  -0.4165243   0.23053659   0.18927675   0.00298692   0.04362630
4.0078733  -0.1888317   0.24880819   0.18759783   0.00398231   0.04666002
2.9551976  -1.0337387   0.17725161   0.17952171   0.00030468   0.03182042
3.6591915  -1.0981567   0.18352798   0.17775984   0.00230873   0.03261857
4.0747269  -0.1380009   0.25095096   0.18726404   0.00423347   0.04697617
1.2687658  1.2095411   0.17954841   0.18008339   0.00190271   0.03233007
5.1432076  -0.8236868   0.19703250   0.18434247   0.00200477   0.03631744
1.5489243  -0.5683571   0.21203998   0.17782505  -0.00615219   0.03766817
2.1406669  0.3023291   0.23766445   0.18859293  -0.00505011   0.04479633
2.1097142  -0.1997824   0.23772955   0.18547204  -0.00743061   0.04403697
1.6328661  0.0527628   0.24787578   0.18585381  -0.00679843   0.04602244
2.0732582  -0.0460825   0.24464680   0.18692239  -0.00725869   0.04567728
4.9994362  -0.2875997   0.23866384   0.18790700   0.00529390   0.04481858
1.6068080  -0.6478640   0.20393601   0.17694779  -0.00560884   0.03605457
2.1345394  -0.5530188   0.20790182   0.18031286  -0.00597873   0.03745163
1.6040908  -0.2248613   0.24027619   0.18249486  -0.00765716   0.04379054
1.8594845  -0.2650424   0.23500107   0.18293603  -0.00787436   0.04292816
5.3915955  -0.2834357   0.23885243   0.18897277   0.00495859   0.04511202
6.0314867  0.4603265   0.21673766   0.18754014   0.00091786   0.04064617
3.1414039  0.6824616   0.20777138   0.18592380  -0.00216772   0.03862494
2.6829113  0.8649325   0.19357646   0.18288039  -0.00006087   0.03540133
5.8974952  -0.3117867   0.23825315   0.19035204   0.00326585   0.04534131
1.9863333  0.6080129   0.21380159   0.18683718  -0.00296687   0.03993728
2.7861863  -0.3952667   0.22210997   0.18789573  -0.00223529   0.04172852
5.9231052  0.9668833   0.17888618   0.17914602   0.00098545   0.03204578
3.5709989  0.7127733   0.20704398   0.18210959  -0.00223017   0.03769972
1.9706097  0.9587134   0.18889813   0.18262547  -0.00175425   0.03449453
3.4911524  0.9668812   0.18695904   0.17912579  -0.00253188   0.03348278
0.0121268  -0.4897535   0.22595198   0.18841590   0.00243939   0.04256700
3.5934977  -0.4460554   0.22727209   0.18740317   0.00370455   0.04257779
6.2173282  -0.4487529   0.22920531   0.18911196   0.00247892   0.04333932
3.1512712  0.2938732   0.24148792   0.19033517  -0.00219339   0.04595883
6.1382132  -0.3256967   0.23842432   0.19039641   0.00264200   0.04538815
0.8567893  -0.2751080   0.24548525   0.18438379  -0.00304260   0.04525424
1.8241072  -1.1544323   0.17431778   0.17350642  -0.00028457   0.03024517
3.0206655  -0.8595940   0.18535826   0.18220861   0.00114393   0.03377256
2.2749986  -0.0721577   0.24344970   0.18806238  -0.00661947   0.04573991
2.5465376  -0.3699053   0.22365063   0.18663511  -0.00455104   0.04172035
4.5828199  1.0184934   0.17977868   0.17414966   0.00242507   0.03130252
3.9193756  -0.7711597   0.20289244   0.18290371   0.00175903   0.03710668
1.8726820  -1.2055288   0.17373015   0.17329335   0.00022100   0.03010623
2.7785658  0.5840298   0.21624090   0.18747894  -0.00192542   0.04053691
4.5172970  0.1860436   0.24522600   0.18291809   0.00681698   0.04480980
1.3653210  -0.5925719   0.21232197   0.17755522  -0.00536554   0.03767008
1.5653009  0.4704254   0.22593829   0.18776016  -0.00311929   0.04241248
0.2319996  -0.1045419   0.25105429   0.19046122   0.00022672   0.04781605
5.6027110  0.0301608   0.24469633   0.18957807   0.00555683   0.04635818
2.9154509  1.0824034   0.18077616   0.18026331   0.00060836   0.03258694
5.7585709  -0.5098684   0.22272192   0.18810309   0.00251731   0.04188835
5.1551090  0.0687249   0.24424598   0.18631710   0.00746476   0.04545148
3.7000517  -0.6726742   0.20868839   0.18424588   0.00342442   0.03843825
1.5380894  0.3433669   0.23607872   0.18758070  -0.00421978   0.04426601
3.8126684  0.9925048   0.18665279   0.17550290  -0.00127908   0.03275647
0.3604856  1.0020550   0.18501012   0.17967588  -0.00322350   0.03323146
5.1197274  -0.3746690   0.23280451   0.18812086   0.00463218   0.04377393
5.7602572  -1.2445352   0.17872265   0.17672618  -0.00157446   0.03158249
6.1945294  -0.2446079   0.24362618   0.19088693   0.00240932   0.04649925
5.9326174  -0.8097261   0.19704126   0.18410037   0.00050464   0.03627511
0.0176734  0.2745015   0.23595724   0.19004928  -0.00075672   0.04484293
5.2296836  -0.4610543   0.22624031   0.18784051   0.00392640   0.04248168
3.7420450  -0.2386777   0.24510607   0.18851769   0.00349071   0.04619465
5.6131099  0.2026494   0.23682229   0.18819921   0.00552816   0.04453921
4.5762547  -0.8905227   0.19270104   0.18506113  -0.00033043   0.03566136
0.1623578  -0.7811811   0.19960792   0.18357134   0.00243063   0.03663639
6.2307650  -0.7893122   0.19826232   0.18453088   0.00163754   0.03658284
0.2556546  0.5410486   0.21576566   0.18678667  -0.00347314   0.04029008
3.1605855  0.7402034   0.20261136   0.18501286  -0.00207786   0.03748139
4.3472040  0.6990873   0.20466432   0.17655385   0.00384199   0.03611951
1.4583208  0.1856370   0.24574356   0.18671861  -0.00541346   0.04585559
3.1917156  0.6607479   0.20998436   0.18601453  -0.00233387   0.03905470
0.0242376  -0.5155750   0.22363210   0.18805942   0.00243589   0.04205019
1.1384428  -0.6449288   0.21051513   0.17741302  -0.00367548   0.03733461
1.3597342  0.8898188   0.19312544   0.18476707   0.00063220   0.03568282
3.4238765  -0.0888609   0.24974473   0.19038223   0.00140141   0.04754499
1.3605927  1.3272150   0.17625885   0.17912406   0.00146851   0.03157004
5.0400225  0.2744241   0.23399170   0.18302435   0.00783158   0.04276484
2.6923142  -0.2753345   0.23201919   0.18883528  -0.00356900   0.04380067
5.9981701  0.9291397   0.18066148   0.18028428   0.00038534   0.03257028
1.0028311  -0.1845524   0.24942720   0.18442738  -0.00451555   0.04598081
1.9862204  1.3482068   0.17750204   0.17671376  -0.00196944   0.03136317
4.3721930  -0.4642882   0.22808176   0.18717746   0.00253560   0.04268534
2.9582975  -0.3906238   0.22384311   0.18866743  -0.00050735   0.04223165
5.9069413  -0.2502553   0.24178241   0.19075523   0.00341439   0.04610960
3.6353799  0.1151829   0.25267288   0.18880388   0.00127339   0.04770400
3.5946791  0.7837843   0.20084055   0.18073998  -0.00227767   0.03629473
3.5946936  -0.1128659   0.25047681   0.18955088   0.00246303   0.04747203
0.8983732  0.6489523   0.21290600   0.18488224  -0.00177304   0.03935939
3.3161214  -0.9497041   0.18447705   0.18105297   0.00312204   0.03339037
0.4929305  -0.9059971   0.19155499   0.17844418   0.00225367   0.03417679
0.5905317  0.9342880   0.19120102   0.18014088  -0.00238229   0.03443744
3.6792300  -0.0619016   0.25270686   0.18912204   0.00259127   0.04778572
2.4093294  -0.4210083   0.21906285   0.18473063  -0.00539621   0.04043850
6.1928730  0.1203453   0.24452254   0.19109684   0.00100663   0.04672647
1.0764671  0.2812845   0.24289803   0.18719335  -0.00390617   0.04545364
4.8005412  -1.2480853   0.17745917   0.18050124   0.00073389   0.03203106
1.8514209  0.2188270   0.24229929   0.18766691  -0.00585132   0.04543732
3.9527145  0.2334368   0.24819441   0.18525541   0.00286399   0.04597115
4.5998601  -0.9516844   0.18896945   0.18445289  -0.00045139   0.03485576
3.4255983  -0.8876148   0.18943650   0.18164049   0.00353016   0.03439688
3.6495399  0.1295298   0.25238580   0.18861499   0.00126889   0.04760214
1.9332239  -0.5220015   0.21216390   0.17957041  -0.00664248   0.03805423
0.6821772  -0.0630764   0.25410655   0.18776894  -0.00275650   0.04770572
2.0806488  0.0822939   0.24563448   0.18793705  -0.00664473   0.04611967
2.8918827  -0.6334888   0.20076109   0.18502855  -0.00033482   0.03714642
3.4166332  0.2462916   0.24623275   0.18941437  -0.00089664   0.04663922
5.7443868  -0.8781015   0.19310260   0.18241780   0.00005228   0.03522535
0.2603141  0.3874110   0.22981955   0.18857780  -0.00298576   0.04332995
6.0283613  -1.0996837   0.18030989   0.17994268  -0.00081802   0.03244478
1.5819940  -0.1430665   0.24480109   0.18352225  -0.00751813   0.04486993
0.1365347  0.8004036   0.19247684   0.18330224  -0.00316388   0.03527143
1.5022309  -1.5498766   0.17254207   0.17641780  -0.00025538   0.03043943
5.0492432  0.2197654   0.23767790   0.18383291   0.00786741   0.04363113
1.1476646  -0.3849212   0.23451142   0.18096490  -0.00501493   0.04241319
2.0537940  -0.6389823   0.20072019   0.17843662  -0.00546197   0.03578600
6.0124366  0.3140681   0.22986333   0.18925287   0.00171686   0.04349935
5.7134395  -0.4481278   0.22785327   0.18870604   0.00300621   0.04298825
0.8675181  -0.0431816   0.25404069   0.18665794  -0.00392684   0.04740329
3.5016053  0.8698303   0.19351599   0.18042246  -0.00256582   0.03490805
4.8760842  0.8404847   0.18738644   0.17515975   0.00367478   0.03280906
3.7741140  -0.1696188   0.24921630   0.18858220   0.00340189   0.04698619
1.2304909  1.2285906   0.17931539   0.17950600   0.00203268   0.03218406
5.0345460  -0.6436144   0.21068780   0.18677908   0.00267603   0.03934491
0.2049913  -0.6409245   0.21263789   0.18531254   0.00251240   0.03939815
3.5741064  -0.2979099   0.23941207   0.18881629   0.00326296   0.04519425
5.2153837  1.2990682   0.17420615   0.17245780  -0.00065942   0.03004277
2.9636939  0.0226276   0.24783957   0.19149107  -0.00228300   0.04745385
1.1443304  0.7366504   0.20524374   0.18511489  -0.00021927   0.03799362
2.7041001  0.0801626   0.24641587   0.19103168  -0.00397177   0.04705746
4.0989115  -0.7300110   0.20632945   0.18415920   0.00091389   0.03799663
1.8562753  0.5885250   0.21533586   0.18726796  -0.00294873   0.04031681
5.5918427  -0.9052492   0.19208039   0.18166155   0.00034006   0.03489351
1.2611668  0.1386266   0.24904536   0.18643014  -0.00519732   0.04640255
2.1068690  1.0427705   0.18557817   0.18036078  -0.00149065   0.03346880
1.3223733  -0.6890348   0.20398423   0.17648573  -0.00453256   0.03597976
3.8535420  -1.0049282   0.18874910   0.17911036   0.00114472   0.03380561
1.8751790  0.0121272   0.24638213   0.18633690  -0.00726484   0.04585731
4.5281007  0.5789627   0.21330994   0.17770229   0.00554797   0.03787489
2.3268987  0.6244029   0.21283808   0.18615653  -0.00236853   0.03961559
5.4323114  0.7516264   0.19079615   0.17814773   0.00398072   0.03397406
1.9740664  -0.1031742   0.24325311   0.18569565  -0.00763314   0.04511278
0.7424138  -0.8075203   0.19926874   0.17745082   0.00044901   0.03536020
2.2817750  0.5067729   0.22273143   0.18754669  -0.00328343   0.04176176
2.9786978  0.1958678   0.24532574   0.19120219  -0.00261928   0.04689996
6.0928389  0.8646328   0.18446763   0.18182597  -0.00049520   0.03354076
4.7421545  0.4809009   0.21959722   0.17900285   0.00685009   0.03926160
1.2094586  0.5226674   0.22313072   0.18693827  -0.00200082   0.04170767
5.8567803  -0.0102056   0.24619554   0.19096236   0.00391847   0.04699873
0.4560773  0.3109056   0.23868540   0.18863694  -0.00337404   0.04501350
1.1255746  -0.3777692   0.23538242   0.18117262  -0.00487022   0.04262113
4.3650335  0.4045004   0.23183785   0.18037117   0.00549613   0.04178666
3.3378527  0.3010659   0.24237539   0.18944867  -0.00156221   0.04591525
4.6221724  -0.8896710   0.19256255   0.18519032  -0.00010242   0.03566071
2.2854733  0.3655392   0.23370942   0.18870592  -0.00429222   0.04408393
6.2423337  -0.7379061   0.20265777   0.18525639   0.00187260   0.03754014
3.5933256  -0.2450576   0.24339235   0.18908396   0.00311110   0.04601191
2.3067221  -0.1776803   0.23847364   0.18724759  -0.00657204   0.04461042
6.0705847  1.1438586   0.17459621   0.17810668   0.00017847   0.03109672
5.7878997  0.3453123   0.22601262   0.18769619   0.00376355   0.04240754
0.3090248  0.8161449   0.19424680   0.18265057  -0.00367459   0.03546579
5.8930142  0.8519340   0.18416388   0.18059158   0.00126510   0.03325685
0.6427414  -0.0441338   0.25419259   0.18814874  -0.00261209   0.04781919
3.1929512  0.3507161   0.23786621   0.18971892  -0.00222080   0.04512279
4.5601479  -0.6454297   0.21137755   0.18701227   0.00119002   0.03952878
1.3216426  -1.4996373   0.17293480   0.17530543  -0.00144971   0.03031431
0.6447390  0.4360317   0.23021145   0.18703043  -0.00361172   0.04304350
1.0060427  -0.9626698   0.18696199   0.17416970  -0.00140329   0.03256115
1.8257868  0.6443450   0.21057700   0.18695296  -0.00254200   0.03936153
4.0590455  -0.9870051   0.18994860   0.18031475  -0.00042938   0.03425035
0.9405087  0.8594021   0.19710335   0.18234357  -0.00013792   0.03594051
2.6726328  0.4920245   0.22430015   0.18844564  -0.00254873   0.04226189
2.1458132  -0.2356986   0.23522045   0.18527776  -0.00728897   0.04352799
4.0810554  -0.4183152   0.23285212   0.18692543   0.00311262   0.04351629
3.3299307  -0.4302221   0.22493340   0.18828832   0.00278889   0.04234455
0.8945675  -0.6912678   0.20868340   0.17801487  -0.00133966   0.03714695
0.9660793  0.4143687   0.23316106   0.18695299  -0.00309538   0.04358058
5.4937696  0.1557401   0.23966108   0.18782493   0.00631687   0.04497442
3.4058026  0.3061946   0.24250987   0.18897794  -0.00129361   0.04582734
5.3330664  0.9169721   0.18149932   0.17511362   0.00267991   0.03177582
2.3270546  -0.8331147   0.18547700   0.17710945  -0.00329338   0.03283888
5.8386305  0.2111949   0.23675810   0.18952318   0.00371184   0.04485737
5.4345072  0.0990051   0.24243017   0.18795069   0.00658349   0.04552157
1.3677146  -0.8643203   0.18930262   0.17487101  -0.00347084   0.03309149
5.9604161  -0.8525185   0.19382225   0.18348628   0.00028986   0.03556364
4.9651401  -0.4896410   0.22376983   0.18777864   0.00359549   0.04200627
5.5041355  0.2850746   0.23091358   0.18634978   0.00612922   0.04299313
1.2129564  -0.5042660   0.22289127   0.17903273  -0.00496902   0.03988014
3.8228273  0.4335827   0.23386028   0.18379578   0.00066075   0.04298210
0.9000987  -0.6769158   0.20996955   0.17818892  -0.00145335   0.03741214
5.2936273  0.9482291   0.18023269   0.17458732   0.00236691   0.03146074
5.0834470  -0.7013508   0.20601267   0.18608029   0.00243916   0.03832895
1.4042243  1.1345553   0.18104753   0.18195595   0.00115960   0.03294133
3.1175630  -0.5552366   0.21024224   0.18686907   0.00167678   0.03928496
4.9280887  1.0202484   0.17791030   0.17397051   0.00165554   0.03094840
0.1529205  -1.3844271   0.17359464   0.17663482   0.00130453   0.03066116
0.5193863  0.2187190   0.24571414   0.18893524  -0.00322189   0.04641368
2.4462801  0.1475827   0.24465089   0.18999445  -0.00508905   0.04645641
5.7913285  -1.3598269   0.17682216   0.17558472  -0.00186478   0.03104379
1.4783012  -0.4102144   0.22772199   0.17984149  -0.00685477   0.04090687
5.3281335  -0.1781057   0.24352700   0.18880434   0.00582176   0.04594506
0.4489670  -0.5398138   0.22366479   0.18455741   0.00156565   0.04127654
5.3584666  -0.3110967   0.23719831   0.18878283   0.00484007   0.04475554
2.6474429  0.6538752   0.21012752   0.18618730  -0.00150130   0.03912082
2.6656915  -1.0128150   0.17730382   0.17744651  -0.00164724   0.03145923
5.3013318  0.9329386   0.18085784   0.17479615   0.00251616   0.03160692
2.3746697  0.3085532   0.23755975   0.18928041  -0.00444644   0.04494564
3.1404228  -0.5973466   0.20669746   0.18630506   0.00199448   0.03850481
0.8755738  -1.0258464   0.18448490   0.17390670  -0.00032096   0.03208306
4.7918702  0.4609246   0.22081913   0.17936727   0.00705629   0.03955793
0.6945159  -0.1407483   0.25247413   0.18711458  -0.00245144   0.04723558
1.1005799  -0.0902922   0.25180447   0.18492532  -0.00525571   0.04653740
3.4872480  -0.7240436   0.20150390   0.18395127   0.00379143   0.03705252
3.3420382  0.2350790   0.24627323   0.18993679  -0.00119970   0.04677491
2.1020746  -1.4449011   0.17496291   0.17262359   0.00121818   0.03020124
6.1705903  -0.5806803   0.21694361   0.18761164   0.00220219   0.04069630
2.4169760  -1.0210440   0.17747304   0.17510287  -0.00208640   0.03107169
0.6618499  -0.9058123   0.19197273   0.17673549   0.00127992   0.03392676
1.6796368  -0.2841479   0.23541339   0.18188763  -0.00776070   0.04275855
1.6513609  1.0873683   0.18227150   0.18273868  -0.00057041   0.03330773
2.7974142  0.8031104   0.19752091   0.18422195  -0.00055817   0.03638738
5.3910214  0.6805366   0.19630796   0.17902164   0.00464817   0.03512177
5.8197665  0.9856115   0.17814428   0.17793532   0.00161056   0.03169556
5.2062104  0.7135282   0.19453384   0.17737050   0.00473694   0.03448213
3.5761394  -0.6030684   0.21295829   0.18548578   0.00381446   0.03948618
0.2220092  -0.2871464   0.24345462   0.18941322   0.00138215   0.04611161
4.4063896  -0.0614539   0.25092864   0.18583687   0.00563711   0.04660002
4.5378193  0.9244867   0.18510509   0.17450331   0.00308761   0.03229192
3.3055445  0.0468439   0.25096139   0.19089805  -0.00024560   0.04790798
2.0914437  -0.0933910   0.24311399   0.18657617  -0.00735200   0.04530523
5.3096101  0.7399988   0.19206518   0.17751896   0.00432796   0.03407648
1.9081284  0.1508420   0.24469240   0.18752407  -0.00638283   0.04584497
5.7742651  0.2740643   0.23191820   0.18849014   0.00410574   0.04369744
1.6478914  0.0188917   0.24785811   0.18555249  -0.00703020   0.04594127
5.0103068  -0.2388555   0.24130537   0.18779314   0.00569993   0.04528300
1.6755769  0.6130722   0.21332639   0.18739355  -0.00230215   0.03997069
3.6424815  -0.7437590   0.20233056   0.18326679   0.00347954   0.03706836
1.7457070  0.2909867   0.23873043   0.18770063  -0.00513172   0.04478352
1.9850165  0.7327846   0.20361465   0.18556310  -0.00232583   0.03777796
1.6853417  0.7387905   0.20287329   0.18654899  -0.00157565   0.03784333
1.6867534  -0.2830051   0.23541878   0.18192756  -0.00777298   0.04276875
3.7985814  -0.8711553   0.19539496   0.18115425   0.00215442   0.03539199
1.6599259  0.7166537   0.20466462   0.18676151  -0.00158973   0.03822095
1.4858717  0.0462413   0.24912080   0.18556827  -0.00647201   0.04618703
5.2632464  -0.3476697   0.23475660   0.18842426   0.00473914   0.04421138
2.0363193  1.4873982   0.17626528   0.17461452  -0.00188262   0.03077493
0.5360721  0.7099742   0.20540108   0.18372202  -0.00342351   0.03772498
5.9591384  -0.3687762   0.23456322   0.18999261   0.00292836   0.04455670
6.1443507  -0.0898219   0.24809931   0.19148499   0.00225750   0.04750220
6.2012111  -0.9013715   0.18984590   0.18293315   0.00101998   0.03472807
3.1538350  -0.5418597   0.21197844   0.18707453   0.00195010   0.03965196
3.7115811  0.3593687   0.24004631   0.18586349   0.00021306   0.04461580
0.0637095  -0.6126937   0.21460499   0.18661602   0.00241397   0.04004290
4.1112137  0.1450198   0.25128582   0.18508014   0.00436811   0.04648893
2.4543856  -0.5149089   0.21026358   0.18358782  -0.00467156   0.03858001
3.8636306  -0.6601471   0.21127327   0.18437566   0.00266495   0.03894655
1.1144842  1.1367382   0.18289803   0.17974359   0.00191399   0.03287108
2.8275893  -0.3858447   0.22322890   0.18822829  -0.00185432   0.04201456
1.3284950  -1.1821133   0.17522284   0.17376894  -0.00179955   0.03044505
6.0220180  -0.3676237   0.23488292   0.19006109   0.00281671   0.04463417
0.5439090  0.1748070   0.24838842   0.18898052  -0.00313437   0.04693075
6.1750366  -0.5961881   0.21550231   0.18739991   0.00216161   0.04038044
3.0481005  -0.7524950   0.19267459   0.18388191   0.00140236   0.03542741
2.7308967  -1.0299674   0.17679900   0.17784184  -0.00131960   0.03144052
4.4880776  0.5869522   0.21312594   0.17764629   0.00531197   0.03783282
1.9054545  -0.2430363   0.23615898   0.18350191  -0.00785975   0.04327385
3.2490915  -0.0824079   0.24811295   0.19098659   0.00024046   0.04738619
4.3407271  1.0599414   0.18030246   0.17360432   0.00212671   0.03129676
2.7946567  0.0431899   0.24688280   0.19126123  -0.00342417   0.04720738
5.4166118  0.2902344   0.23070684   0.18556339   0.00662311   0.04276688
5.3382644  0.8553932   0.18455859   0.17596632   0.00323851   0.03246561
3.2122858  0.6472800   0.21134393   0.18609975  -0.00239115   0.03932534
0.1752134  -1.1300850   0.17851353   0.17867599   0.00180075   0.03189284
1.2704935  -0.1991175   0.24586408   0.18297833  -0.00626674   0.04494853
3.3989323  0.2192503   0.24748525   0.18972255  -0.00082373   0.04695285
2.9640454  -0.2266692   0.23743363   0.19033435  -0.00122132   0.04519028
1.9366198  0.1816279   0.24362054   0.18778193  -0.00615160   0.04570969
3.1358894  -0.6168678   0.20488830   0.18602689   0.00200198   0.03811072
0.3806528  -0.1908003   0.24960609   0.18911721  -0.00005524   0.04720480
3.6985536  0.3085449   0.24376848   0.18659464   0.00043606   0.04548570
1.3754408  -0.3808839   0.23172721   0.18030773  -0.00650772   0.04173986
1.7213878  -0.5421011   0.21237017   0.17845659  -0.00658024   0.03785556
0.8223798  1.1871316   0.18260510   0.17676370   0.00043706   0.03227776
1.9692706  0.8263717   0.19677131   0.18448402  -0.00199225   0.03629719
1.0651385  0.7838774   0.20198391   0.18411496  -0.00005901   0.03718826
1.7420036  0.2730135   0.23981327   0.18763107  -0.00528118   0.04496853
3.2698609  0.7249241   0.20439874   0.18464498  -0.00241801   0.03773535
2.3095870  -0.7606649   0.19011058   0.17814197  -0.00386480   0.03385174
0.8481030  0.0156190   0.25406745   0.18715306  -0.00392496   0.04753409
4.6006356  0.1008071   0.24769872   0.18393159   0.00702794   0.04551023
2.1427450  1.1758911   0.18150696   0.17798311  -0.00132495   0.03230342
2.3475831  0.1287011   0.24491882   0.18951145  -0.00558315   0.04638375
0.6619019  0.5310326   0.22198537   0.18600662  -0.00339292   0.04127924
5.8402748  -0.3940060   0.23233348   0.18955125   0.00305528   0.04402977
1.8163289  1.1828859   0.17968436   0.18050440  -0.00154559   0.03243143
5.0350342  -0.1375402   0.24509752   0.18738844   0.00647919   0.04588646
4.1639776  0.0919268   0.25242648   0.18531133   0.00478734   0.04675457
5.0532057  1.3063945   0.17332858   0.17321230  -0.00097760   0.03002169
0.4909355  -0.9980652   0.18587971   0.17717847   0.00227061   0.03292873
4.2707175  -0.7973373   0.20072749   0.18437524  -0.00021316   0.03700913
2.4041553  1.5068775   0.17706040   0.17318864   0.00062363   0.03066446
2.8044593  0.7857720   0.19883902   0.18451485  -0.00068187   0.03668829
0.8557887  0.5935390   0.21756607   0.18539198  -0.00232699   0.04032959
2.9721648  -0.5325470   0.21065621   0.18686396   0.00019634   0.03936401
2.3992391  -0.5770559   0.20467283   0.18203826  -0.00469670   0.03723623
0.1467401  1.1803768   0.17662165   0.17825398  -0.00233551   0.03147806
3.5458905  1.1860965   0.17794941   0.17591189  -0.00227081   0.03129826
2.6487204  -0.5587736   0.20627266   0.18452370  -0.00294501   0.03805352
5.8497314  -0.3055237   0.23848343   0.19029483   0.00342629   0.04537042
4.9511508  0.1814159   0.24072854   0.18380442   0.00789483   0.04418464
4.9567212  -0.5857513   0.21556540   0.18735784   0.00288438   0.04037955
0.7120784  -0.9071903   0.19186988   0.17628142   0.00089853   0.03382229
0.6965051  0.7574453   0.20340380   0.18295544  -0.00237914   0.03720817
6.1329325  -0.7772600   0.19920510   0.18485261   0.00128733   0.03682193
5.2537332  0.9180090   0.18159370   0.17482129   0.00263578   0.03173950
0.6368649  0.3481811   0.23747341   0.18777364  -0.00366279   0.04457783
3.2594956  -1.2791420   0.17477190   0.17743491   0.00186181   0.03100717
1.6953402  -0.5408247   0.21279120   0.17840782  -0.00657374   0.03792040
5.9469367  0.7493659   0.19093886   0.18265183   0.00094775   0.03487443
6.2503010  1.0031185   0.17950167   0.18046258  -0.00168037   0.03239051
0.7737200  -0.7297729   0.20583256   0.17835957  -0.00006826   0.03671220
2.0963416  0.5480577   0.21902998   0.18717521  -0.00330854   0.04098604
5.7402486  -0.3266065   0.23685668   0.18986177   0.00365481   0.04495667
1.8978141  -0.2931153   0.23259519   0.18275684  -0.00779910   0.04244754
2.3234780  -0.7150054   0.19336936   0.17901009  -0.00415843   0.03459777
3.7838552  -1.0993104   0.18463321   0.17758191   0.00138970   0.03278559
3.5761086  -0.4387623   0.22769564   0.18753284   0.00367370   0.04268692
3.2051946  0.8184757   0.19614354   0.18364957  -0.00203654   0.03601753
3.5654314  0.8589619   0.19465201   0.17990254  -0.00245183   0.03501238
4.7505344  -0.7676358   0.20074345   0.18641210   0.00109628   0.03741981
3.8391560  -0.7206203   0.20621701   0.18350215   0.00253784   0.03783482
1.6427013  0.5190331   0.22153923   0.18773927  -0.00292078   0.04158308
0.5067987  -0.6440533   0.21380377   0.18236433   0.00166057   0.03898742
2.8159150  0.9045453   0.19036382   0.18265046   0.00003560   0.03477004
3.2816071  -0.6245214   0.20639181   0.18586986   0.00308625   0.03835249
3.9386641  0.6030270   0.21758910   0.18012765   0.00081541   0.03919315
5.2225546  -1.4547436   0.17688964   0.17462905   0.00171681   0.03088712
3.3952788  -0.0076282   0.25144982   0.19057219   0.00067103   0.04791889
1.9155812  0.6126688   0.21332182   0.18696912  -0.00288679   0.03987626
1.3330009  1.1510725   0.18088397   0.18134254   0.00156942   0.03279950
5.4785510  1.0834305   0.17621173   0.17386734   0.00164827   0.03063475
5.9537753  -0.0767275   0.24695645   0.19131772   0.00334318   0.04723597
5.8442092  -0.8335852   0.19563696   0.18346006   0.00026355   0.03589150
0.8209327  -0.7750959   0.20169009   0.17730546  -0.00034190   0.03576064
5.7662553  -0.9333690   0.18969066   0.18154362  -0.00030799   0.03443703
2.9902109  -1.1901410   0.17410074   0.17798951   0.00016467   0.03098808
6.1161427  0.4006050   0.22308297   0.18859254   0.00030016   0.04207169
0.2625477  -0.8037614   0.19820827   0.18239433   0.00257501   0.03614543
1.9096465  -0.3591834   0.22713713   0.18186891  -0.00759654   0.04125148
3.5155104  0.9721969   0.18677206   0.17879264  -0.00252177   0.03338711
5.8575519  -0.4804572   0.22534238   0.18867436   0.00256281   0.04250976
1.8019762  0.2251143   0.24214818   0.18756135  -0.00576116   0.04538445
2.8964444  0.5002648   0.22396326   0.18868591  -0.00237290   0.04225308
1.9907407  1.2344923   0.17946512   0.17828308  -0.00184825   0.03199218
5.5567419  -1.3810670   0.17817555   0.17435846  -0.00064063   0.03106600
4.9644134  0.6746134   0.19934991   0.17702980   0.00538281   0.03526190
2.5548456  1.3456431   0.17776355   0.17520121   0.00150011   0.03114214
2.4276754  -0.1980349   0.23711056   0.18792957  -0.00583410   0.04452605
0.9631133  0.1235934   0.25137866   0.18710333  -0.00435179   0.04701485
5.8691575  0.3828066   0.22295301   0.18772130   0.00286322   0.04184483
0.4131882  1.2304329   0.17892545   0.17647350  -0.00243454   0.03156967
3.3194834  -0.3643209   0.23066291   0.18900768   0.00242579   0.04359118
5.4149332  -0.7366660   0.20373839   0.18457882   0.00184172   0.03760240
2.3531067  0.3704056   0.23346069   0.18884380  -0.00408706   0.04407090
3.3930174  -1.1674977   0.17820537   0.17798539   0.00272740   0.03171051
3.3522037  1.2683040   0.17516667   0.17701572  -0.00173693   0.03100424
1.4112347  -0.5260777   0.21797842   0.17834269  -0.00598369   0.03883905
1.8374327  -1.2785649   0.17303534   0.17352700   0.00071217   0.03002580
5.8751996  0.5631944   0.20612770   0.18510798   0.00213712   0.03815131
6.0436648  -1.0418132   0.18253551   0.18080102  -0.00048402   0.03300237
4.8451759  1.1239259   0.17489231   0.17386924   0.00086548   0.03040764
2.4740066  1.0893260   0.18363033   0.17853887   0.00051701   0.03278489
2.9307966  1.1903050   0.17727157   0.17892057   0.00094386   0.03171664
3.0052538  0.0494620   0.24829887   0.19151081  -0.00210771   0.04754748
1.7805928  0.7804682   0.19968683   0.18591055  -0.00175343   0.03712081
1.0284439  0.1760186   0.24900880   0.18707220  -0.00436854   0.04656354
2.1396844  1.0043969   0.18725884   0.18077825  -0.00141301   0.03385033
1.0363635  -1.1129046   0.17979540   0.17309928  -0.00137833   0.03112055
4.0891892  1.0570512   0.18263027   0.17346114   0.00085005   0.03167853
5.1194446  0.3141002   0.23032629   0.18295519   0.00763401   0.04208111
2.5136792  0.7368447   0.20350076   0.18459950  -0.00113545   0.03756485
2.9298267  -0.2110785   0.23821132   0.19038923  -0.00160651   0.04535029
0.4561140  0.7208230   0.20346084   0.18371169  -0.00366501   0.03736470
4.1618939  0.0608268   0.25300965   0.18561994   0.00478843   0.04694071
4.1298102  0.8267083   0.19635494   0.17567296   0.00165156   0.03449153
5.0844578  0.7283825   0.19407007   0.17668663   0.00472488   0.03426726
2.2123489  0.5211867   0.22144575   0.18737170  -0.00332507   0.04148161
2.9531997  0.8235463   0.19556785   0.18415286  -0.00089704   0.03601357
6.1859003  -0.7425854   0.20216076   0.18531582   0.00164709   0.03746087
3.1427618  -0.6111497   0.20549133   0.18611230   0.00204769   0.03824027
4.0023999  1.0028490   0.18571351   0.17418918   0.00021923   0.03234924
2.3023537  -0.6219257   0.20099950   0.18043037  -0.00489248   0.03624248
2.0209471  -0.6728442   0.19805376   0.17776133  -0.00519744   0.03517929
2.7396571  0.5123056   0.22261187   0.18833916  -0.00235758   0.04192098
1.9171539  -0.4487405   0.21909755   0.18057977  -0.00715515   0.03951339
6.1622470  1.0441821   0.17734914   0.17970252  -0.00083914   0.03186938
3.3352394  0.9336849   0.18825160   0.18108548  -0.00228736   0.03408440
2.8303782  -1.0955963   0.17529817   0.17791562  -0.00078011   0.03118767
3.9211235  1.4694342   0.17617823   0.17231819   0.00008915   0.03035871
1.5468600  -0.6884963   0.20105012   0.17645903  -0.00517986   0.03545028
6.0612662  1.2058340   0.17374901   0.17745626   0.00042212   0.03083267
1.0979646  -0.0784466   0.25208291   0.18506123  -0.00523628   0.04662336
0.0126857  -1.4576626   0.17292313   0.17689328   0.00028845   0.03058886
5.1237191  -0.5842991   0.21580742   0.18704699   0.00311115   0.04035645
2.3397030  -0.1775429   0.23843424   0.18749878  -0.00638906   0.04466531
0.0498957  0.6246934   0.20499000   0.18593575  -0.00247201   0.03810886
3.6427759  0.0908118   0.25318414   0.18888761   0.00147956   0.04782116
2.4433635  -0.2069853   0.23652835   0.18794590  -0.00571947   0.04442182
2.5762377  -0.1044604   0.24237934   0.18976520  -0.00484830   0.04597166
3.8006909  -0.5381702   0.22132844   0.18592545   0.00338371   0.04113914
3.6438309  0.8271286   0.19745797   0.17953165  -0.00213787   0.03544538
1.7168379  -1.1134332   0.17513745   0.17384981  -0.00091605   0.03044677
1.8938610  -0.9791285   0.17931008   0.17406771  -0.00196973   0.03120822
0.6267293  -0.6282735   0.21552414   0.18135560   0.00078243   0.03908590
2.9384805  1.2151889   0.17663415   0.17865683   0.00097763   0.03155594
1.6324037  -0.0042073   0.24787143   0.18527165  -0.00712562   0.04587277
4.0760985  -0.7062333   0.20821895   0.18434204   0.00119784   0.03838207
1.7301473  -0.5601204   0.21058735   0.17824487  -0.00644253   0.03749461
2.4808673  -1.1875559   0.17478150   0.17383358  -0.00158899   0.03038037
2.0787777  1.2630437   0.17941335   0.17712967  -0.00164724   0.03177671
2.5414951  -0.9957599   0.17796834   0.17649177  -0.00208088   0.03140562
5.1312771  -1.2534011   0.17908108   0.17801481   0.00187004   0.03187559
2.5554920  0.0470854   0.24594690   0.19039318  -0.00486985   0.04680290
0.8450893  -0.2135458   0.24909066   0.18521228  -0.00322297   0.04612426
0.9829457  -0.6320995   0.21347752   0.17831919  -0.00242954   0.03806124
1.1197598  0.0905479   0.25150242   0.18639961  -0.00497659   0.04685519
4.5160989  0.6380518   0.20792477   0.17701334   0.00510324   0.03677941
5.1932621  -0.9549002   0.18935971   0.18212627   0.00169947   0.03448449
0.5378864  -0.5144491   0.22636154   0.18403219   0.00090157   0.04165700
2.5457400  -0.9408055   0.17988241   0.17731103  -0.00223444   0.03189014
3.4312589  0.3837371   0.23690020   0.18800622  -0.00158110   0.04453621
4.0051147  -0.7541741   0.20443152   0.18342812   0.00128788   0.03749683
2.5803608  -0.5580124   0.20624337   0.18396324  -0.00353214   0.03792872
6.1961375  -0.1670367   0.24686645   0.19125620   0.00221900   0.04720981
2.2688483  0.2729943   0.23944461   0.18906571  -0.00498204   0.04524595
0.0541461  0.5190889   0.21469527   0.18737362  -0.00221580   0.04022332
5.1559940  -0.0302368   0.24592991   0.18722221   0.00704619   0.04599389
5.3605341  -0.0671639   0.24559356   0.18863067   0.00635340   0.04628611
4.7562348  0.3845781   0.22812887   0.18033145   0.00736279   0.04108460
5.4634142  0.0767959   0.24324900   0.18834743   0.00640262   0.04577433
5.8737212  -0.5842760   0.21620998   0.18738462   0.00192503   0.04051072
4.0267329  -0.3052788   0.24165520   0.18741824   0.00369906   0.04527691
1.6009979  0.4165829   0.23024240   0.18778910  -0.00370123   0.04322331
0.4395550  -0.3456722   0.24069409   0.18720914   0.00059003   0.04505979
5.8571203  -1.5131921   0.17498095   0.17491338  -0.00201849   0.03060244
0.1603650  0.6497778   0.20452790   0.18548119  -0.00323940   0.03792558
3.8909744  0.2447538   0.24776676   0.18563558   0.00231226   0.04598898
5.8696008  0.6509663   0.19834362   0.18364996   0.00190250   0.03642218
5.8322654  -0.8687873   0.19328217   0.18283856   0.00003568   0.03533943
0.9112580  -0.6440492   0.21296847   0.17860197  -0.00170603   0.03803368
4.9043591  -0.3148438   0.23717566   0.18779843   0.00495186   0.04451669
1.8743592  -1.4265202   0.17330642   0.17393801   0.00156591   0.03014212
1.3156869  0.0871774   0.25002575   0.18598069  -0.00568050   0.04646769
4.9299923  -0.1468406   0.24522543   0.18707806   0.00636493   0.04583578
5.6690485  -0.7613880   0.20156735   0.18422164   0.00094200   0.03713218
4.6486331  -1.1506839   0.18013084   0.18203537  -0.00046840   0.03278996
5.6704323  -0.2950575   0.23864208   0.18985848   0.00404248   0.04529188
2.0826889  -0.9409833   0.18062577   0.17449151  -0.00238956   0.03151195
3.0436963  -0.5153769   0.21304968   0.18729761   0.00085199   0.03990297
2.5589323  -0.2739725   0.23176591   0.18799785  -0.00473001   0.04354912
2.4161574  -0.8897092   0.18231423   0.17693025  -0.00277325   0.03224921
2.4999637  -0.5424850   0.20766380   0.18352123  -0.00422020   0.03809291
3.5426575  0.7906982   0.20001605   0.18119371  -0.00245020   0.03623565
3.2540076  0.8363874   0.19488974   0.18310016  -0.00218466   0.03567957
2.9295095  0.1013542   0.24744721   0.19145919  -0.00270127   0.04736875
1.1534294  -0.5349914   0.22078261   0.17883718  -0.00437152   0.03946503
2.3702351  -0.6043362   0.20231867   0.18130818  -0.00469421   0.03665999
3.4924569  -0.1788021   0.24638295   0.18981890   0.00234958   0.04676262
5.4252096  -0.6380451   0.21167466   0.18598543   0.00239162   0.03936268
3.8582437  0.4555631   0.23182505   0.18313563   0.00084391   0.04245471
4.7866314  -0.9283993   0.18986320   0.18475203   0.00069515   0.03507713
0.1384522  0.7184722   0.19852236   0.18451281  -0.00318063   0.03661980
3.3389304  0.1234187   0.25038502   0.19055822  -0.00054679   0.04771263
2.5778201  0.3116879   0.23775247   0.18990569  -0.00379637   0.04513613
3.6267697  0.1181749   0.25256273   0.18884857   0.00119921   0.04769467
5.5419049  -0.1267404   0.24502036   0.18976958   0.00537752   0.04646849
2.7364973  -0.6515996   0.19832243   0.18370779  -0.00182195   0.03643006
4.7900336  1.1225568   0.17501335   0.17397295   0.00106431   0.03044646
5.8555088  0.3076860   0.22947779   0.18858626   0.00326331   0.04326571
3.7495665  0.1277386   0.25276783   0.18788111   0.00193486   0.04748656
5.5109753  -0.8477944   0.19579744   0.18265623   0.00094114   0.03576274
4.0965381  0.1871642   0.24968380   0.18470982   0.00415759   0.04610176
1.2575057  0.6157128   0.21475364   0.18663645  -0.00117392   0.04007948
1.4160366  0.4106895   0.23156179   0.18755324  -0.00330150   0.04341927
3.9709285  0.3038150   0.24371357   0.18424162   0.00267025   0.04489505
1.0236026  -0.3712955   0.23707433   0.18185790  -0.00405317   0.04309741
3.7459245  0.1701349   0.25137299   0.18757531   0.00165472   0.04714863
3.4469125  -0.1199833   0.24877703   0.19021153   0.00174120   0.04731723
2.6997367  -0.1819491   0.23867036   0.18980390  -0.00376246   0.04528641
3.7164441  1.0628901   0.18301141   0.17551368  -0.00187334   0.03211750
4.0612983  -0.1184768   0.25169128   0.18725541   0.00422381   0.04711271
3.3314394  0.7352819   0.20376270   0.18404716  -0.00251881   0.03749560
4.3299552  0.7809559   0.19783199   0.17567328   0.00328279   0.03474302
1.8332239  0.1941224   0.24341074   0.18749784  -0.00603590   0.04560255
3.6289678  -0.3051854   0.23945978   0.18856683   0.00342942   0.04514241
1.0142257  -0.4757967   0.22800830   0.18041214  -0.00348885   0.04112329
4.3827258  -0.2081869   0.24624000   0.18685335   0.00468179   0.04598885
3.7692384  -1.0318718   0.18701845   0.17859912   0.00174145   0.03339830
0.7295160  -1.0012456   0.18617281   0.17494678   0.00084379   0.03256962
4.7771899  -0.3011315   0.23850115   0.18756396   0.00483248   0.04471087
2.6961988  0.3576650   0.23499611   0.18986852  -0.00323642   0.04460789
2.5924251  -0.3508265   0.22540347   0.18724507  -0.00422495   0.04218784
3.5134278  -0.1323818   0.24891768   0.18989117   0.00217806   0.04726253
5.2300960  -0.8225138   0.19731414   0.18390948   0.00193150   0.03628421
5.9390177  0.0601675   0.24498533   0.19098417   0.00324600   0.04677778
3.0582702  -0.7359643   0.19402646   0.18415637   0.00148549   0.03572900
3.6072830  0.7364933   0.20503823   0.18134734  -0.00213640   0.03717857
3.3203957  1.3386289   0.17408785   0.17673576  -0.00148950   0.03076533
5.4244721  0.4361509   0.21800941   0.18340904   0.00607927   0.03994794
3.4248624  0.3795154   0.23720229   0.18810180  -0.00158736   0.04461566
4.0293951  -0.0575840   0.25338823   0.18715373   0.00414026   0.04740541
5.9697329  -0.6963881   0.20620111   0.18594441   0.00128604   0.03834029
0.9556579  0.3764198   0.23625509   0.18711415  -0.00333309   0.04419556
0.5693165  -0.5992075   0.21827011   0.18240985   0.00108260   0.03981345
3.7957988  0.9151827   0.19133605   0.17667371  -0.00134595   0.03380224
1.0333371  -0.6590306   0.21042670   0.17766309  -0.00274864   0.03737750
1.9872974  -1.3475649   0.17379640   0.17290325   0.00116614   0.03004860
2.1401889  -0.1243752   0.24166800   0.18658908  -0.00726342   0.04503985
1.1346910  0.1473921   0.24963298   0.18669839  -0.00477463   0.04658328
6.1366583  -0.0793248   0.24813452   0.19149972   0.00226954   0.04751254
2.0549325  -0.1570453   0.24041559   0.18560506  -0.00756629   0.04456510
4.3264178  0.2101277   0.24631381   0.18314625   0.00573486   0.04507856
2.5344018  -0.3762278   0.22307414   0.18644902  -0.00462927   0.04157052
2.0305457  0.8004398   0.19870833   0.18450539  -0.00206611   0.03665849
6.0486222  -0.4723698   0.22645728   0.18901365   0.00247586   0.04279739
0.4504956  0.1458740   0.24904571   0.18949506  -0.00263121   0.04718601
1.0194137  -0.0462940   0.25319225   0.18575543  -0.00478440   0.04700894
6.1793011  -1.1760767   0.17708702   0.17925690  -0.00021716   0.03174402
5.8246999  0.9323565   0.18014485   0.17874718   0.00163906   0.03219770
0.8824130  -0.4405467   0.23238358   0.18189128  -0.00244792   0.04226255
1.2429453  0.4665953   0.22782490   0.18720104  -0.00252148   0.04264270
2.5652681  0.5851960   0.21616969   0.18700078  -0.00208659   0.04041955
4.4615751  0.2577043   0.24181093   0.18208236   0.00650230   0.04398722
5.3872836  0.2320603   0.23511614   0.18611170   0.00686087   0.04371079
5.2650863  -0.4623269   0.22617917   0.18784365   0.00388051   0.04247126
4.4596003  0.4976685   0.22201923   0.17883688   0.00567504   0.03967302
4.6616547  -1.0605682   0.18345112   0.18323773  -0.00031478   0.03361507
1.4631893  0.8735730   0.19366162   0.18531606   0.00011878   0.03588859
0.9768171  0.2895564   0.24266091   0.18730375  -0.00378805   0.04543695
1.9641107  -0.2722215   0.23365174   0.18346487  -0.00774563   0.04280689
0.5279735  -0.1777668   0.25087082   0.18811816  -0.00108321   0.04719218
0.0536725  -0.7044040   0.20594765   0.18537326   0.00226664   0.03817205
2.7078567  0.2719264   0.24043280   0.19050819  -0.00354977   0.04579182
1.4053764  0.5384927   0.22076082   0.18741484  -0.00208486   0.04136951
4.1034774  -0.1116781   0.25177476   0.18705983   0.00437168   0.04707783
1.3864029  0.2139506   0.24493907   0.18686242  -0.00499829   0.04574493
1.3452924  0.5657807   0.21866640   0.18717407  -0.00171892   0.04092573
3.7738313  0.9795618   0.18733528   0.17600900  -0.00154234   0.03297032
3.5883035  0.5310334   0.22449501   0.18470675  -0.00153886   0.04146337
1.3753245  1.3289321   0.17615023   0.17918369   0.00137337   0.03156136
3.8164672  -0.9938999   0.18901803   0.17922321   0.00150134   0.03387416
0.5016218  -0.5239881   0.22535978   0.18425834   0.00118677   0.04152301
5.5544789  0.2240251   0.23538379   0.18752131   0.00590520   0.04410461
4.9585485  -0.4695920   0.22544475   0.18783796   0.00374054   0.04233309
0.0449582  0.5935859   0.20769250   0.18637155  -0.00236377   0.03870239
2.7125240  -0.7553466   0.19017555   0.18180616  -0.00175282   0.03457201
0.5150972  -1.1889434   0.17844665   0.17477760   0.00202001   0.03118440
1.8611417  -0.7969090   0.18951972   0.17568454  -0.00404586   0.03327932
0.7681244  0.9840838   0.18996033   0.17959294  -0.00075568   0.03411496
1.9161385  0.3122438   0.23707150   0.18806124  -0.00512346   0.04455771
5.2483118  -0.1044850   0.24533035   0.18819028   0.00646184   0.04612703
2.9647651  1.4894851   0.17326860   0.17658389   0.00114036   0.03059514
1.4439868  -0.0626094   0.24883705   0.18438476  -0.00685295   0.04583480
4.1057781  -0.9140554   0.19373032   0.18171440  -0.00033361   0.03520348
2.2005799  -0.4459725   0.21744731   0.18256846  -0.00641365   0.03965789
0.2552416  0.9302072   0.18669175   0.18109971  -0.00340017   0.03379826
2.7440721  -1.1944309   0.17398070   0.17614400  -0.00139997   0.03064370
2.4959094  -0.5550763   0.20651209   0.18327233  -0.00419025   0.03783039
2.5838584  1.2440254   0.17901687   0.17656587   0.00145446   0.03160615
5.8750038  0.7275683   0.19225173   0.18243545   0.00164266   0.03507083
2.5600916  0.9333013   0.19003934   0.18135889   0.00017378   0.03446529
4.4777625  1.2246727   0.17429978   0.17385519   0.00165940   0.03030017
2.5502566  1.3706977   0.17751981   0.17491385   0.00150465   0.03104841
5.4395429  -0.5485199   0.21923913   0.18710190   0.00295347   0.04101134
3.1763171  0.1594782   0.24805610   0.19103549  -0.00160560   0.04738494
1.0876169  -0.0912861   0.25189912   0.18497801  -0.00517987   0.04656897
0.0922538  -0.3522975   0.23802809   0.18953145   0.00211921   0.04510932
4.2263396  0.5156011   0.22348748   0.17942874   0.00391123   0.04008478
0.5839311  1.2045737   0.18121107   0.17616849  -0.00155395   0.03192127
0.2744132  0.4521770   0.22421536   0.18783706  -0.00329530   0.04210510
3.4938236  -0.5327608   0.21802649   0.18664464   0.00372357   0.04067961
5.7314153  1.0028728   0.17768006   0.17685080   0.00194049   0.03141909
5.8787418  0.2201643   0.23632397   0.18964027   0.00333145   0.04480544
2.1724688  0.0242795   0.24556421   0.18811458  -0.00670121   0.04614930
2.3490028  0.0587630   0.24562804   0.18934143  -0.00588462   0.04647294
1.1944047  0.6365192   0.21326973   0.18623526  -0.00099346   0.03971736
6.1613094  -0.4942087   0.22491306   0.18870224   0.00241927   0.04243575
4.6074531  0.5314181   0.21668668   0.17825243   0.00616446   0.03858693
4.7649014  -0.2206238   0.24311626   0.18715394   0.00551400   0.04546976
1.2555363  0.8514709   0.19623454   0.18459709   0.00064933   0.03622390
0.4115437  0.4345341   0.22776900   0.18764748  -0.00363173   0.04272709
0.6664928  1.3211554   0.17939459   0.17468821  -0.00066974   0.03133767
3.4087668  0.3645463   0.23828208   0.18837842  -0.00158132   0.04488470
1.2156720  -0.6238497   0.21148033   0.17744683  -0.00433861   0.03750769
2.7136502  0.4306820   0.22948475   0.18921906  -0.00283915   0.04341483
2.9992770  0.8464974   0.19378071   0.18380934  -0.00097597   0.03561775
0.9771716  -0.0290108   0.25360027   0.18612523  -0.00455473   0.04718066
2.9890596  -0.5224425   0.21177956   0.18706003   0.00033348   0.03961538
1.9745441  0.4025389   0.23074028   0.18804972  -0.00441299   0.04337117
0.1292989  -0.5811303   0.21797150   0.18667895   0.00246778   0.04068460
6.0223357  -0.1769587   0.24540533   0.19124524   0.00303145   0.04692341
2.5022254  -1.1218880   0.17534646   0.17462142  -0.00177531   0.03061610
2.2076179  -0.4221226   0.21960373   0.18301117  -0.00650168   0.04014767
4.4490749  1.0924075   0.17801154   0.17375971   0.00214075   0.03092665
4.3252681  -0.5216777   0.22333743   0.18686742   0.00201426   0.04173043
3.1312654  1.0319852   0.18226300   0.18092015  -0.00092693   0.03297419
2.4464196  0.6868580   0.20761923   0.18530536  -0.00163555   0.03847028
5.5672718  -1.0354666   0.18581294   0.17939551  -0.00008943   0.03333400
4.1802262  -1.1372931   0.18337217   0.17904644  -0.00170418   0.03282923
3.8515024  0.3252271   0.24261089   0.18500659   0.00153580   0.04488225
0.0355581  0.4062541   0.22494742   0.18874836  -0.00160193   0.04245589
2.5988672  0.0645461   0.24608645   0.19062153  -0.00459175   0.04688829
1.8410858  -0.8233797   0.18783976   0.17538670  -0.00376564   0.03293042
5.0243580  -0.3925972   0.23150931   0.18800016   0.00444646   0.04350402
3.4952845  -0.1809731   0.24629104   0.18979669   0.00237622   0.04673958
5.7465878  -0.0410526   0.24606469   0.19060338   0.00459295   0.04687967
5.9828445  0.1296735   0.24237135   0.19074444   0.00270536   0.04622367
2.8924381  0.8590728   0.19310108   0.18354121  -0.00046686   0.03544179
5.1853894  0.7157930   0.19446824   0.17724295   0.00474246   0.03444563
0.0039432  -0.0956099   0.24918824   0.19130087   0.00146850   0.04766777
0.6802403  0.2830619   0.24263683   0.18802859  -0.00366743   0.04560921
5.4603278  0.4781333   0.21399583   0.18302226   0.00568338   0.03913370
3.8344808  -0.6706186   0.21019499   0.18421380   0.00278025   0.03871309
6.0400800  0.4854677   0.21442571   0.18723190   0.00073279   0.04014680
6.2003089  -0.7783945   0.19913310   0.18476002   0.00155330   0.03678942
1.0492117  0.6548556   0.21227643   0.18541849  -0.00110738   0.03935875
0.3549458  0.7490258   0.19974709   0.18354620  -0.00376842   0.03664862
4.9905093  -0.6321933   0.21161416   0.18698533   0.00266359   0.03956165
5.0707339  1.0228069   0.17767392   0.17374375   0.00148241   0.03086754
4.3581636  -0.3005322   0.24091448   0.18717939   0.00393826   0.04507871
2.1969086  -0.5187406   0.21072598   0.18134157  -0.00600528   0.03817732
1.9075314  0.6830159   0.20744474   0.18638588  -0.00248771   0.03865858
4.0366600  1.1435237   0.17974551   0.17293499   0.00045921   0.03108408
4.0387936  -0.1986582   0.24827620   0.18749943   0.00402376   0.04653546
0.0835036  -0.2104122   0.24653608   0.19062896   0.00160973   0.04699432
4.3101124  -0.7739484   0.20225529   0.18487801  -0.00010194   0.03739255
1.4142816  -0.7138969   0.20053639   0.17617282  -0.00469398   0.03530703
3.6402344  -0.9017504   0.19188057   0.18078704   0.00304773   0.03468023
3.4582892  -1.0911441   0.18113448   0.17862150   0.00300645   0.03234547
5.5491287  0.5348773   0.20849326   0.18283403   0.00487589   0.03809589
3.8330726  0.2624471   0.24683072   0.18592858   0.00175173   0.04588982
5.7500861  0.0141976   0.24537739   0.19044368   0.00462293   0.04670920
5.8859080  -0.2273902   0.24278437   0.19082607   0.00354724   0.04631700
4.9112294  0.3208177   0.23163195   0.18171054   0.00777173   0.04202957
4.7025578  -0.2936905   0.23932537   0.18743166   0.00473029   0.04483478
2.7443927  0.3971089   0.23220633   0.18961458  -0.00295151   0.04402099
5.7757345  0.3527246   0.22532703   0.18751460   0.00384896   0.04223729
3.2625848  -0.1077615   0.24728197   0.19087467   0.00049964   0.04719961
3.3764708  1.0723643   0.18098071   0.17886390  -0.00217676   0.03236618
1.4580195  0.4707787   0.22636543   0.18762292  -0.00283263   0.04246332
3.3897144  -0.4093782   0.22769594   0.18837947   0.00301931   0.04288412
4.3175184  0.8786678   0.19058008   0.17474496   0.00272827   0.03329547
5.2041890  -0.3272835   0.23607068   0.18835194   0.00496210   0.04443975
6.1605459  -0.3097741   0.23961172   0.19049656   0.00258638   0.04563852
4.5346208  -0.6111157   0.21446399   0.18711707   0.00141275   0.04012788
4.1573653  -0.0247929   0.25327161   0.18634197   0.00472094   0.04717284
3.2997671  -1.3752855   0.17419027   0.17663229   0.00178991   0.03076442
4.6256924  0.3124063   0.23574334   0.18117137   0.00718985   0.04265825
4.7918649  0.2975349   0.23476020   0.18161802   0.00768863   0.04257757
1.9153339  -0.2954729   0.23227187   0.18282835  -0.00777505   0.04240543
1.8024114  0.6159780   0.21297614   0.18719818  -0.00265824   0.03986168
1.5339234  0.0815166   0.24829373   0.18595210  -0.00638255   0.04613000
2.5141503  -1.1540954   0.17495599   0.17440075  -0.00171412   0.03050952
4.3632945  -1.0586331   0.18510723   0.18177363  -0.00169379   0.03364474
4.8581418  1.1695258   0.17393126   0.17383283   0.00044356   0.03023477
0.9185471  0.2350762   0.24622402   0.18744722  -0.00395864   0.04613834
2.3708469  -0.4347928   0.21787019   0.18418047  -0.00558658   0.04009622
1.7015791  -0.8641006   0.18609306   0.17496358  -0.00345395   0.03254758
5.5469140  -0.2528446   0.24067597   0.18962765   0.00469796   0.04561675
0.1178255  0.0940964   0.24779437   0.19092731  -0.00038795   0.04731056
1.0705328  -0.3134249   0.24105613   0.18236881  -0.00466600   0.04393935
3.9430413  0.9463487   0.18915619   0.17512748  -0.00021492   0.03312640
2.2838335  0.3192344   0.23677595   0.18894742  -0.00462437   0.04471682
1.9558962  0.0156188   0.24604879   0.18677956  -0.00719668   0.04590509
2.6172771  -0.7912706   0.18761359   0.18034932  -0.00235900   0.03383042
5.6562305  0.6342944   0.19948018   0.18207914   0.00368151   0.03630762
0.0292808  0.7471203   0.19465844   0.18415368  -0.00246052   0.03584101
5.4256593  0.3428771   0.22634089   0.18487619   0.00643757   0.04180360
6.1653951  0.0640837   0.24650884   0.19132195   0.00150277   0.04716029
0.0385311  -0.1213932   0.24905765   0.19115441   0.00140423   0.04760650
0.4476982  0.7798628   0.19893053   0.18282400  -0.00357528   0.03635649
5.1214442  -0.2732561   0.23933527   0.18817014   0.00543491   0.04500621
4.9700577  -1.4347983   0.17524222   0.17695607   0.00188143   0.03100663
5.4757656  0.7253974   0.19256128   0.17892073   0.00404939   0.03443681
0.1561561  0.9490160   0.18423086   0.18110529  -0.00304501   0.03335591
3.8014828  0.9712097   0.18784389   0.17586845  -0.00134991   0.03303399
0.6918770  0.9533235   0.19108185   0.17988534  -0.00152921   0.03437049
3.1415978  0.6812281   0.20788741   0.18594202  -0.00217129   0.03865029
5.8813953  1.1539913   0.17439751   0.17648982   0.00136467   0.03077752
5.6151147  0.1614416   0.23933885   0.18863690   0.00554871   0.04511735
4.6178790  1.0325368   0.17888728   0.17413867   0.00227041   0.03114604
5.1497951  0.1819264   0.23930079   0.18497331   0.00769867   0.04420499
2.4048061  -0.9047794   0.18163624   0.17661022  -0.00270619   0.03207149
2.3405705  -0.0198383   0.24484150   0.18889222  -0.00618216   0.04621043
6.1115283  0.4091361   0.22225082   0.18847853   0.00030898   0.04188941
2.3349757  0.1213295   0.24504143   0.18943541  -0.00566824   0.04638739
2.5589536  -0.1646203   0.23927546   0.18916784  -0.00492860   0.04523893
0.5994637  -0.6075316   0.21750569   0.18196627   0.00090075   0.03957789
4.7744840  0.7734527   0.19305590   0.17568949   0.00443824   0.03389819
3.9367801  -0.4142949   0.23295109   0.18699278   0.00339475   0.04354865
3.5015831  -1.0106278   0.18464759   0.17955321   0.00319975   0.03314383
0.3974242  -0.8740684   0.19339290   0.17995891   0.00251593   0.03479645
2.8828565  0.7321741   0.20306128   0.18548456  -0.00118296   0.03766333
0.5398656  -0.5798308   0.22008857   0.18302023   0.00119871   0.04027922
4.9288531  -1.2408121   0.17812186   0.17988461   0.00149837   0.03203914
2.4664710  0.0549320   0.24577300   0.18997365  -0.00533370   0.04666195
4.0197145  -0.0520432   0.25351667   0.18717752   0.00409740   0.04743583
0.0275920  0.0067863   0.24924995   0.19130708   0.00077394   0.04768268
1.4560156  0.5093202   0.22306424   0.18757646  -0.00247204   0.04183549
1.0067929  -0.1616390   0.25037232   0.18466467  -0.00459263   0.04621383
4.1178888  1.1487780   0.17909771   0.17287616   0.00101525   0.03096069
0.7766442  1.0630739   0.18659003   0.17839620  -0.00035346   0.03328683
2.9963479  1.2726689   0.17516679   0.17818855   0.00075840   0.03121214
4.9288896  -0.9618123   0.18816595   0.18377751   0.00135387   0.03457884
5.0612067  0.6689277   0.19906268   0.17740075   0.00536122   0.03528513
2.2751253  0.7235660   0.20475148   0.18477444  -0.00190751   0.03782920
4.0392570  0.2525562   0.24663302   0.18434595   0.00348024   0.04545369
3.0978580  -1.3606814   0.17304417   0.17708108   0.00045818   0.03064264
4.9471200  -1.1831474   0.17962274   0.18057808   0.00150278   0.03243367
0.7861573  0.0855969   0.25287753   0.18778367  -0.00375175   0.04747220
0.2023547  -0.2904352   0.24310549   0.18950249   0.00148427   0.04606689
3.6054555  -0.1236411   0.25013667   0.18947992   0.00257234   0.04738926
0.8371556  0.4805718   0.22740410   0.18646303  -0.00301496   0.04239337
0.0049881  -0.2833388   0.24210644   0.19042709   0.00218041   0.04609887
0.2383853  -0.7695398   0.20098436   0.18312828   0.00256290   0.03679935
2.0495320  0.1357406   0.24480148   0.18805242  -0.00637216   0.04599490
5.8037089  0.8016413   0.18698637   0.18059528   0.00202519   0.03376475
1.6884771  -0.3938338   0.22641248   0.18038914  -0.00744926   0.04078686
0.7431060  -0.0524215   0.25422275   0.18741280  -0.00316974   0.04763455
4.7262922  0.5532086   0.21299763   0.17804940   0.00633666   0.03788395
5.7916589  0.0970416   0.24291980   0.19020388   0.00430896   0.04618572
3.9626004  0.8479367   0.19583857   0.17627549   0.00013492   0.03452152
3.5142799  -0.2993900   0.23859490   0.18901891   0.00306941   0.04508953
3.9472359  -0.3238044   0.24019580   0.18750325   0.00365435   0.04502414
3.3291615  -0.1711981   0.24493909   0.19042963   0.00136458   0.04664180
2.7027891  -0.4246256   0.21899225   0.18698759  -0.00294784   0.04094014
5.0052488  0.0095089   0.24623002   0.18607140   0.00737612   0.04576196
6.1127911  0.1756635   0.24082628   0.19072236   0.00140089   0.04592899
0.0479672  1.2505941   0.17450464   0.17781423  -0.00151251   0.03102712
3.5006235  -0.5408864   0.21739148   0.18652108   0.00374695   0.04053405
2.6562261  -0.2373478   0.23476924   0.18903871  -0.00399914   0.04436448
2.9026062  -0.1173679   0.24339738   0.19096431  -0.00223687   0.04647521
4.2080181  -0.0382014   0.25280967   0.18622273   0.00492324   0.04705467
5.4280830  0.6682773   0.19716340   0.17951068   0.00462320   0.03537156
2.0083315  1.0553395   0.18472911   0.18087976  -0.00170205   0.03341086
5.1314222  -0.2745568   0.23925710   0.18819851   0.00542077   0.04499844
0.1833119  -0.7862633   0.19927682   0.18333770   0.00247163   0.03652885
3.5048601  -0.8684066   0.19182639   0.18167947   0.00356247   0.03483823
3.3357972  1.5182733   0.17338975   0.17589666  -0.00154150   0.03049630
3.1074472  -0.1274310   0.24474101   0.19104634  -0.00052221   0.04675660
4.9034131  -0.3560734   0.23436150   0.18787767   0.00459305   0.04401020
1.1343518  0.2863727   0.24229996   0.18716255  -0.00393522   0.04533399
1.0423530  0.3166015   0.24060003   0.18721783  -0.00366380   0.04503119
3.6604066  -0.3296294   0.23789439   0.18827820   0.00355249   0.04477771
5.8818396  -1.0987826   0.18143342   0.17935771  -0.00120423   0.03254003
1.0013900  0.2362778   0.24596642   0.18725966  -0.00406179   0.04604309
5.2170006  -0.2716479   0.23939450   0.18843976   0.00537230   0.04508258
1.4726176  -0.9885614   0.18090552   0.17427182  -0.00259707   0.03151999
4.6413671  0.8631804   0.18791191   0.17492941   0.00359989   0.03285836
0.7989565  -0.0813236   0.25377813   0.18682311  -0.00340773   0.04740001
4.6476103  0.6670482   0.20347235   0.17666492   0.00528985   0.03591844
5.4895143  -1.2588948   0.17999353   0.17589031  -0.00003935   0.03165912
4.2254956  -0.2503017   0.24481615   0.18714640   0.00410286   0.04579963
6.0218646  -0.5010335   0.22385226   0.18866658   0.00236889   0.04222783
1.1583317  0.4594803   0.22883019   0.18703620  -0.00256996   0.04279292
2.6470671  1.2396619   0.17856884   0.17693624   0.00163498   0.03159263
5.1119810  0.0232621   0.24551256   0.18650736   0.00736219   0.04573570
4.1367844  -0.5132407   0.22465996   0.18641181   0.00236381   0.04187368
4.5688225  -0.4297911   0.22994858   0.18758120   0.00314571   0.04312413
5.9743610  -1.1195917   0.18000808   0.17947131  -0.00110889   0.03230506
0.0921218  -0.0555018   0.25028363   0.19113743   0.00073358   0.04783803
2.3932935  -0.5811795   0.20431530   0.18191309  -0.00470696   0.03714547
1.0572160  -0.5891633   0.21678728   0.17852362  -0.00330390   0.03869073
5.3233738  0.2597068   0.23335937   0.18523434   0.00711888   0.04317549
2.7522251  -1.0699220   0.17580774   0.17753622  -0.00122214   0.03121075
2.4140768  -0.1163195   0.24162705   0.18864727  -0.00593427   0.04554707
3.6392603  0.4563428   0.23165181   0.18526860  -0.00086427   0.04291706
1.4992295  -0.0720187   0.24804884   0.18429101  -0.00707613   0.04566310
3.0801549  0.3947217   0.23375829   0.18965857  -0.00249034   0.04432806
4.8544440  -0.0886793   0.24692583   0.18639494   0.00669734   0.04598087
3.1714026  0.0325183   0.24967520   0.19131584  -0.00098376   0.04776585
4.5489838  0.6745414   0.20412005   0.17658627   0.00496693   0.03602013
0.3820887  -0.1925699   0.24953800   0.18909232  -0.00005189   0.04718572
4.5356512  -0.0082781   0.25010225   0.18517807   0.00637516   0.04627281
3.4157010  0.5929654   0.21765134   0.18543418  -0.00237471   0.04035436
0.8545009  -0.5016521   0.22695887   0.18120363  -0.00186755   0.04112228
2.0892989  -0.3422830   0.22727162   0.18332663  -0.00726867   0.04161211
5.8228165  0.8537539   0.18393841   0.17993495   0.00177553   0.03309380
2.8820493  0.1322245   0.24662371   0.19136883  -0.00299990   0.04718709
3.7698359  -0.1482242   0.25019896   0.18863142   0.00332709   0.04718431
0.4741814  0.5936457   0.21434499   0.18552054  -0.00377362   0.03975116
3.3094801  -1.3462016   0.17452691   0.17676328   0.00191747   0.03084627
0.2851374  -0.3326158   0.24080063   0.18857840   0.00133988   0.04540800
5.1676916  -0.2236285   0.24179758   0.18823640   0.00578437   0.04548165
0.9676266  -0.5953845   0.21712315   0.17894982  -0.00246695   0.03884806
2.0697463  1.1334379   0.18236093   0.17917611  -0.00159909   0.03267216
2.2459735  -0.1866499   0.23806132   0.18667522  -0.00688026   0.04439281
1.5015750  0.8233781   0.19692911   0.18588254  -0.00030590   0.03660559
0.7634248  0.8075517   0.20023569   0.18232343  -0.00166678   0.03650488
1.4371005  0.5369569   0.22074176   0.18748295  -0.00217359   0.04138059
4.8339034  -0.7857869   0.19927776   0.18612811   0.00138675   0.03708927
0.5837930  0.7571861   0.20235866   0.18294682  -0.00306271   0.03701149
3.5064423  -0.3236606   0.23659657   0.18885268   0.00314555   0.04467200
2.4494292  -0.8403517   0.18480757   0.17798819  -0.00296051   0.03288480
2.3362235  -0.0878531   0.24283479   0.18835458  -0.00634670   0.04569877
3.0738783  0.9749328   0.18529062   0.18184674  -0.00078298   0.03369388
6.1564135  -0.3517298   0.23668967   0.19016217   0.00259829   0.04500267
4.9947307  0.9017528   0.18307376   0.17467721   0.00286789   0.03197059
1.6712929  -0.8808652   0.18526578   0.17484067  -0.00331174   0.03238103
1.8280653  0.4739069   0.22508074   0.18782473  -0.00372546   0.04226185
0.2075293  -0.9167029   0.18943103   0.18121262   0.00236110   0.03432172
1.2457943  -1.3138951   0.17380464   0.17373350  -0.00170518   0.03019278
4.3212452  -1.0305258   0.18663247   0.18180759  -0.00161487   0.03392859
4.5323987  -0.9037511   0.19208995   0.18475482  -0.00058282   0.03548920
1.5460003  1.0281512   0.18482049   0.18366361   0.00009796   0.03394479
0.2549959  -0.1162268   0.25102317   0.19029959   0.00017253   0.04776958
0.8611316  -0.1498154   0.25176322   0.18577072  -0.00359080   0.04675734
2.6378672  -0.7718310   0.18891092   0.18086426  -0.00228013   0.03416203
2.1290710  0.7244546   0.20453185   0.18511841  -0.00225386   0.03785753
2.7151942  -0.0620919   0.24450062   0.19068967  -0.00386065   0.04660884
0.1070709  0.0213104   0.24977659   0.19110091   0.00015967   0.04773251
0.1866199  0.4915021   0.21925750   0.18756714  -0.00300966   0.04111645
1.4338283  -0.1652091   0.24551797   0.18313441  -0.00705646   0.04491299
6.2474365  -0.8272043   0.19524652   0.18392682   0.00156577   0.03590862
4.8900695  -0.0812473   0.24682905   0.18644355   0.00679225   0.04597355
1.8787198  -0.4754059   0.21697891   0.17998473  -0.00703009   0.03900347
0.2675707  -1.1446558   0.17842183   0.17771167   0.00215951   0.03170298
0.5126403  0.2524221   0.24349165   0.18880080  -0.00332181   0.04596038
2.1555860  0.7463492   0.20289215   0.18472692  -0.00210150   0.03747523
5.0134594  -0.7506667   0.20203874   0.18585128   0.00212049   0.03754466
3.2080473  -0.9282964   0.18393137   0.18152326   0.00258252   0.03338115
6.1134744  -1.3655128   0.17408347   0.17732957  -0.00106769   0.03086901
1.3727937  0.4471724   0.22878881   0.18748978  -0.00286968   0.04288733
2.9806975  -0.1030120   0.24466461   0.19114684  -0.00165875   0.04676411
1.1428606  0.8519277   0.19685619   0.18382923   0.00061951   0.03618754
3.1449542  -0.7580093   0.19348845   0.18397653   0.00225817   0.03559223
6.2377434  -1.0855789   0.17994550   0.18030554   0.00049722   0.03244492
4.8777959  0.9645038   0.18038864   0.17430490   0.00233131   0.03143719
4.3763444  -0.7396245   0.20454769   0.18559690   0.00013137   0.03796340
2.7705453  -0.3502840   0.22608541   0.18838383  -0.00256384   0.04258426
5.6892380  1.0403200   0.17674330   0.17596270   0.00195408   0.03109641
2.9081451  -0.1171925   0.24344733   0.19097628  -0.00219170   0.04648786
2.2980380  0.3265369   0.23633216   0.18895300  -0.00453703   0.04463509
4.8771528  -0.3889680   0.23199286   0.18788254   0.00425935   0.04356927
5.9443727  1.0992735   0.17520753   0.17764343   0.00096261   0.03112354
4.5566057  -0.7823110   0.20029484   0.18603748   0.00017965   0.03726231
3.9054328  -0.7320298   0.20576133   0.18343619   0.00206133   0.03773982
4.8272053  0.1469881   0.24357076   0.18373935   0.00774027   0.04469362
1.1345259  -0.0785015   0.25174770   0.18489747  -0.00544261   0.04651789
0.5026117  -0.9984944   0.18590508   0.17704830   0.00222783   0.03290922
5.3930528  0.5146038   0.21086128   0.18184660   0.00580859   0.03831067
3.5804429  0.6721339   0.21087725   0.18264259  -0.00209019   0.03851080
5.7880147  0.4882701   0.21283786   0.18563056   0.00323825   0.03949872
1.7822456  -0.5479568   0.21116039   0.17856055  -0.00654690   0.03766205
0.2576530  0.2850659   0.23822834   0.18950450  -0.00247332   0.04513923
5.8170712  -0.7655835   0.20081362   0.18450153   0.00071766   0.03704991
3.0448498  -0.3140040   0.23146364   0.18966649  -0.00003375   0.04390090
3.5666730  1.2647815   0.17639524   0.17502619  -0.00214498   0.03086919
5.6768817  0.0550540   0.24413693   0.18986130   0.00512555   0.04632588
3.2787283  -0.4721933   0.22029981   0.18788749   0.00264170   0.04138460
4.1712277  0.1662363   0.24999279   0.18447489   0.00474334   0.04609489
4.6805643  1.1706916   0.17420959   0.17409435   0.00115437   0.03032757
0.4147548  -0.1239317   0.25202566   0.18930098  -0.00072183   0.04770819
5.1921522  0.9112634   0.18202853   0.17475192   0.00268760   0.03180261
3.6874640  0.1365367   0.25234300   0.18828776   0.00146963   0.04751094
4.9434347  0.5283371   0.21279241   0.17889920   0.00669660   0.03802355
5.0159510  -0.5643926   0.21741024   0.18738471   0.00313848   0.04072950
5.4155780  -0.2593476   0.24016444   0.18911901   0.00506017   0.04539406
2.7464114  -0.1767525   0.23920362   0.19006325  -0.00337502   0.04545243
0.2623890  0.4929153   0.22029640   0.18738194  -0.00337447   0.04126818
4.1011206  0.6199068   0.21485455   0.17863986   0.00227236   0.03837642
0.6046656  0.3193057   0.23947266   0.18806820  -0.00363160   0.04502400
1.5319331  0.9804615   0.18717788   0.18423958   0.00010026   0.03448556
6.1566259  0.8688423   0.18477874   0.18205163  -0.00108559   0.03363809
2.4515029  -0.2627951   0.23255669   0.18734361  -0.00557773   0.04353690
1.7060116  -0.5688750   0.21004133   0.17807040  -0.00636104   0.03736168
5.8408927  0.5508345   0.20714164   0.18505029   0.00250971   0.03832532
5.4686034  0.1824201   0.23815814   0.18734704   0.00646008   0.04457649
0.0644027  -0.5588644   0.21975420   0.18733200   0.00244117   0.04116104
2.2184766  -0.6674717   0.19749030   0.17901400  -0.00484085   0.03533010
0.7783565  0.2792435   0.24330923   0.18774423  -0.00373673   0.04566594
5.2341954  -0.1463941   0.24448973   0.18829520   0.00623087   0.04599742
3.5406953  0.7620628   0.20247240   0.18166108  -0.00241841   0.03677551
4.3056718  0.3357967   0.23827279   0.18156812   0.00531395   0.04323450
0.5275195  1.2563889   0.17962320   0.17569084  -0.00182471   0.03155482
4.9913208  -0.5586056   0.21789861   0.18745562   0.00313727   0.04083648
5.1008729  -0.6123275   0.21340016   0.18686442   0.00292850   0.03986832
0.5496951  -0.3546476   0.24037458   0.18611065  -0.00009301   0.04473626
4.6408897  0.5011526   0.21907401   0.17864151   0.00646316   0.03909394
6.0390360  0.1260955   0.24293819   0.19090299   0.00224656   0.04637258
5.2909155  -0.7872522   0.19987507   0.18415932   0.00193995   0.03680509
3.2650390  -1.2097329   0.17582335   0.17802973   0.00211998   0.03129729
2.3346964  -0.5689496   0.20557530   0.18161410  -0.00508786   0.03730949
4.5441303  0.2258860   0.24270539   0.18236643   0.00694659   0.04421306
4.6984784  -0.7512906   0.20212869   0.18654804   0.00095031   0.03770581
6.2246154  0.1220417   0.24475230   0.19108447   0.00074485   0.04676781
1.9091634  -0.0711749   0.24468611   0.18566656  -0.00761196   0.04537209
4.1988106  -0.4385210   0.23096886   0.18693189   0.00281081   0.04316755
0.0114166  0.7656469   0.19304588   0.18387192  -0.00232511   0.03549031
1.9909650  0.5936852   0.21501984   0.18694906  -0.00305517   0.04018842
4.9898885  0.5431898   0.21094772   0.17886959   0.00656145   0.03768908
2.2284802  0.4209364   0.22956818   0.18823120  -0.00401461   0.04319578
1.2730257  -0.6921629   0.20438072   0.17651197  -0.00427157   0.03605740
1.1308723  1.0134892   0.18774231   0.18162644   0.00150197   0.03409671
6.2165578  -0.3217018   0.23915841   0.19031453   0.00245586   0.04550929
4.0913928  -0.7181461   0.20726620   0.18426678   0.00103602   0.03819120
3.8053065  -0.5901008   0.21679898   0.18528825   0.00321722   0.04015995
5.0276877  0.1726970   0.24059865   0.18432386   0.00786325   0.04428624
4.2050648  -0.4525373   0.22976492   0.18688352   0.00269639   0.04293201
1.6914316  0.0529438   0.24746040   0.18600774  -0.00690080   0.04598193
4.7124816  -0.8653230   0.19386259   0.18552694   0.00047209   0.03596651
3.8058280  -0.9796616   0.18959887   0.17943271   0.00164569   0.03401753
3.9304788  -0.4343190   0.23123276   0.18684873   0.00333669   0.04319441
1.0244277  0.5423822   0.22206053   0.18627734  -0.00207018   0.04136056
5.4932167  0.3126872   0.22870576   0.18587781   0.00613269   0.04247372
1.6835355  -0.5008508   0.21668568   0.17890704  -0.00684877   0.03871969
0.8454771  0.5886301   0.21796654   0.18542768  -0.00240267   0.04041126
0.4232497  -0.3964409   0.23658752   0.18675178   0.00098589   0.04418217
1.9556538  0.1368038   0.24494803   0.18763788  -0.00646417   0.04591974
0.8751737  -0.7132667   0.20680876   0.17782374  -0.00106748   0.03677437
6.1013229  0.4627540   0.21712309   0.18776901   0.00018861   0.04076895
3.6718602  0.2904390   0.24491905   0.18703218   0.00036111   0.04580761
4.6466269  0.1676322   0.24455644   0.18311094   0.00732766   0.04472726
2.9372669  0.5536469   0.21921319   0.18803284  -0.00218149   0.04121452
3.5746996  0.5871552   0.21902555   0.18400995  -0.00183815   0.04029950
0.2376511  -0.8685719   0.19297883   0.18165046   0.00249932   0.03504845
3.4891269  0.3573233   0.23933560   0.18784800  -0.00117444   0.04495733
5.7234477  -0.1042069   0.24576189   0.19058834   0.00459878   0.04681820
1.2387347  1.2640410   0.17838745   0.17909490   0.00203554   0.03194414
3.0693460  -0.4702086   0.21761216   0.18792993   0.00092652   0.04089498
2.1684777  -1.1317563   0.17544021   0.17291559  -0.00082229   0.03033567
3.9534652  -0.5929188   0.21747948   0.18532372   0.00253360   0.04029769
0.7561711  -0.1523239   0.25202394   0.18653479  -0.00282903   0.04700323
4.3325123  -0.4651169   0.22820377   0.18708962   0.00251717   0.04268822
2.9576677  -0.0815115   0.24534038   0.19121952  -0.00193504   0.04691013
1.1167048  -0.3532498   0.23748738   0.18156280  -0.00489254   0.04309494
5.3928033  0.8529310   0.18455610   0.17630386   0.00322876   0.03252753
6.0927285  -0.4879676   0.22522205   0.18883355   0.00242177   0.04252361
5.1166391  0.2993567   0.23151352   0.18315072   0.00767493   0.04234296
5.6369811  1.3074121   0.17458844   0.17316453   0.00143057   0.03023048
5.9036870  -0.3564701   0.23527218   0.19001438   0.00308786   0.04469556
1.1633849  -0.8579723   0.19218700   0.17493989  -0.00275639   0.03361357
0.9160946  0.5294301   0.22326814   0.18613029  -0.00248535   0.04155078
1.4493519  -0.5253070   0.21750072   0.17833187  -0.00614216   0.03874958
0.5192494  -0.6875413   0.20971896   0.18154366   0.00173429   0.03807014
3.5165037  -0.5421625   0.21751580   0.18646219   0.00377006   0.04054426
6.0760700  0.3714020   0.22536954   0.18882205   0.00083193   0.04255405
4.9355301  -0.0696453   0.24671376   0.18650287   0.00690891   0.04596509
0.5157693  -0.0910491   0.25325212   0.18878639  -0.00156857   0.04780809
5.1510101  -0.5900804   0.21535070   0.18694182   0.00307969   0.04024857
5.3938341  1.4352978   0.17550440   0.17216298  -0.00027558   0.03021528
1.8342868  1.2396382   0.17840604   0.17954950  -0.00168560   0.03202987
2.1170870  -0.9157410   0.18169089   0.17486407  -0.00266036   0.03176413
4.7026380  -0.7680715   0.20082054   0.18641610   0.00087454   0.03743542
2.3995400  1.0702380   0.18459906   0.17880724   0.00005349   0.03300765
6.2408920  0.7123151   0.19636260   0.18459561  -0.00183784   0.03624430
5.0489618  0.6224798   0.20318894   0.17799264   0.00582315   0.03613223
5.3310830  -1.3727962   0.17830616   0.17489345   0.00109340   0.03118339
5.9888814  -0.7474288   0.20183273   0.18520047   0.00100865   0.03737850
5.8302566  0.9665500   0.17880887   0.17830373   0.00157178   0.03187982
5.1992992  0.0192998   0.24526560   0.18706654   0.00719332   0.04582924
1.4628281  1.2791448   0.17680468   0.18020426   0.00077272   0.03186036
4.7852060  -0.5386633   0.21984075   0.18769147   0.00276311   0.04125460
0.1865287  0.4280508   0.22510360   0.18831556  -0.00276935   0.04238284
4.2666623  1.3670946   0.17441063   0.17326005   0.00172614   0.03021541
3.9649542  -0.9536155   0.19161931   0.18029322   0.00044355   0.03454746
2.9995588  -0.0037856   0.24778278   0.19146715  -0.00194300   0.04743849
3.8475670  -0.8084540   0.19983013   0.18219328   0.00207801   0.03640339
2.1592574  0.2004128   0.24272609   0.18871303  -0.00573945   0.04577263
3.4984675  -0.7775885   0.19768611   0.18310185   0.00373233   0.03618276
2.8372011  1.1272939   0.17972580   0.17938446   0.00112655   0.03223874
5.0286328  -0.2123782   0.24249980   0.18774483   0.00591742   0.04549307
2.9987037  0.0915313   0.24805321   0.19148529  -0.00228594   0.04749331
0.6523254  0.4977855   0.22485226   0.18639001  -0.00349708   0.04189799
0.9254111  0.6069737   0.21650861   0.18542336  -0.00193267   0.04014202
5.1101599  -0.1245084   0.24520385   0.18762615   0.00653870   0.04596390
1.8346225  -0.1997205   0.23948190   0.18369102  -0.00790779   0.04392814
4.2376509  0.5693607   0.21822320   0.17861034   0.00373423   0.03896298
0.5279631  -0.0355106   0.25380403   0.18895774  -0.00198886   0.04795428
1.1981078  -0.7138383   0.20344433   0.17639749  -0.00371126   0.03587330
2.3825761  0.3442711   0.23529910   0.18909922  -0.00418623   0.04447735
2.4790434  0.6707724   0.20891447   0.18559293  -0.00166249   0.03877029
5.5229221  -0.8205600   0.19759171   0.18311141   0.00103365   0.03618023
4.8851027  -0.9755559   0.18736941   0.18382913   0.00114669   0.03444264
3.8376638  0.2877138   0.24523221   0.18559366   0.00164095   0.04551085
3.4421682  -0.6333693   0.20823812   0.18540934   0.00374324   0.03859528
3.5206755  1.4103799   0.17472233   0.17465532  -0.00201598   0.03051212
5.1274269  0.4556413   0.21789706   0.18087502   0.00700559   0.03936306
5.9452898  -0.3687432   0.23451950   0.18997519   0.00295521   0.04454415
0.9642380  -0.3980205   0.23542753   0.18188524  -0.00341063   0.04280916
5.1349533  -0.2851770   0.23865300   0.18821557   0.00533615   0.04488974
4.3921019  -0.7061816   0.20714763   0.18596695   0.00040257   0.03852245
3.9838611  -0.1061384   0.25224209   0.18755963   0.00397359   0.04729464
1.1617521  0.0205831   0.25223234   0.18573929  -0.00538443   0.04682047
4.1061805  -0.4093561   0.23357812   0.18697675   0.00312844   0.04366389
6.1107324  0.5555761   0.20847742   0.18652888  -0.00024074   0.03888700
1.0707496  -0.2666658   0.24426031   0.18299103  -0.00481397   0.04467427
4.8694508  -0.2545567   0.24089783   0.18752612   0.00541736   0.04514529
5.6108953  -0.8345375   0.19645452   0.18290240   0.00064967   0.03593158
4.2089685  0.0484629   0.25281033   0.18549868   0.00504903   0.04687049
6.0325428  -0.2799991   0.24074315   0.19074008   0.00294937   0.04591067
6.2260842  -0.2716323   0.24236834   0.19066182   0.00235316   0.04620485
1.6468749  1.4661423   0.17387280   0.17765658  -0.00086991   0.03088889
2.8647446  -0.5415303   0.20888177   0.18626912  -0.00088490   0.03890744
2.4539715  0.3731793   0.23341589   0.18909651  -0.00379301   0.04412374
1.0307316  0.7248734   0.20660071   0.18459721  -0.00062525   0.03813752
0.5397960  0.2844329   0.24150817   0.18851432  -0.00347925   0.04551564
0.6402949  -0.5613543   0.22197485   0.18227187   0.00036862   0.04045963
3.7907031  -0.7320152   0.20492740   0.18330884   0.00278321   0.03755726
4.1346125  -0.4839586   0.22721510   0.18660192   0.00258059   0.04239211
5.7002139  -1.2657162   0.17884050   0.17617263  -0.00139346   0.03150486
1.7349249  -0.5528796   0.21121061   0.17835246  -0.00650190   0.03762766
4.7273176  -0.6124341   0.21358034   0.18741280   0.00199581   0.04002371
1.5796016  0.7209566   0.20447426   0.18677913  -0.00122850   0.03819001
0.3589077  -0.5337952   0.22382550   0.18551485   0.00195472   0.04151913
3.3055552  -0.4501079   0.22274536   0.18810588   0.00272493   0.04189229
1.2042758  1.0768822   0.18447363   0.18137932   0.00177174   0.03345656
5.0561110  -0.0913799   0.24594659   0.18717565   0.00678789   0.04598914
4.4823906  -0.7589674   0.20245634   0.18595214   0.00012060   0.03764718
4.2301232  1.1975227   0.17694646   0.17293113   0.00157527   0.03059707
2.4381085  1.0524037   0.18510610   0.17911357   0.00021081   0.03315497
4.8211267  0.7312528   0.19594315   0.17613418   0.00485686   0.03448870
1.5723274  0.4610723   0.22669898   0.18777105  -0.00322269   0.04255712
0.2294775  -0.2216142   0.24716288   0.18986855   0.00098047   0.04692750
5.0467762  -0.8711289   0.19368434   0.18426642   0.00181892   0.03568621
0.1727184  1.0799233   0.17944530   0.17932314  -0.00276736   0.03217104
5.9727879  -0.9238462   0.18909463   0.18238711  -0.00011016   0.03448841
1.5157338  0.4613359   0.22690503   0.18771031  -0.00306749   0.04258301
2.3275658  0.3394101   0.23553930   0.18896970  -0.00437020   0.04449069
0.9028708  1.4305317   0.17771810   0.17421879   0.00129393   0.03096016
4.3468053  -0.4836168   0.22654621   0.18706682   0.00235301   0.04237374
2.2382453  -0.0655386   0.24371284   0.18786335  -0.00676612   0.04573893
2.7488813  0.7610464   0.20095471   0.18477155  -0.00076960   0.03713012
2.9574131  -0.7420941   0.19252008   0.18369989   0.00051826   0.03536565
1.7208946  -1.1053931   0.17533894   0.17385057  -0.00097590   0.03048182
2.1002176  1.0858082   0.18398105   0.17971173  -0.00149706   0.03306131
5.6453905  -1.1034713   0.18301012   0.17836797  -0.00070993   0.03264264
1.3362966  -0.0839303   0.24952556   0.18423130  -0.00647881   0.04592844
0.1855806  1.0300936   0.18128842   0.17992234  -0.00296125   0.03260907
2.4460581  0.4645853   0.22637695   0.18823510  -0.00318894   0.04260192
2.7039843  -0.3496381   0.22583118   0.18801197  -0.00321115   0.04244865
5.6599940  0.0440712   0.24442512   0.18982893   0.00522559   0.04637165
3.2233980  0.9575942   0.18638496   0.18153542  -0.00172993   0.03383248
5.2718842  -0.6468660   0.21076959   0.18609318   0.00265687   0.03921573
5.1643907  0.8428313   0.18579045   0.17547734   0.00342671   0.03259027
0.2820514  -0.0117106   0.25192684   0.19043081  -0.00070740   0.04797413
4.4641346  0.0070388   0.25076672   0.18509401   0.00616817   0.04637737
2.2947689  0.1818753   0.24346288   0.18929586  -0.00548569   0.04605642
5.9738821  -0.1289493   0.24640872   0.19130920   0.00325532   0.04712966
5.7243870  -0.3342303   0.23632470   0.18976220   0.00366092   0.04483209
5.6257414  -0.4090359   0.23081274   0.18887128   0.00347417   0.04358183
5.2579875  -0.3753236   0.23282956   0.18831402   0.00453710   0.04382448
0.9485056  -0.9358015   0.18902330   0.17456973  -0.00102527   0.03299669
6.1949084  0.5405038   0.21080326   0.18697433  -0.00103150   0.03941373
3.4455677  -0.6287927   0.20868695   0.18546318   0.00374679   0.03868971
0.4149472  -1.1699176   0.17844826   0.17595933   0.00228358   0.03139442
3.1372706  1.2006112   0.17619888   0.17886002  -0.00044904   0.03151474
3.7841629  -0.3184167   0.23982300   0.18795472   0.00365540   0.04506250
1.5601309  -0.1678798   0.24391079   0.18316719  -0.00750085   0.04462019
0.7423235  0.1952127   0.24834584   0.18806653  -0.00372400   0.04669167
5.9038803  0.7045169   0.19411962   0.18304549   0.00143942   0.03553065
0.8176007  0.2813753   0.24325433   0.18763292  -0.00375249   0.04562844
0.1883864  0.0524752   0.24989405   0.19080469  -0.00057462   0.04768063
3.4629676  -0.7449536   0.19950381   0.18370023   0.00376409   0.03663473
0.3834696  -0.2962132   0.24391408   0.18819903   0.00061726   0.04590401
4.8631242  -0.3634618   0.23392528   0.18784097   0.00445454   0.04392091
0.0443406  0.1508633   0.24439491   0.19084875  -0.00022348   0.04664241
0.4141671  0.1693602   0.24754322   0.18958704  -0.00259542   0.04692425
2.4144111  -0.1579590   0.23951183   0.18825585  -0.00594071   0.04505421
1.0442722  0.9622019   0.19078544   0.18162239   0.00100286   0.03464990
3.7919110  1.1866515   0.17894404   0.17365976  -0.00131329   0.03107365
5.6709499  0.1749432   0.23861381   0.18887956   0.00513883   0.04504287
4.3878453  -0.7455439   0.20402105   0.18560614   0.00008937   0.03786755
3.3622345  0.7435853   0.20317726   0.18367286  -0.00255137   0.03731164
4.7186225  -0.0407641   0.24838494   0.18562384   0.00674979   0.04606061
1.3523593  -0.6937600   0.20314969   0.17640992  -0.00462789   0.03581620
3.7434806  0.7758360   0.20196053   0.17926857  -0.00146308   0.03620304
5.4771117  -1.2256521   0.18061426   0.17638969   0.00008177   0.03185849
5.6741990  0.8156027   0.18612564   0.17915036   0.00274882   0.03333692
2.6365936  -0.3164574   0.22846834   0.18800181  -0.00394512   0.04293690
1.9502335  0.0568124   0.24613073   0.18708788  -0.00697782   0.04599939
4.6677291  -0.7157034   0.20505936   0.18678628   0.00103974   0.03830119
5.9551452  0.3591772   0.22554538   0.18849042   0.00210217   0.04250872
1.6878496  0.8275587   0.19627637   0.18573731  -0.00120413   0.03645439
0.6951490  -0.5798104   0.22014292   0.18143678  -0.00000219   0.03994202
0.5528253  -1.1262143   0.18047053   0.17502613   0.00193349   0.03158332
3.5403173  -0.8303801   0.19474970   0.18216446   0.00358770   0.03546360
4.1491103  -1.2862794   0.17958438   0.17669588  -0.00185592   0.03172838
6.1089973  0.6202145   0.20259093   0.18558124  -0.00040492   0.03759691
5.9516980  -1.1116117   0.18044873   0.17948988  -0.00114071   0.03238742
3.7193172  0.4619445   0.23131913   0.18440002  -0.00033476   0.04265514
4.2065877  -0.0249738   0.25294977   0.18613027   0.00494394   0.04705717
2.5184572  -0.0757223   0.24340485   0.18963070  -0.00524721   0.04612950
5.9124917  0.9988701   0.17775147   0.17861409   0.00106794   0.03174778
5.5274444  -0.6578729   0.21004646   0.18569779   0.00199052   0.03900120
4.8159982  -0.1530562   0.24559152   0.18680951   0.00616468   0.04584083
4.5542244  0.3718370   0.23196152   0.18038595   0.00672156   0.04179742
2.1037805  -0.9335457   0.18091615   0.17462234  -0.00247637   0.03158587
3.3260123  0.8226502   0.19628038   0.18278737  -0.00243350   0.03587165
0.1168280  1.3679338   0.17391147   0.17683983  -0.00158344   0.03075197
0.7894691  -0.3550186   0.24011400   0.18390170  -0.00205305   0.04415316
4.1644836  -0.6691065   0.21114701   0.18515590   0.00108359   0.03909394
5.3441715  -1.0775032   0.18452172   0.17922103   0.00106191   0.03306905
6.1060868  0.8215964   0.18712603   0.18253027  -0.00062882   0.03415577
4.7902667  0.8152454   0.18980053   0.17533432   0.00401069   0.03326246
2.5642100  0.2643336   0.24042168   0.19014047  -0.00408040   0.04569724
1.3692928  -0.4894883   0.22204091   0.17885834  -0.00599321   0.03967795
4.0305271  -0.6604774   0.21192999   0.18471855   0.00174459   0.03914436
3.1585435  -0.1092326   0.24609998   0.19107439  -0.00023850   0.04702335
0.5872473  -0.4840380   0.22929795   0.18398386   0.00038476   0.04218697
3.3191953  -0.8532088   0.18973324   0.18244782   0.00330831   0.03460547
1.9136058  -0.6960994   0.19684096   0.17701617  -0.00509107   0.03481811
0.8253544  -0.3226644   0.24239007   0.18402717  -0.00253987   0.04459991
4.5661498  -0.8249709   0.19713579   0.18568501  -0.00004084   0.03660516
0.6340248  -0.6614119   0.21236402   0.18075258   0.00086062   0.03838460
2.9733592  1.1637087   0.17772709   0.17933728   0.00060507   0.03187273
4.6531129  -0.8308688   0.19636615   0.18582581   0.00031646   0.03648980
1.0162948  -0.3948441   0.23518969   0.18157087  -0.00388721   0.04268849
1.8021004  -0.4957455   0.21583688   0.17935602  -0.00693294   0.03866358
0.0120911  1.4672399   0.17284520   0.17669415  -0.00059079   0.03054039
1.2484204  0.6131457   0.21502173   0.18661551  -0.00119276   0.04012497
2.0395087  -0.3603301   0.22604778   0.18269193  -0.00734849   0.04124311
5.6618260  -1.0074711   0.18655884   0.17999563  -0.00041073   0.03357961
3.9428226  -0.5169159   0.22409731   0.18611941   0.00295896   0.04170010
2.7690205  -0.5138661   0.21088120   0.18611479  -0.00196159   0.03924426
0.2469097  0.2707333   0.23916420   0.18964392  -0.00233506   0.04535058
0.3348579  0.6392289   0.20828581   0.18523318  -0.00380169   0.03856699
5.2281335  -0.5813926   0.21619807   0.18688166   0.00310055   0.04039384
4.5133533  -0.6119807   0.21449198   0.18705089   0.00135831   0.04011907
4.6305002  0.8509009   0.18886326   0.17501000   0.00370288   0.03303925
0.5496740  0.3932947   0.23299594   0.18765371  -0.00368093   0.04370900
0.8760137  -0.7393066   0.20447899   0.17743745  -0.00097374   0.03628128
0.5662141  -0.4259316   0.23451667   0.18501943   0.00021506   0.04339009
0.4522846  -0.7727694   0.20178212   0.18092115   0.00226248   0.03650154
3.2089738  0.6152280   0.21438198   0.18656440  -0.00241671   0.03999020
2.7879380  0.2202615   0.24328183   0.19094588  -0.00339124   0.04644216
4.7813179  -1.1960421   0.17872272   0.18129182   0.00054160   0.03240067
0.4113919  -1.0072317   0.18500936   0.17791319   0.00246175   0.03290955
0.5487686  1.3188019   0.17871183   0.17494544  -0.00156964   0.03126236
5.6053759  0.0626419   0.24377495   0.18938941   0.00558505   0.04613720
3.9206301  0.0587185   0.25412712   0.18712635   0.00336237   0.04754257
4.2583623  -0.8550312   0.19678840   0.18360594  -0.00058867   0.03613117
5.1218885  1.5008068   0.17453407   0.17368466  -0.00179754   0.03031066
2.8458781  -0.9420956   0.18005769   0.18002050  -0.00048131   0.03241384
6.0916171  0.5512476   0.20869400   0.18651940  -0.00003088   0.03892548
0.6256251  -0.7815724   0.20149924   0.17893673   0.00131082   0.03605390
3.3716680  -0.5716546   0.21256629   0.18643747   0.00343784   0.03961850
1.4483888  0.5404343   0.22038795   0.18749793  -0.00217085   0.04131757
5.9231664  0.1065347   0.24310336   0.19069391   0.00326332   0.04634768
3.1525461  0.4645751   0.22821967   0.18870941  -0.00243702   0.04306126
2.8889912  0.4623683   0.22726820   0.18911761  -0.00251745   0.04297408
2.1503041  -0.8221066   0.18661787   0.17620847  -0.00357622   0.03287086
5.0732831  0.3488508   0.22782859   0.18215321   0.00760529   0.04144187
1.5001435  0.3727304   0.23409824   0.18760730  -0.00385388   0.04390369
6.1984426  -0.6453262   0.21096627   0.18668807   0.00205253   0.03938067
4.0195016  0.9046294   0.19150069   0.17521131   0.00050394   0.03355283
3.3882094  -0.4711447   0.22205885   0.18768461   0.00324052   0.04166653
0.0379652  1.0006524   0.18039930   0.18055108  -0.00222764   0.03256633
0.1146986  1.0666707   0.17907821   0.17963092  -0.00253052   0.03216158
4.7257560  0.8740179   0.18639265   0.17488125   0.00346907   0.03258455
4.2002853  0.5197254   0.22340010   0.17950770   0.00366673   0.04008859
0.3187529  -1.0170731   0.18400848   0.17876297   0.00246246   0.03288784
2.7951702  -0.1765819   0.23947853   0.19026178  -0.00295038   0.04555491
5.4022531  -0.3750843   0.23300570   0.18859182   0.00428106   0.04392464
5.1055976  0.7122908   0.19520353   0.17697288   0.00487221   0.03452199
0.3371839  -0.3878949   0.23684815   0.18758887   0.00138997   0.04442814
1.2198763  0.2191135   0.24581715   0.18691729  -0.00455595   0.04592672
1.3549122  0.7646261   0.20194544   0.18596518  -0.00011449   0.03755481
5.0613961  -0.5484738   0.21879518   0.18741024   0.00330358   0.04099354
4.2826797  0.9352617   0.18728343   0.17428923   0.00231669   0.03263612
4.3743781  -1.3478896   0.17671998   0.17792915  -0.00205692   0.03143940
0.4760556  -0.6345140   0.21461549   0.18283759   0.00179563   0.03923656
6.1081326  -0.2396751   0.24332146   0.19099209   0.00271114   0.04646512
4.9206662  0.5259679   0.21325174   0.17885208   0.00671695   0.03809540
0.0164734  -0.1533609   0.24808900   0.19110867   0.00166873   0.04740918
2.4849216  0.6069064   0.21432367   0.18654326  -0.00209301   0.03997625
0.0693786  -0.0192703   0.24996181   0.19122297   0.00065650   0.04779801
4.3498764  0.7641809   0.19897124   0.17582180   0.00348917   0.03497131
4.0587945  0.3186617   0.24210176   0.18334253   0.00335941   0.04437626
1.4565990  0.4207095   0.23054041   0.18761832  -0.00329855   0.04324272
5.4241095  -0.9421780   0.19037506   0.18119228   0.00093841   0.03449361
5.6122474  -0.2480990   0.24102536   0.18988560   0.00449801   0.04574701
1.5341192  0.4472006   0.22800902   0.18773401  -0.00324609   0.04279451
3.5596870  0.3455078   0.24060901   0.18739645  -0.00071829   0.04508876
4.6972013  -0.7350671   0.20341088   0.18667057   0.00104064   0.03796974
0.5692912  0.2910897   0.24128293   0.18836547  -0.00354600   0.04543680
3.8765315  -0.1232224   0.25160283   0.18811089   0.00362419   0.04731610
2.5122709  1.2153724   0.18007915   0.17668352   0.00105850   0.03181590
1.5057975  -0.0556096   0.24833725   0.18448852  -0.00703615   0.04576586
3.4163130  0.5176932   0.22489071   0.18647367  -0.00217184   0.04193148
3.1353453  1.2649809   0.17484720   0.17823084  -0.00029479   0.03116308
2.1602696  -0.8393559   0.18556309   0.17601417  -0.00340490   0.03265014
3.7051477  -0.6214515   0.21306390   0.18496719   0.00351920   0.03939745
0.2100347  -0.9739506   0.18584937   0.18038127   0.00227053   0.03351859
2.0105757  -0.5378871   0.21008529   0.17975236  -0.00639501   0.03772243
2.8779964  0.5336015   0.22092240   0.18826960  -0.00222668   0.04158801
4.7300140  0.1253267   0.24545412   0.18375814   0.00749488   0.04504802
4.5775547  0.0864491   0.24836561   0.18410830   0.00690087   0.04567855
0.5686259  0.9817822   0.18863483   0.17941171  -0.00236092   0.03383772
5.9566573  0.6969561   0.19496354   0.18355806   0.00095749   0.03578621
3.3068294  0.5170443   0.22429669   0.18729386  -0.00237580   0.04200375
3.8240933  -1.1788618   0.18249825   0.17646742   0.00081026   0.03220434
4.0890614  0.3780026   0.23724663   0.18229167   0.00335399   0.04323684
3.9834717  -0.3609563   0.23742816   0.18726815   0.00351789   0.04445036
1.4566167  0.1010268   0.24853513   0.18605964  -0.00603758   0.04620590
5.6982470  0.3799988   0.22275236   0.18656783   0.00443231   0.04153878
5.3665727  0.2044217   0.23701338   0.18629578   0.00697575   0.04410593
1.6043860  0.2671762   0.24072026   0.18737134  -0.00506767   0.04507840
5.6315204  -0.3580919   0.23453280   0.18931352   0.00378907   0.04438587
2.2306461  0.4725125   0.22549021   0.18782921  -0.00363551   0.04234043
3.7798221  0.1276064   0.25282604   0.18765232   0.00213808   0.04743882
5.7149856  0.0305174   0.24491012   0.19019832   0.00486125   0.04655786
0.0183658  -0.2395674   0.24465020   0.19068070   0.00199905   0.04664607
4.6284528  -0.3892804   0.23289204   0.18762158   0.00366650   0.04368213
1.2530778  0.8195504   0.19845395   0.18492326   0.00044277   0.03669856
4.4604997  -1.0607372   0.18436629   0.18246351  -0.00144850   0.03363802
1.5255572  -0.5606513   0.21308339   0.17790340  -0.00615127   0.03787042
5.3503598  -0.4619160   0.22631954   0.18789952   0.00375354   0.04251124
0.5840643  0.4279167   0.23036906   0.18723853  -0.00368617   0.04312038
3.8495888  -0.0578188   0.25347599   0.18813506   0.00336444   0.04767640
2.8526836  0.1292836   0.24651635   0.19134063  -0.00314964   0.04715867
5.6335324  0.3432926   0.22597308   0.18658546   0.00507316   0.04213755
6.1878070  -0.7640027   0.20032749   0.18499394   0.00156373   0.03705693
6.1109240  -0.8318230   0.19491607   0.18403322   0.00091922   0.03587019
1.9818334  0.6741519   0.20828405   0.18622078  -0.00259826   0.03878007
4.2289809  -0.2955795   0.24189857   0.18719514   0.00382495   0.04526761
2.4292234  -1.0701287   0.17632888   0.17460784  -0.00187707   0.03078488
1.2532878  -0.2941782   0.24021049   0.18178041  -0.00604132   0.04362906
4.1505396  -0.4109726   0.23338133   0.18699329   0.00306244   0.04363136
1.1915012  -0.1663498   0.24835397   0.18366356  -0.00580601   0.04557987
1.2211830  -0.5875179   0.21485354   0.17789789  -0.00458110   0.03820100
1.5965637  1.2876453   0.17649782   0.18013977  -0.00030439   0.03179418
5.5074155  -1.0070975   0.18717392   0.17990577   0.00031932   0.03367357
4.3024118  1.0360381   0.18172200   0.17364739   0.00207680   0.03155124
2.7724587  0.2054769   0.24382503   0.19097839  -0.00347872   0.04655321
4.3755013  0.6786449   0.20613891   0.17673571   0.00413410   0.03641502
2.9032754  0.6338379   0.21177468   0.18694423  -0.00176776   0.03958693
3.0914791  0.4095976   0.23261030   0.18948396  -0.00247793   0.04406978
0.5662533  -0.3817933   0.23824926   0.18561095  -0.00004791   0.04422167
4.0937373  -0.2435848   0.24566120   0.18736738   0.00396915   0.04601314
4.6288316  -0.2064367   0.24460918   0.18687975   0.00531723   0.04568423
4.6375457  -0.0073192   0.24913159   0.18517837   0.00671878   0.04608864
1.1004513  0.2925886   0.24204347   0.18718499  -0.00385644   0.04529203
0.3843930  0.5377335   0.21805705   0.18649277  -0.00377503   0.04065181
1.4122990  0.9323239   0.19027717   0.18452497   0.00061254   0.03511051
4.5855997  -0.9487405   0.18919291   0.18444476  -0.00051726   0.03489537
1.2412026  -0.9523947   0.18517007   0.17420925  -0.00265463   0.03225129
0.8022072  -0.9515500   0.18883817   0.17506109   0.00021487   0.03305817
1.0903241  -0.2288699   0.24633588   0.18336765  -0.00505423   0.04514449
0.3937268  0.3049034   0.23842643   0.18890357  -0.00316787   0.04502957
0.5470245  0.1003626   0.25162739   0.18907954  -0.00282534   0.04756961
5.4504638  -0.5531555   0.21885802   0.18705457   0.00289563   0.04093001
2.3762195  0.0528329   0.24564810   0.18947317  -0.00578375   0.04651027
5.8304031  0.6855442   0.19538277   0.18275680   0.00214554   0.03570293
5.8363468  -0.6611092   0.20943901   0.18619205   0.00142680   0.03899384
1.7628814  -0.6104634   0.20558545   0.17767861  -0.00601745   0.03649193
5.3108540  0.4254013   0.21949033   0.18265115   0.00664345   0.04004603
5.8668982  -0.9949722   0.18584411   0.18089354  -0.00070198   0.03361751
0.3205936  0.1123049   0.24925344   0.19016783  -0.00177703   0.04739683
2.0331327  -0.3424778   0.22760874   0.18291534  -0.00742745   0.04157796
2.4023288  -0.3160456   0.22834279   0.18624455  -0.00579749   0.04249399
5.0993101  0.0385448   0.24526942   0.18628544   0.00744160   0.04563474
0.6919105  0.7469810   0.20415258   0.18310858  -0.00245609   0.03737606
1.2490095  0.4513277   0.22908963   0.18724225  -0.00266519   0.04288816
2.6322540  -0.3331976   0.22702949   0.18776077  -0.00393061   0.04261178
3.6804393  -0.9556701   0.18954721   0.17986162   0.00264592   0.03408527
4.9878642  0.1056665   0.24393460   0.18493518   0.00774971   0.04505203
5.4783666  -0.4016804   0.23116645   0.18857656   0.00390840   0.04357730
2.5259509  0.2808841   0.23944014   0.18992695  -0.00412869   0.04545909
0.2413522  0.8482730   0.19106966   0.18235919  -0.00352513   0.03483088
5.7826396  1.2792639   0.17397767   0.17453128   0.00170129   0.03036165
2.5647955  0.0149944   0.24572505   0.19034527  -0.00486920   0.04674889
5.7285020  0.7112583   0.19324017   0.18141539   0.00284916   0.03504862
0.2789412  -0.6317783   0.21393035   0.18483008   0.00244441   0.03953479
2.7073587  -0.8961072   0.18179195   0.17951794  -0.00153235   0.03263257
1.2619708  0.8220348   0.19822751   0.18495150   0.00045104   0.03666227
1.5283752  -1.1784956   0.17408797   0.17410721  -0.00115273   0.03030864
6.1843857  -0.4803052   0.22626179   0.18882731   0.00244935   0.04271841
5.8127002  0.7864045   0.18797754   0.18092678   0.00199951   0.03400617
1.3927005  1.0644580   0.18378194   0.18282788   0.00111442   0.03359922
2.8629571  0.3807485   0.23383021   0.18993114  -0.00281073   0.04440374
2.7067341  -0.0479929   0.24490523   0.19072387  -0.00393849   0.04669376
2.7681365  -0.5925619   0.20360968   0.18489152  -0.00170114   0.03764281
0.0031517  0.6357397   0.20334874   0.18576288  -0.00211723   0.03777017
4.3191713  0.7399248   0.20142372   0.17614250   0.00343742   0.03546746
3.9386721  -0.0664289   0.25335309   0.18766649   0.00376797   0.04753169
2.3922761  0.8645641   0.19468829   0.18235792  -0.00076918   0.03550236
2.6995528  0.1862597   0.24423651   0.19087313  -0.00382967   0.04660352
4.9684580  0.3799466   0.22611600   0.18112697   0.00757439   0.04089833
0.3594601  0.7788678   0.19763626   0.18307464  -0.00372921   0.03616828
2.9002499  -0.0963642   0.24430758   0.19106643  -0.00233432   0.04667353
1.0529241  -0.3482799   0.23860699   0.18199469  -0.00439481   0.04340589
2.7743712  0.0113713   0.24650013   0.19115436  -0.00352572   0.04710714
4.1273003  0.5531031   0.22100003   0.17945772   0.00284433   0.03965207
5.1082557  -0.0769838   0.24594240   0.18731591   0.00684373   0.04602209
0.4294841  -0.1371479   0.25177041   0.18912651  -0.00072186   0.04761594
6.0282026  -0.7732754   0.19964087   0.18486193   0.00095230   0.03690509
2.6357330  1.2252535   0.17894177   0.17706335   0.00157170   0.03168156
1.5729438  -0.1352998   0.24522361   0.18360525  -0.00747785   0.04496843
5.6518449  0.6358460   0.19935170   0.18201295   0.00370334   0.03627087
4.6316171  1.2710585   0.17277624   0.17434926   0.00088188   0.03012263
3.1836189  0.9954052   0.18415391   0.18121591  -0.00138500   0.03336970
0.1655401  -0.6195582   0.21447533   0.18591191   0.00249506   0.03986729
4.9517391  -1.2451800   0.17815061   0.17965767   0.00160367   0.03200355
4.9180510  0.0010525   0.24683769   0.18576975   0.00730850   0.04580156
5.7067858  -0.3186204   0.23729308   0.18982267   0.00379854   0.04502918
2.6302676  0.0361072   0.24612096   0.19070071  -0.00444741   0.04691566
0.2174945  0.6407819   0.20623173   0.18550010  -0.00349658   0.03824378
3.5980331  0.9244651   0.19015464   0.17857228  -0.00238690   0.03395065
0.2112704  -0.5978992   0.21681507   0.18587688   0.00246283   0.04029484
4.7807768  0.4632989   0.22073692   0.17930931   0.00702498   0.03953083
3.6996584  -0.7140725   0.20535104   0.18363157   0.00331944   0.03769791
4.6577577  0.0303817   0.24864633   0.18478610   0.00696212   0.04589791
2.6871477  -0.5093329   0.21097350   0.18561423  -0.00277880   0.03915196
1.5589260  -0.7768707   0.19356152   0.17561825  -0.00439389   0.03397363
4.7869963  -0.0963019   0.24721974   0.18628374   0.00653278   0.04601034
1.7482603  -0.6524474   0.20196667   0.17712346  -0.00562861   0.03574135
3.0169067  -0.6160608   0.20347546   0.18581259   0.00089162   0.03780751
2.7849958  -0.2148900   0.23694114   0.18990226  -0.00291620   0.04498715
3.6123053  0.4592128   0.23130177   0.18549021  -0.00104927   0.04290311
5.7522309  -0.6832385   0.20767820   0.18565114   0.00133352   0.03855392
3.5009024  1.1828633   0.17778237   0.17640346  -0.00227565   0.03135625
4.4189905  -0.4602562   0.22818975   0.18728933   0.00260785   0.04273070
4.6274333  -0.6607628   0.20977595   0.18707383   0.00127837   0.03924196
1.6006983  -0.0671126   0.24715517   0.18449168  -0.00734155   0.04554417
3.6284485  -0.5826551   0.21548660   0.18564191   0.00376069   0.03998920
4.8056884  1.1741340   0.17385827   0.17396222   0.00060307   0.03024441
3.8008636  0.3758546   0.23877756   0.18480816   0.00081451   0.04412738
4.3884271  0.8195252   0.19404368   0.17523451   0.00337202   0.03399178
4.2436284  1.1105689   0.17930940   0.17321116   0.00169602   0.03105551
2.2254976  -0.9598817   0.17968595   0.17472266  -0.00232951   0.03138978
2.7437229  -0.5605075   0.20641756   0.18522403  -0.00204795   0.03822930
2.0239126  -1.4215429   0.17433105   0.17294817   0.00143271   0.03014818
2.0693835  -0.3456051   0.22711137   0.18312925  -0.00731821   0.04153718
2.8733021  -0.9843132   0.17851019   0.17963955  -0.00029470   0.03206740
1.6356267  0.7195979   0.20446420   0.18676603  -0.00147294   0.03818480
6.0543176  -1.3307229   0.17485693   0.17740035  -0.00137926   0.03101778
1.7482601  -0.5997538   0.20671800   0.17777903  -0.00611283   0.03671276
5.0913816  -0.6714734   0.20844950   0.18635248   0.00259311   0.03883836
4.6983023  0.1757632   0.24356154   0.18305983   0.00750121   0.04453006
4.5520482  -0.1137381   0.24860345   0.18615636   0.00581507   0.04624530
3.7192983  0.8635338   0.19487253   0.17817345  -0.00178759   0.03471792
3.6761467  0.5409145   0.22382955   0.18367068  -0.00105464   0.04110981
2.3217028  0.0232614   0.24547257   0.18902367  -0.00613674   0.04636247
2.2375293  -0.4653721   0.21548623   0.18255132  -0.00615137   0.03929946
3.7357713  -0.9529992   0.19028184   0.17984243   0.00228677   0.03421552
3.7243988  -0.8288301   0.19734094   0.18182783   0.00282160   0.03587411
5.8598598  -0.6612207   0.20940016   0.18624686   0.00142382   0.03899809
4.2687055  0.9711950   0.18533295   0.17401654   0.00212302   0.03224649
1.7599441  1.0302376   0.18481061   0.18302375  -0.00119747   0.03382330
1.6445073  -0.4199588   0.22462915   0.17991142  -0.00726457   0.04036058
6.0682566  -0.4292886   0.23020306   0.18948384   0.00259865   0.04361301
4.9490518  -0.5095086   0.22210208   0.18772095   0.00341355   0.04168156
3.8501556  -0.3415337   0.23845762   0.18762787   0.00365518   0.04472793
5.9416753  0.9567392   0.17931749   0.17944761   0.00084735   0.03217738
4.7469507  -0.7066697   0.20557235   0.18687704   0.00142346   0.03841473
5.2994602  -0.2266949   0.24163696   0.18872318   0.00556289   0.04557155
2.3850363  1.3021864   0.17923529   0.17528147   0.00035412   0.03141650
3.5308251  -0.2594105   0.24172735   0.18923816   0.00294936   0.04573534
2.5453438  0.8361354   0.19609958   0.18299475  -0.00042552   0.03588501
4.2253652  -0.6610458   0.21164748   0.18551946   0.00095921   0.03926381
2.8685344  -0.8794401   0.18312737   0.18109570  -0.00026614   0.03316351
1.8017668  -0.3668829   0.22749361   0.18119706  -0.00763025   0.04116295
4.5755722  -0.5545916   0.21921171   0.18742816   0.00200758   0.04108242
3.0679822  0.6936981   0.20654067   0.18598241  -0.00191737   0.03840926
5.1921367  -0.6321762   0.21186747   0.18644929   0.00281913   0.03949459
1.9625046  -0.4912930   0.21477987   0.18019207  -0.00681869   0.03865513
1.5329710  -0.1653075   0.24434519   0.18316692  -0.00741602   0.04470096
1.3848586  0.2035913   0.24545340   0.18679887  -0.00507754   0.04582464
3.4563363  0.5694146   0.22015855   0.18541293  -0.00222105   0.04081531
2.1099724  1.5184310   0.17645751   0.17378265  -0.00153987   0.03066288
1.5676665  -0.1565421   0.24435946   0.18332452  -0.00750459   0.04474076
4.5659493  -0.2163385   0.24455526   0.18689342   0.00507541   0.04568001
6.1354750  -0.1878435   0.24572776   0.19122937   0.00254146   0.04698391
2.5473301  -0.1955389   0.23736480   0.18879423  -0.00497713   0.04478833
0.4390743  0.5619997   0.21666451   0.18603089  -0.00381036   0.04029177
4.7639402  0.3570314   0.23037253   0.18072678   0.00747919   0.04157855
2.6257192  0.0518289   0.24617156   0.19071390  -0.00445654   0.04692848
1.3009381  0.6025403   0.21567743   0.18687083  -0.00132632   0.04030206
3.1539458  0.9609596   0.18607861   0.18182139  -0.00132388   0.03383132
4.7610275  0.7474050   0.19524917   0.17592214   0.00469393   0.03432662
2.9002258  1.1315322   0.17914087   0.17955890   0.00088864   0.03216555
2.7598319  -0.5862495   0.20413963   0.18493216  -0.00180325   0.03774873
5.5479085  -0.6561365   0.21018526   0.18573585   0.00194688   0.03903515
1.9562379  0.2646839   0.23982722   0.18809673  -0.00550860   0.04508037
3.2173372  -0.6634620   0.20202939   0.18537335   0.00273002   0.03744341
1.4489917  0.5580203   0.21884447   0.18744962  -0.00201588   0.04101825
2.0722213  0.4244213   0.22912322   0.18803844  -0.00421136   0.04306624
4.6024640  -1.4858838   0.17354798   0.17753023  -0.00061588   0.03080963
2.0284514  -1.0347870   0.17731379   0.17358473  -0.00139436   0.03077702
1.5444728  -0.9847409   0.18051866   0.17430837  -0.00251328   0.03145960
6.1150215  1.1944670   0.17398939   0.17786670  -0.00001845   0.03094692
1.8146624  -0.0898171   0.24471174   0.18496418  -0.00770140   0.04520360
4.1666322  0.2349699   0.24664074   0.18367741   0.00455234   0.04528161
3.8306830  1.1022979   0.18162261   0.17413639  -0.00113016   0.03162583
0.4569948  -0.6852380   0.20971690   0.18224517   0.00204715   0.03821570
0.6520284  0.7271009   0.20533226   0.18338226  -0.00278525   0.03764654
3.0821176  -0.2927218   0.23361990   0.18989623   0.00019459   0.04436350
4.6950118  -1.2853288   0.17652857   0.18022202  -0.00004481   0.03181433
4.6496201  -0.7488589   0.20247781   0.18652448   0.00075400   0.03776650
0.7345515  0.8578145   0.19676742   0.18147996  -0.00162799   0.03570669
3.1494200  0.7454911   0.20211287   0.18497998  -0.00202420   0.03738274
5.8238466  1.1100111   0.17511295   0.17641325   0.00155445   0.03088983
1.7742750  -1.3963982   0.17258933   0.17436382   0.00117530   0.03009195
3.5247719  -0.1228768   0.24944216   0.18986574   0.00217821   0.04735578
2.0275776  0.1564799   0.24428310   0.18803883  -0.00626318   0.04589548
1.1332148  -0.1865044   0.24807979   0.18367325  -0.00542111   0.04553623
5.1089347  -0.3744892   0.23281749   0.18810852   0.00463333   0.04377348
0.6023767  0.2355762   0.24531421   0.18852153  -0.00348777   0.04623485
1.2844851  0.0290699   0.25109079   0.18551043  -0.00586297   0.04654559
2.2252886  0.7596499   0.20197558   0.18432979  -0.00186552   0.03722664
4.7587614  -0.3649504   0.23415850   0.18772788   0.00421170   0.04394034
5.9852732  0.1502888   0.24130236   0.19061542   0.00261543   0.04598911
1.1341629  -1.0715626   0.18046592   0.17343456  -0.00189033   0.03129545
1.2788817  0.3553557   0.23663834   0.18730952  -0.00356545   0.04431190
1.1460542  -0.0517469   0.25208983   0.18512249  -0.00547323   0.04663754
4.8335016  -0.1713744   0.24486470   0.18697940   0.00605016   0.04574805
2.0236007  -0.6400132   0.20081861   0.17826214  -0.00550445   0.03576806
3.8262838  -0.6749816   0.20977107   0.18414883   0.00280738   0.03862122
3.5312284  0.2529955   0.24659683   0.18855484  -0.00030505   0.04649693
2.7866482  -0.1849796   0.23891266   0.19016346  -0.00299882   0.04542347
4.9539783  -0.4506220   0.22700515   0.18787965   0.00388420   0.04263456
3.8971307  -0.6705743   0.21062262   0.18427494   0.00242700   0.03880658
3.6753239  0.8062258   0.19925737   0.17951506  -0.00194671   0.03576591
1.8992853  0.9586344   0.18865554   0.18312009  -0.00168568   0.03454378
0.3310296  0.0923549   0.25011560   0.19016671  -0.00170500   0.04756075
5.0641975  0.2489997   0.23561804   0.18352397   0.00783544   0.04318016
6.1670678  0.5745432   0.20732574   0.18643524  -0.00086523   0.03865208
5.0832053  0.8867050   0.18356782   0.17485365   0.00297582   0.03208865
1.2282818  -0.7768007   0.19766994   0.17566369  -0.00352679   0.03471099
4.0129562  -0.9477217   0.19197579   0.18063100   0.00010148   0.03467677
3.9275418  0.1234861   0.25286651   0.18657008   0.00316358   0.04716732
5.3968902  -0.5228612   0.22135638   0.18736479   0.00322745   0.04146397
1.6098847  0.2528027   0.24151033   0.18730913  -0.00520671   0.04520998
0.4859481  0.1342540   0.24987034   0.18935278  -0.00272605   0.04730621
4.0012384  -0.0966812   0.25250903   0.18744995   0.00403412   0.04731653
3.4993195  0.1546450   0.25078595   0.18950446   0.00016464   0.04752503
1.0306035  -1.1699213   0.17810182   0.17285727  -0.00132516   0.03078444
2.3690856  1.2771741   0.17965165   0.17562048   0.00021285   0.03155046
1.9449171  0.2316059   0.24151985   0.18799080  -0.00576969   0.04537022
5.1834818  -0.5582378   0.21809685   0.18715718   0.00327703   0.04080765
4.4215258  -0.2266960   0.24501613   0.18692367   0.00463670   0.04577781
5.6428287  -1.2489616   0.17951675   0.17618176  -0.00106511   0.03162644
3.4215627  -0.3845021   0.23035294   0.18855327   0.00306363   0.04342441
5.4455756  -0.1612557   0.24410090   0.18932979   0.00557275   0.04618452
3.6954678  0.2495986   0.24747892   0.18725625   0.00079314   0.04634134
5.7441271  -0.7445735   0.20267765   0.18465555   0.00091977   0.03742471
5.4620491  0.0292236   0.24463959   0.18870077   0.00630400   0.04612394
1.7554106  -0.9046039   0.18335909   0.17466538  -0.00294811   0.03201779
2.7141130  -1.2452854   0.17376637   0.17544669  -0.00156639   0.03048428
5.8918275  -0.1953134   0.24411826   0.19096982   0.00359031   0.04660633
0.3451129  0.0077351   0.25228310   0.19013391  -0.00121560   0.04796609
3.4495263  -1.0875757   0.18112116   0.17870688   0.00301877   0.03235848
3.7929421  -0.1034803   0.25205773   0.18852477   0.00327032   0.04750843
3.2005589  -1.2269515   0.17491634   0.17800382   0.00166813   0.03113299
3.5491819  1.1271004   0.17975383   0.17648587  -0.00234535   0.03171851
3.9095442  0.2698735   0.24621332   0.18518484   0.00232901   0.04558955
5.2792007  0.0846667   0.24328418   0.18698362   0.00719018   0.04543846
1.6420089  0.0255393   0.24790862   0.18560530  -0.00698089   0.04596442
3.8395249  -0.0414879   0.25377414   0.18814747   0.00326638   0.04773629
4.4931755  -0.6242483   0.21352980   0.18692710   0.00121231   0.03991303
3.4318338  -1.4540057   0.17477663   0.17547843   0.00206049   0.03066528
4.8400313  0.5356265   0.21324305   0.17848349   0.00661509   0.03801660
1.6553545  -0.3665006   0.22916874   0.18067549  -0.00750894   0.04134879
4.4545553  0.1431419   0.24790505   0.18357094   0.00647412   0.04546625
1.3870701  -0.9461410   0.18394536   0.17438406  -0.00293528   0.03206852
1.5391809  -0.6235939   0.20700477   0.17716424  -0.00570854   0.03664126
2.7336336  0.5526844   0.21903332   0.18781355  -0.00212098   0.04113293
2.5660347  -0.8291405   0.18530022   0.17924298  -0.00252988   0.03320736
4.3597775  0.4981846   0.22339122   0.17909758   0.00503635   0.03998346
5.2017771  -0.0151038   0.24570708   0.18736641   0.00703695   0.04598774
5.8558819  -1.0580243   0.18314303   0.17985487  -0.00102939   0.03293811
0.8052372  -0.9604875   0.18829282   0.17493545   0.00019971   0.03293905
2.9825723  -0.0948468   0.24502251   0.19118537  -0.00168056   0.04684189
3.2532515  0.0293241   0.25043052   0.19109829  -0.00045301   0.04785664
4.1311790  -0.3798838   0.23593616   0.18710029   0.00328282   0.04413295
3.8435571  1.0099324   0.18573198   0.17504433  -0.00105725   0.03251021
0.0800247  0.7495927   0.19522475   0.18411340  -0.00283017   0.03593548
5.4161728  0.6428095   0.19931851   0.17984992   0.00485174   0.03582388
4.3578007  1.0952806   0.17877117   0.17352499   0.00206199   0.03101701
5.7660614  0.3907191   0.22188836   0.18692270   0.00380435   0.04146150
1.4315373  0.2763236   0.24115288   0.18721232  -0.00457743   0.04512584
3.4580235  -0.1907861   0.24532035   0.18989891   0.00224500   0.04658103
2.0838740  0.4544457   0.22676730   0.18788014  -0.00397852   0.04258924
2.0998306  1.5158537   0.17642090   0.17387266  -0.00159503   0.03067223
1.4829182  -0.7923180   0.19322276   0.17545862  -0.00419819   0.03388498
4.2619459  -0.2496875   0.24467680   0.18710396   0.00416094   0.04576268
0.7164035  -0.7943145   0.20039999   0.17787230   0.00063389   0.03564521
1.8011267  0.9766776   0.18743759   0.18350340  -0.00139633   0.03439349
3.3900066  -0.0713487   0.24997112   0.19054995   0.00107890   0.04763082
5.3922061  0.1696506   0.23904523   0.18690759   0.00685525   0.04463237
0.2499832  0.0929857   0.24926034   0.19050215  -0.00123587   0.04748310
2.8219276  -0.9417607   0.17998859   0.17983913  -0.00067408   0.03236854
3.5972874  0.1376853   0.25190154   0.18893823   0.00088199   0.04759305
0.0532997  -0.8791418   0.19150561   0.18281253   0.00181768   0.03500632
3.4763927  -0.3589190   0.23330633   0.18863931   0.00318139   0.04400063
5.9846236  -0.9043355   0.19024953   0.18272635   0.00003897   0.03476360
0.9781484  0.7629461   0.20377617   0.18385454  -0.00057579   0.03746484
3.5151614  0.4948684   0.22758770   0.18591984  -0.00173571   0.04231006
2.3846157  -0.6006945   0.20260237   0.18149762  -0.00464127   0.03675031
1.0025569  0.4102356   0.23345315   0.18699142  -0.00307463   0.04364428
2.6881497  0.4899054   0.22450030   0.18850645  -0.00254127   0.04231330
2.9692095  0.3981417   0.23291780   0.18978174  -0.00262409   0.04419666
3.1556901  -0.3680839   0.22810549   0.18916841   0.00123522   0.04314883
3.3526886  -0.0740712   0.24949856   0.19068797   0.00086607   0.04757562
0.1486755  -0.3577473   0.23800580   0.18919612   0.00197490   0.04502588
5.5586855  0.5492290   0.20715651   0.18267347   0.00474202   0.03781951
3.5151230  -0.2430075   0.24267840   0.18939960   0.00280523   0.04595532
0.2524840  0.3501560   0.23292102   0.18896401  -0.00277863   0.04400597
4.4859223  -0.9030906   0.19238639   0.18454440  -0.00075097   0.03550327
2.0842431  -0.0351407   0.24487017   0.18709312  -0.00719213   0.04576180
3.4436484  0.5676582   0.22025734   0.18555087  -0.00224979   0.04086388
0.7891497  -0.3535598   0.24022795   0.18392345  -0.00205816   0.04417932
3.9153307  0.0767122   0.25390148   0.18703392   0.00326542   0.04747753
4.7896225  0.8930813   0.18469548   0.17476031   0.00321430   0.03226711
1.9059130  -1.3060060   0.17329744   0.17324144   0.00097333   0.03002135
4.1564470  0.8266569   0.19611326   0.17557572   0.00186792   0.03442924
3.7558078  1.2582557   0.17736648   0.17340709  -0.00143894   0.03075454
4.4739061  0.7613388   0.19759388   0.17573664   0.00408449   0.03470780
3.3397406  0.3879543   0.23596449   0.18859781  -0.00193529   0.04449864
5.4732303  0.3213660   0.22802874   0.18558857   0.00623070   0.04228071
1.4450056  -0.2084409   0.24317199   0.18256952  -0.00713272   0.04434492
0.7969811  -0.6165652   0.21629032   0.17991649  -0.00075108   0.03891363
5.1076191  -0.4501553   0.22701491   0.18788162   0.00404420   0.04263557
5.4160196  -0.8342406   0.19675317   0.18302967   0.00136812   0.03600980
0.6285897  -0.6176409   0.21654549   0.18150440   0.00072233   0.03930344
2.4595310  -0.5558123   0.20648363   0.18293692  -0.00443692   0.03775379
2.0458431  0.2135431   0.24222341   0.18828668  -0.00583777   0.04557336
6.0699518  -1.3316588   0.17473568   0.17745598  -0.00129421   0.03100622
0.2337756  -0.7482046   0.20283478   0.18349150   0.00256165   0.03721190
3.3911168  1.0986903   0.17997107   0.17840967  -0.00218016   0.03210383
5.0406288  -0.0156858   0.24628924   0.18648499   0.00723816   0.04587686
2.3266506  0.9309864   0.19092922   0.18128063  -0.00077070   0.03461117
4.6879335  -0.3883852   0.23268314   0.18769473   0.00382187   0.04365879
3.2379453  0.9285086   0.18823995   0.18186074  -0.00188688   0.03422990
0.1788486  0.9843243   0.18299396   0.18055956  -0.00305710   0.03303196
6.1577831  0.8225379   0.18754557   0.18273602  -0.00111798   0.03427008
4.4129550  0.7244309   0.20154423   0.17616102   0.00406142   0.03548774
4.7487478  0.6109564   0.20730661   0.17737480   0.00592344   0.03673588
5.8041539  -0.0384652   0.24625254   0.19083565   0.00424856   0.04697571
1.8401344  -0.2786502   0.23418237   0.18264139  -0.00786350   0.04270956
4.1818027  1.1194179   0.17954001   0.17307101   0.00139444   0.03107123
3.0229829  0.4548057   0.22842623   0.18914360  -0.00249292   0.04319914
5.3860656  -0.9757728   0.18870819   0.18074499   0.00102412   0.03410701
1.2419100  -1.0326822   0.18104824   0.17379488  -0.00231546   0.03145990
4.0997054  -0.2534495   0.24504636   0.18735462   0.00393649   0.04589507
5.7251343  -0.4508981   0.22764111   0.18870418   0.00296334   0.04294805
3.8194899  0.4954385   0.22822192   0.18291181   0.00028660   0.04174440
4.1360942  1.0087643   0.18455777   0.17378516   0.00123637   0.03207187
2.5346371  0.4574478   0.22705102   0.18851462  -0.00302741   0.04279327
4.6964823  -0.1559565   0.24622677   0.18660478   0.00589259   0.04591237
0.9363891  0.2299642   0.24649447   0.18740129  -0.00399857   0.04617739
5.0949810  -0.5349472   0.21997063   0.18744813   0.00342279   0.04122137
1.2610303  -0.8041692   0.19505660   0.17536844  -0.00352452   0.03419435
5.5345956  1.5162220   0.17613794   0.17252555   0.00062003   0.03038791
5.3288095  -0.6366372   0.21169612   0.18610729   0.00261937   0.03939133
2.4093794  -0.1286105   0.24104485   0.18850411  -0.00596874   0.04540232
3.7326171  0.3317065   0.24217466   0.18601221   0.00054345   0.04504715
4.7133107  -0.6683425   0.20884015   0.18712139   0.00153900   0.03907609
1.4911313  -0.8821033   0.18675667   0.17480621  -0.00343824   0.03263440
3.2740991  -0.8047557   0.19211873   0.18324387   0.00313948   0.03519472
0.0077305  0.3489636   0.22970249   0.18936577  -0.00108264   0.04349662
4.5604194  0.9407679   0.18392308   0.17443541   0.00298045   0.03207381
4.3403919  -0.5375981   0.22187048   0.18683857   0.00186743   0.04145048
1.0790292  0.9084301   0.19362882   0.18263702   0.00082335   0.03536311
4.9990100  0.7453829   0.19332246   0.17625493   0.00461665   0.03405272
5.5170158  -0.6960234   0.20692624   0.18512341   0.00177384   0.03830375
5.3986295  -0.3317885   0.23594522   0.18881415   0.00460104   0.04452863
3.6879208  0.6237940   0.21585460   0.18226559  -0.00134096   0.03934107
3.4467726  -0.0116427   0.25187603   0.19033679   0.00100784   0.04794026
1.8307762  -0.5468409   0.21077670   0.17874981  -0.00654211   0.03763350
0.3498645  0.0038420   0.25237212   0.19010630  -0.00121657   0.04797605
2.5070361  -0.3000108   0.22962788   0.18728997  -0.00507866   0.04298121
5.1476836  0.4857793   0.21495506   0.18053611   0.00677555   0.03876124
0.8821987  0.1078327   0.25212777   0.18738106  -0.00411011   0.04722707
2.4902363  -0.0843669   0.24303761   0.18940100  -0.00543619   0.04600201
5.1949236  0.7327743   0.19311634   0.17703988   0.00455979   0.03416850
1.3875351  -1.0989127   0.17709234   0.17392001  -0.00203294   0.03079577
3.5503113  0.5895182   0.21869043   0.18422148  -0.00195677   0.04028364
6.1397865  1.5308130   0.17278212   0.17643790   0.00075557   0.03048474
4.3821346  0.2722974   0.24188328   0.18211719   0.00600419   0.04401505
5.8277503  0.6495682   0.19833468   0.18333346   0.00228428   0.03635616
5.1417398  -1.0551523   0.18470395   0.18094814   0.00170983   0.03341891
2.3278211  -0.0716166   0.24342607   0.18843155  -0.00636283   0.04582867
5.4099265  0.5511090   0.20743276   0.18136509   0.00550761   0.03759073
1.6456366  -0.0508647   0.24710239   0.18478608  -0.00737181   0.04560674
1.9339053  -0.3231917   0.22993021   0.18254167  -0.00768268   0.04191282
1.2957493  0.0999151   0.24990670   0.18610662  -0.00553986   0.04647860
0.5381702  1.2704347   0.17945187   0.17549534  -0.00172735   0.03148998
6.2707002  -0.0818109   0.24919842   0.19135964   0.00149645   0.04768428
0.7500812  -0.2069244   0.24975716   0.18604292  -0.00251598   0.04645922
1.2884103  0.3635169   0.23596856   0.18733063  -0.00350675   0.04419184
6.0263053  -0.6053690   0.21436520   0.18732753   0.00188555   0.04015295
6.2561321  0.3849210   0.22607763   0.18898231  -0.00096137   0.04272375
3.7549166  0.0052600   0.25409546   0.18851614   0.00263882   0.04789413
3.6671989  -1.0063160   0.18706277   0.17910054   0.00255553   0.03349651
3.6611691  -0.1715032   0.24837400   0.18910381   0.00303447   0.04695926
1.3145600  0.4876015   0.22565101   0.18732095  -0.00239608   0.04226342
2.6444356  -0.8074987   0.18660419   0.18033670  -0.00213162   0.03364704
4.3594265  0.0890663   0.25068018   0.18446673   0.00590786   0.04620725
1.4861577  1.0321276   0.18479797   0.18354951   0.00049457   0.03391933
2.3520143  -1.1746539   0.17508158   0.17312258  -0.00123562   0.03030905
0.2890144  -0.9824247   0.18573825   0.17953123   0.00246288   0.03333975
4.8458109  -0.3052662   0.23797189   0.18768024   0.00493491   0.04463827
3.0905392  -0.3623311   0.22781122   0.18921429   0.00063309   0.04310474
3.8079291  -1.2383754   0.18098253   0.17566752   0.00080978   0.03179210
0.2047547  0.4990840   0.21883395   0.18743607  -0.00313091   0.04100757
0.3381839  -0.5902256   0.21827182   0.18489745   0.00221474   0.04035300
0.6740642  0.5765160   0.21807504   0.18545499  -0.00321816   0.04043275
3.5138270  -1.2932912   0.17736581   0.17605264   0.00238011   0.03122005
0.6381321  -1.3640897   0.17626671   0.17277175   0.00112255   0.03045265
2.2833756  -0.7297901   0.19239548   0.17845513  -0.00416820   0.03431659
0.7542032  0.2281889   0.24651474   0.18796472  -0.00375121   0.04632200
2.9318432  0.6403326   0.21120481   0.18686409  -0.00178825   0.03946340
4.0915975  0.7057941   0.20692457   0.17745647   0.00179080   0.03671690
0.4433016  0.8389049   0.19487140   0.18190764  -0.00345247   0.03543668
0.0660004  0.0191806   0.24940979   0.19121145   0.00044411   0.04768981
3.2069819  0.1088905   0.24952242   0.19111192  -0.00119285   0.04768529
6.2203050  -0.9162326   0.18885095   0.18268096   0.00106073   0.03449835
2.0161146  -0.5489001   0.20902942   0.17961375  -0.00629909   0.03750488
1.6009446  0.9397932   0.18925068   0.18469760  -0.00041393   0.03495397
6.1795963  0.6982749   0.19673683   0.18466300  -0.00125342   0.03632844
0.0227413  0.5307542   0.21315798   0.18722284  -0.00200173   0.03990404
0.0415703  0.3054721   0.23379366   0.18976343  -0.00112725   0.04436422
0.1440396  0.4547452   0.22202097   0.18808515  -0.00261816   0.04175199
4.7544643  -0.8133852   0.19734913   0.18600532   0.00089878   0.03670718
1.2789037  0.2617111   0.24302246   0.18707132  -0.00436013   0.04544352
4.6018609  -0.8665105   0.19413947   0.18538377  -0.00010009   0.03599030
5.6516473  -0.2738078   0.23979348   0.18991128   0.00422092   0.04552167
0.3477933  0.1156272   0.24939446   0.19004175  -0.00194756   0.04739157
0.8586381  -0.3308486   0.24160418   0.18364380  -0.00279000   0.04436133
5.7026419  0.2532540   0.23335643   0.18825689   0.00476147   0.04390828
5.1484619  1.2058262   0.17423271   0.17279173  -0.00018243   0.03010594
3.0765509  1.3792622   0.17350569   0.17739250   0.00031322   0.03077851
5.3498284  -0.2479238   0.24067333   0.18890028   0.00530496   0.04543512
1.3609218  0.9180011   0.19138807   0.18445952   0.00076541   0.03530277
4.0184921  1.1653567   0.17919683   0.17283174   0.00033840   0.03097079
5.7223478  0.1451286   0.24040623   0.18946981   0.00478466   0.04552683
3.1107035  -1.4076753   0.17289171   0.17688422   0.00041648   0.03058164
6.0535104  -0.1888582   0.24517298   0.19122407   0.00289822   0.04687457
6.2831714  0.5324521   0.21268734   0.18719502  -0.00181467   0.03981072
4.9237007  -1.3182617   0.17658313   0.17883687   0.00157944   0.03157708
2.9522076  0.1859720   0.24552408   0.19124685  -0.00272053   0.04694831
0.2985485  -0.4154529   0.23431213   0.18757400   0.00169456   0.04394799
3.4556079  0.4822267   0.22844228   0.18661532  -0.00192185   0.04262714
3.1298322  -0.3966908   0.22520253   0.18885837   0.00115380   0.04253005
1.2230908  1.3784985   0.17627177   0.17745419   0.00207061   0.03127588
3.7631266  -0.5568188   0.21933533   0.18574078   0.00346178   0.04072753
2.1537629  -1.0564934   0.17680709   0.17348847  -0.00139156   0.03067205
2.2198273  -0.7429585   0.19165406   0.17779513  -0.00420808   0.03405745
2.8045294  0.4410444   0.22884123   0.18927036  -0.00266635   0.04330575
1.4977885  -0.1395309   0.24588279   0.18346579  -0.00725686   0.04505842
0.0417089  0.1892056   0.24217671   0.19064152  -0.00044064   0.04616874
3.7687360  -0.5160180   0.22301120   0.18622144   0.00352777   0.04151702
0.8091342  -0.2059797   0.24962278   0.18557823  -0.00297628   0.04631569
3.4492474  0.5093123   0.22587612   0.18631174  -0.00204623   0.04207919
2.9237050  -0.9723448   0.17919476   0.18013774   0.00014543   0.03227972
1.2062575  0.0825024   0.25103587   0.18612021  -0.00532187   0.04669453
5.1983627  0.6462698   0.20007730   0.17834087   0.00539013   0.03565290
5.6306169  0.9907044   0.17821409   0.17608666   0.00218600   0.03137635
3.0979691  -1.1041720   0.17633595   0.17922017   0.00131317   0.03160123
3.9208361  0.1049634   0.25335282   0.18677650   0.00319265   0.04731016
3.1652396  -0.4371507   0.22193892   0.18839706   0.00164484   0.04180994
3.8419858  0.2116278   0.24960788   0.18640350   0.00211117   0.04652332
0.7253548  0.2148097   0.24720791   0.18810073  -0.00370031   0.04648629
5.0763373  -0.5230426   0.22096460   0.18754148   0.00349291   0.04142783
4.6926769  -0.3035293   0.23874177   0.18745878   0.00461746   0.04473292
0.7932303  1.1538055   0.18353726   0.17710809   0.00009748   0.03250592
1.9677793  0.5893815   0.21535739   0.18703479  -0.00307330   0.04026988
2.2831200  0.3022009   0.23781110   0.18901630  -0.00474461   0.04492766
0.5092657  -0.9734760   0.18733884   0.17731509   0.00220522   0.03321314
5.2916373  0.8052217   0.18766877   0.17644677   0.00373882   0.03309957
0.9606529  -1.1661226   0.17870738   0.17278634  -0.00091986   0.03087735
0.5191558  0.0252961   0.25332910   0.18918122  -0.00229757   0.04791983
6.2349386  0.9044127   0.18368800   0.18177520  -0.00174322   0.03338688
2.2275370  -0.5716928   0.20573846   0.18069172  -0.00553451   0.03714460
1.7635262  -0.3348128   0.23056877   0.18148671  -0.00772997   0.04178541
3.3929576  -0.0602113   0.25033161   0.19055681   0.00102053   0.04770135
3.6131778  0.9171209   0.19071159   0.17851473  -0.00233692   0.03403937
2.7017084  -0.7396628   0.19127128   0.18196844  -0.00188158   0.03480179
5.9227070  -0.2976541   0.23921679   0.19049519   0.00323803   0.04555916
6.1146315  -1.1324216   0.17867975   0.17972322  -0.00049476   0.03211265
0.4441674  0.6504896   0.20901185   0.18478866  -0.00377885   0.03860874
5.2225219  0.2630469   0.23359132   0.18441395   0.00747975   0.04302155
2.4523893  0.2786610   0.23941298   0.18968801  -0.00438846   0.04539451
2.9218196  0.2551628   0.24227431   0.19090518  -0.00286847   0.04624319
1.2533588  -0.3337215   0.23726657   0.18124112  -0.00594161   0.04296716
2.9175938  -0.6804460   0.19699812   0.18444432   0.00002983   0.03633518
0.8317012  -1.1520931   0.17975290   0.17301016   0.00001230   0.03109908
1.0869592  -0.3053934   0.24145517   0.18238278  -0.00482264   0.04401401
2.2743301  -0.6820280   0.19609614   0.17918351  -0.00456068   0.03511639
2.4062693  0.1656331   0.24410671   0.18980712  -0.00516975   0.04630646
4.1558969  0.8829379   0.19197410   0.17494388   0.00167399   0.03358189
3.6269630  -0.6492232   0.20970240   0.18471445   0.00370058   0.03872137
1.5420699  0.6811611   0.20785457   0.18702698  -0.00133580   0.03887263
2.6688891  -0.5187272   0.21003696   0.18532704  -0.00291439   0.03891703
3.7971705  0.0913499   0.25367281   0.18777992   0.00244957   0.04762866
2.1881891  1.0177730   0.18677923   0.18028788  -0.00120164   0.03367259
5.6140509  0.3950199   0.22137199   0.18566847   0.00504785   0.04107632
3.5834910  0.7734765   0.20167834   0.18102457  -0.00230205   0.03650343
0.6141730  -0.7818906   0.20146021   0.17904763   0.00139302   0.03606903
0.2922035  -0.2782780   0.24449463   0.18903624   0.00100001   0.04621734
3.4398750  0.6573220   0.21158798   0.18427575  -0.00246001   0.03898448
4.4125139  1.0116052   0.18173218   0.17393513   0.00245475   0.03160358
2.6334993  0.4808993   0.22520636   0.18848728  -0.00267739   0.04244137
6.0237744  0.3965789   0.22263664   0.18833297   0.00125445   0.04192825
0.4392038  -0.8585222   0.19475459   0.17973936   0.00240930   0.03499926
4.4638464  0.1254275   0.24845029   0.18376541   0.00649683   0.04561436
4.5278096  0.5331235   0.21767257   0.17827496   0.00583038   0.03877158
3.6524874  -1.1350366   0.18232884   0.17726566   0.00223888   0.03231563
4.3113117  -0.7551941   0.20367715   0.18507813   0.00003950   0.03769618
1.6493192  -1.2037920   0.17336313   0.17403646  -0.00045242   0.03017130
0.9493131  0.3284366   0.23994558   0.18726870  -0.00359226   0.04492139
2.1851060  -0.2486346   0.23415102   0.18541169  -0.00711921   0.04336365
0.7131181  0.2295830   0.24628901   0.18811043  -0.00368652   0.04631594
3.9460228  0.5358072   0.22400695   0.18110891   0.00121724   0.04056817
5.8081033  -0.8152058   0.19710070   0.18365827   0.00038816   0.03619902
2.9952516  -0.5568182   0.20863055   0.18659872   0.00050986   0.03892993
4.9896712  -0.5869744   0.21546546   0.18729289   0.00294375   0.04034648
1.3384077  1.0007669   0.18700184   0.18335231   0.00118732   0.03428581
3.8658089  -0.2960104   0.24194087   0.18783264   0.00369379   0.04543075
1.9858346  -0.3427761   0.22791651   0.18258712  -0.00753355   0.04155786
3.8104226  -0.9902397   0.18914166   0.17927261   0.00156581   0.03390547
3.0081471  0.1666706   0.24654439   0.19130135  -0.00243503   0.04715834
2.3938247  -0.1618268   0.23930007   0.18806857  -0.00606905   0.04496799
5.1429669  1.1247482   0.17522153   0.17307508   0.00050149   0.03032623
4.3523070  0.4111278   0.23143439   0.18032752   0.00537976   0.04170505
5.6390075  0.7532553   0.19021991   0.17987040   0.00320602   0.03420465
5.0147467  -0.3295647   0.23599438   0.18799819   0.00495719   0.04434194
2.5534730  -0.6621900   0.19712982   0.18195212  -0.00328728   0.03585738
0.3548778  -0.7123479   0.20672306   0.18289094   0.00244846   0.03780178
2.8019667  -0.8210353   0.18613799   0.18149136  -0.00087957   0.03378166
0.8389419  0.2823829   0.24321839   0.18757798  -0.00375929   0.04560828
0.2557015  -0.1475290   0.25024509   0.19015658   0.00037647   0.04758561
0.1013663  -0.2996417   0.24177574   0.18994504   0.00191290   0.04592044
6.2147405  0.6987509   0.19711488   0.18474495  -0.00158490   0.03641347
4.9837057  -0.9442710   0.18923981   0.18368816   0.00156323   0.03475867
2.6829936  0.1061788   0.24608101   0.19096221  -0.00406061   0.04697568
2.4004569  0.6645827   0.20948470   0.18560576  -0.00190652   0.03887793
2.2741031  -1.3889346   0.17523076   0.17210093  -0.00000400   0.03015738
2.7801773  0.2069625   0.24380109   0.19098844  -0.00344438   0.04655132
6.1838037  -0.6204321   0.21325395   0.18705897   0.00210092   0.03988665
1.2691196  -0.5122692   0.22134483   0.17875522  -0.00530452   0.03953841
4.1035480  0.3668844   0.23802695   0.18234384   0.00353422   0.04339026
1.5313199  -0.6289176   0.20661524   0.17709757  -0.00565010   0.03655913
5.4856244  0.8912483   0.18238594   0.17634988   0.00286223   0.03215555
4.9434755  0.2671802   0.23536764   0.18260874   0.00788367   0.04291804
0.2400254  -0.3042119   0.24247435   0.18915255   0.00139208   0.04586270
4.5278812  0.2575647   0.24094409   0.18196559   0.00684849   0.04379663
1.3068753  1.4955440   0.17412901   0.17669445   0.00163966   0.03076494
0.8467342  0.5569645   0.22073576   0.18576372  -0.00257822   0.04099805
6.1318988  1.2916752   0.17315178   0.17717877   0.00016209   0.03067879
4.3056920  0.0907685   0.25118962   0.18464434   0.00561849   0.04634917
1.5005041  0.3242596   0.23761417   0.18747421  -0.00430602   0.04452799
5.0619512  -1.3084420   0.17764713   0.17784359   0.00195469   0.03158958
0.8871100  -0.5303781   0.22401646   0.18050216  -0.00203016   0.04043133
3.5613666  -1.0486944   0.18402287   0.17878036   0.00293465   0.03289106
1.7392364  -0.5091897   0.21525797   0.17895147  -0.00683105   0.03847407
0.0424740  1.0454786   0.17886291   0.17997696  -0.00213976   0.03218662
0.9749841  0.7920573   0.20164219   0.18346712  -0.00038785   0.03699456
0.6917487  -0.3152731   0.24335398   0.18529476  -0.00144351   0.04509013
2.7140819  -0.2944398   0.23057403   0.18874209  -0.00330646   0.04350809
1.7889722  -0.0441395   0.24611498   0.18536541  -0.00752047   0.04556465
3.8171319  -0.8853996   0.19469042   0.18094379   0.00195381   0.03522420
2.6153862  -0.4158518   0.21955690   0.18649308  -0.00379468   0.04093144
1.5382075  1.1679788   0.17952755   0.18182528   0.00023598   0.03264259
1.2234002  -0.6991673   0.20442179   0.17651688  -0.00395037   0.03606829
2.0360906  1.1525383   0.18167028   0.17914471  -0.00169563   0.03254239
5.9963980  -0.8166379   0.19631770   0.18413547   0.00060264   0.03614869
3.8258058  -0.9574085   0.19082485   0.17980948   0.00157450   0.03430964
2.4326316  -0.8778960   0.18285635   0.17724842  -0.00280459   0.03240313
2.9435564  0.4470412   0.22876826   0.18929254  -0.00254053   0.04329767
2.7206113  -0.6357075   0.19961576   0.18384017  -0.00201829   0.03669332
5.6739430  0.6419954   0.19881694   0.18210636   0.00352485   0.03619340
4.0497506  0.1802970   0.25030795   0.18511394   0.00383112   0.04632081
0.7962301  -0.4943129   0.22797032   0.18181744  -0.00135718   0.04144714
3.1366775  0.5823221   0.21718962   0.18731879  -0.00235758   0.04067814
1.5043695  -0.6669093   0.20350724   0.17666672  -0.00528758   0.03592500
2.0670892  0.5882423   0.21559021   0.18684910  -0.00307225   0.04027340
5.6274347  0.8404878   0.18474089   0.17831238   0.00283633   0.03293354
1.0642938  -1.4194942   0.17473881   0.17310978  -0.00166075   0.03024624
3.8515129  1.4682274   0.17618696   0.17240277  -0.00044586   0.03037492
5.6892898  -0.2917380   0.23887411   0.18993653   0.00399822   0.04535493
2.2676659  0.3795973   0.23269223   0.18857947  -0.00423256   0.04386306
0.3371684  0.2416062   0.24235055   0.18954325  -0.00263616   0.04592896
2.2625582  0.2149537   0.24220270   0.18914501  -0.00538185   0.04578247
6.0972910  0.7101793   0.19494207   0.18417530  -0.00046206   0.03590330
3.2185803  -0.5787258   0.20951548   0.18656622   0.00256884   0.03908191
3.3030602  -0.8452544   0.18996063   0.18259588   0.00324764   0.03467548
4.0897672  0.9666969   0.18717733   0.17425518   0.00096395   0.03261569
0.1983004  -0.4474507   0.23089492   0.18793049   0.00214350   0.04338760
0.4093758  0.0496207   0.25207680   0.18982057  -0.00185835   0.04784591
3.8309479  0.0908638   0.25371093   0.18753585   0.00266847   0.04757277
1.7919757  -1.2193035   0.17333119   0.17362599   0.00018012   0.03009477
2.6596208  0.3305674   0.23674980   0.18999726  -0.00345887   0.04496985
2.9322123  -1.0886460   0.17568994   0.17872992  -0.00001095   0.03140105
5.5430796  1.1249284   0.17550474   0.17383674   0.00160185   0.03050661
0.8692173  0.3175452   0.24076220   0.18740819  -0.00365677   0.04510744
4.1772851  0.1736252   0.24962586   0.18435293   0.00477234   0.04599648
3.5655953  -1.2598724   0.17849949   0.17610313   0.00232542   0.03142891
3.0143069  -0.5675930   0.20783907   0.18650191   0.00073391   0.03876184
0.4272495  0.8498201   0.19394422   0.18177816  -0.00347425   0.03524275
4.9656896  0.1220741   0.24345331   0.18462577   0.00779398   0.04488701
2.2934080  -1.2007612   0.17494379   0.17270568  -0.00087072   0.03021303
6.1748575  -0.0545596   0.24852255   0.19149961   0.00195246   0.04758816
5.1265002  0.9477689   0.18048042   0.17430396   0.00228725   0.03145322
1.1046913  0.2513624   0.24465784   0.18712665  -0.00412666   0.04576497
2.5517313  0.1823729   0.24389420   0.19039273  -0.00448868   0.04641554
5.6710813  1.1056409   0.17551154   0.17502813   0.00182157   0.03071614
2.4804710  -0.0919878   0.24272615   0.18928455  -0.00550342   0.04591402
0.7337587  -0.8371156   0.19693273   0.17708717   0.00059459   0.03487391
2.0679188  -0.2229823   0.23645119   0.18486303  -0.00755483   0.04365401
4.9544918  -0.8672851   0.19371809   0.18481970   0.00159794   0.03580037
2.1625282  1.2017267   0.18097126   0.17745392  -0.00122745   0.03211255
5.4670609  -0.3131095   0.23721181   0.18910320   0.00455653   0.04483675
1.8619926  -0.4261352   0.22166413   0.18062474  -0.00733618   0.03998421
5.5961014  0.4667820   0.21475273   0.18438619   0.00489104   0.03957352
3.9510562  0.0712628   0.25391027   0.18682815   0.00350678   0.04742529
2.8717979  0.2499974   0.24227978   0.19090891  -0.00304175   0.04624412
6.2831251  -0.1366170   0.24839742   0.19120651   0.00167913   0.04749239
1.3234184  -0.5648808   0.21555978   0.17795664  -0.00532856   0.03833190
5.0492029  0.7217831   0.19481650   0.17666706   0.00482779   0.03439435
1.2627029  -0.0282100   0.25122610   0.18499242  -0.00598717   0.04643908
4.2086661  -0.5547074   0.22087727   0.18631668   0.00187291   0.04114961
5.4087749  0.9563632   0.17975919   0.17496726   0.00239293   0.03144625
3.7498985  1.2367511   0.17773196   0.17359136  -0.00150535   0.03085047
1.7244851  0.5321970   0.22024447   0.18769448  -0.00304637   0.04132939
3.6448921  1.2235528   0.17758583   0.17459273  -0.00201637   0.03100113
3.1720723  1.2179741   0.17576706   0.17857221  -0.00066960   0.03138666
0.0052775  -0.4506812   0.22941853   0.18888506   0.00243618   0.04332780
2.4948564  -0.7736340   0.18882979   0.17949982  -0.00311939   0.03388518
5.3595348  -0.7592090   0.20200159   0.18435474   0.00188826   0.03723638
3.0410521  -0.8964420   0.18354452   0.18174875   0.00129579   0.03335731
5.3343607  -0.8491341   0.19573566   0.18304163   0.00159218   0.03582524
2.1483592  -0.7445566   0.19181389   0.17733809  -0.00431691   0.03399727
4.6529637  -1.1480203   0.18020901   0.18207771  -0.00043598   0.03281185
2.5473045  -0.7489366   0.19047940   0.18040678  -0.00295060   0.03435507
3.3723907  -0.4052887   0.22781047   0.18846698   0.00291598   0.04292625
2.8170883  1.4406548   0.17459200   0.17604791   0.00187646   0.03073304
3.6712779  -1.0916772   0.18387216   0.17782222   0.00225312   0.03269148
6.0305168  0.2996104   0.23120652   0.18946849   0.00160131   0.04380379
2.5907557  0.6874080   0.20736578   0.18554291  -0.00133029   0.03847348
1.4202690  0.4585971   0.22758177   0.18756746  -0.00285891   0.04267876
2.4615151  -0.3850722   0.22227935   0.18572779  -0.00516478   0.04125678
3.3669346  -0.3245550   0.23467626   0.18926774   0.00250498   0.04441037
4.0157932  0.4587516   0.23079842   0.18168701   0.00227674   0.04192789
5.9905946  -0.7287908   0.20339131   0.18548718   0.00112605   0.03772521
2.4695890  -0.3563933   0.22483109   0.18621767  -0.00520161   0.04184046
0.5439715  -1.3615981   0.17593464   0.17340975   0.00165868   0.03050603
4.6728368  0.8230066   0.19038773   0.17522904   0.00396044   0.03334577
0.0774920  0.3144727   0.23351622   0.18964551  -0.00146016   0.04428317
6.0234363  0.8075982   0.18739533   0.18227212   0.00016229   0.03415692
5.4882143  0.6558899   0.19798547   0.18021280   0.00447826   0.03565946
1.1289339  1.1841141   0.18130776   0.17921199   0.00204196   0.03248836
1.4812883  0.6863125   0.20764461   0.18691465  -0.00107254   0.03881067
5.6692835  -1.0233846   0.18583067   0.17974499  -0.00050827   0.03340187
4.6813136  -0.3856880   0.23292157   0.18768252   0.00383042   0.04370064
4.5188558  0.2673327   0.24041209   0.18184403   0.00679264   0.04367136
4.5967136  -0.1159225   0.24818696   0.18618791   0.00593051   0.04617424
5.7433391  -0.0526141   0.24609561   0.19061498   0.00459516   0.04688840
1.9810944  0.5833612   0.21588597   0.18705660  -0.00311670   0.04037318
3.7512484  1.0618154   0.18315332   0.17520581  -0.00167751   0.03208671
0.3312594  -0.5878681   0.21846412   0.18499736   0.00222817   0.04041032
4.7895111  -0.1701746   0.24514236   0.18687242   0.00598089   0.04577457
0.9612997  -0.2397287   0.24692194   0.18404104  -0.00404108   0.04542744
2.2613825  -0.6194270   0.20136870   0.18014497  -0.00506944   0.03624986
2.0532620  -0.0193515   0.24527837   0.18703850  -0.00720317   0.04582461
2.7468341  -1.1422056   0.17453700   0.17667523  -0.00132001   0.03083462
6.1762758  0.3599637   0.22738545   0.18917820  -0.00009995   0.04301636
5.0062916  -0.6586086   0.20940852   0.18673688   0.00254419   0.03909782
0.0226458  -0.7990462   0.19760589   0.18413237   0.00192293   0.03638194
4.8539762  -0.3060536   0.23789571   0.18769687   0.00494313   0.04462785
0.4193477  0.9826842   0.18671043   0.17975152  -0.00313448   0.03355166
2.0855815  0.0629083   0.24575672   0.18784910  -0.00674190   0.04611973
3.4165175  0.0273295   0.25195178   0.19044302   0.00055584   0.04798215
3.1394955  0.5590370   0.21941112   0.18761143  -0.00239149   0.04115831
3.6805039  0.3101477   0.24361545   0.18673757   0.00029574   0.04549207
6.1820771  0.9104403   0.18282591   0.18154757  -0.00127342   0.03318998
1.1722143  -0.0096797   0.25218958   0.18543498  -0.00551698   0.04673433
5.5735709  0.3333123   0.22685546   0.18624260   0.00554540   0.04221940
4.1440148  -0.0998175   0.25195363   0.18684895   0.00453390   0.04705672
5.4795798  -0.9199676   0.19151548   0.18145376   0.00075949   0.03475063
1.0187648  0.3346252   0.23935747   0.18720852  -0.00354899   0.04479716
5.3618513  -0.4139088   0.23009463   0.18826731   0.00408225   0.04330263
0.2686938  -0.5300300   0.22368234   0.18635716   0.00222464   0.04167986
0.8626231  -0.0581108   0.25391489   0.18657495  -0.00386599   0.04735921
2.1475391  0.9550469   0.18960267   0.18154313  -0.00146015   0.03441893
4.1640633  -0.6846434   0.20986108   0.18499067   0.00096479   0.03882141
4.2570623  0.7393145   0.20223635   0.17630211   0.00301574   0.03564560
3.3811223  0.0497528   0.25165477   0.19057447   0.00018861   0.04795894
1.7955241  0.5494883   0.21868764   0.18756932  -0.00309258   0.04100953
3.5902784  -0.6869188   0.20605686   0.18424256   0.00373214   0.03795052
1.5115179  0.1243676   0.24752113   0.18630049  -0.00602395   0.04607702
0.0485690  0.3691121   0.22846398   0.18914261  -0.00152486   0.04320995
4.2176024  0.7319539   0.20333351   0.17651851   0.00275228   0.03588455
3.4424803  0.0404943   0.25220469   0.19029099   0.00061905   0.04799190
1.3994769  0.5397472   0.22068076   0.18739906  -0.00206044   0.04135112
4.9600878  -0.3005739   0.23795302   0.18785967   0.00514851   0.04467527
2.4546398  1.1180786   0.18281995   0.17804602   0.00049924   0.03255011
3.7017567  -0.7055418   0.20604993   0.18375716   0.00333330   0.03785204
0.2279560  -0.0152865   0.25145081   0.19067189  -0.00035592   0.04794447
2.9911476  0.8979154   0.19017000   0.18303528  -0.00067825   0.03480736
3.5380491  -0.9672498   0.18708418   0.18006001   0.00324664   0.03367584
5.1704663  0.5422471   0.20955266   0.17979319   0.00632485   0.03763614
3.3638054  0.5066491   0.22561911   0.18702886  -0.00226220   0.04219217
2.4484580  -0.4443336   0.21685047   0.18469575  -0.00503011   0.04002606
4.7680027  0.3713897   0.22911218   0.18053836   0.00743752   0.04130822
4.6509026  1.0469561   0.17807002   0.17412722   0.00209389   0.03100245
3.7489782  0.6762144   0.21095479   0.18079257  -0.00111770   0.03813781
2.2392856  0.7477767   0.20287740   0.18447767  -0.00188390   0.03742280
1.4029043  -0.0274064   0.24980889   0.18479379  -0.00656626   0.04612002
3.3321420  0.3908747   0.23567712   0.18861574  -0.00196999   0.04444853
6.1080507  0.0548926   0.24631739   0.19132614   0.00197643   0.04712305
3.8655685  -0.5445371   0.22125724   0.18581915   0.00313147   0.04110403
5.8798149  -0.5683660   0.21763380   0.18761329   0.00202284   0.04082690
1.1754647  0.3182178   0.23991375   0.18719794  -0.00374616   0.04489733
5.3527784  0.9558801   0.17985599   0.17471074   0.00235012   0.03141725
0.5858925  1.1777852   0.18188508   0.17651543  -0.00160779   0.03210294
1.7582506  -0.1720948   0.24167351   0.18369089  -0.00786256   0.04433140
5.6295905  0.5750352   0.20470630   0.18286055   0.00414973   0.03741549
2.0273554  0.5920620   0.21520701   0.18688732  -0.00306568   0.04021006
5.7363140  -0.7133443   0.20521122   0.18514158   0.00114478   0.03799182
4.8532128  0.4624327   0.21993610   0.17950776   0.00711913   0.03942956
3.4160414  -0.2255389   0.24266969   0.18985952   0.00222697   0.04606819
2.3418120  -0.3151421   0.22852117   0.18576039  -0.00618617   0.04241191
4.1939322  -0.4204244   0.23249508   0.18699409   0.00295113   0.04346650
3.8767889  -0.5242040   0.22312064   0.18603887   0.00316462   0.04149910
1.5309699  -0.3340378   0.23342872   0.18090005  -0.00730362   0.04217392
0.7535401  -0.0023714   0.25430790   0.18762945  -0.00340241   0.04770407
1.2712335  1.1869515   0.18017419   0.18041252   0.00186944   0.03250218
0.2198069  -0.8106184   0.19742496   0.18267304   0.00251932   0.03605787
4.2435092  0.5310771   0.22180730   0.17912029   0.00397785   0.03971436
4.6037944  -0.7873982   0.19970173   0.18612610   0.00032948   0.03716959
0.3393057  0.5225371   0.21876197   0.18681088  -0.00368089   0.04085357
2.0672856  0.0564591   0.24581386   0.18770644  -0.00681432   0.04609441
4.4016978  0.2010993   0.24588761   0.18298388   0.00620588   0.04495495
0.1917001  0.2300925   0.24134365   0.19008090  -0.00176357   0.04587171
1.1290041  -1.1518431   0.17776643   0.17314707  -0.00174320   0.03077670
2.9138733  -0.4734048   0.21569848   0.18746248  -0.00061896   0.04043499
5.1855278  0.0224734   0.24525215   0.18695350   0.00723551   0.04579839
2.2266906  -0.3914675   0.22229287   0.18365438  -0.00655105   0.04078214
0.4151004  -1.1542803   0.17891103   0.17611778   0.00230385   0.03150411
2.3685471  0.9391169   0.19043280   0.18108389  -0.00054431   0.03448402
3.1906868  0.4922121   0.22593012   0.18823682  -0.00242992   0.04252246
5.0173703  0.5266455   0.21223289   0.17922375   0.00667001   0.03799268
2.2023315  0.9534059   0.18976994   0.18129623  -0.00126012   0.03440299
3.7345105  -0.5130946   0.22293478   0.18630789   0.00361550   0.04152144
5.1071619  -1.1866124   0.18040620   0.17921552   0.00181688   0.03232829
1.2499861  -0.0111956   0.25146019   0.18519548  -0.00587554   0.04653477
3.2634887  0.5906779   0.21701299   0.18659444  -0.00246947   0.04048732
5.7645760  0.8941479   0.18184452   0.17875013   0.00203956   0.03250057
5.3978338  0.3502272   0.22580381   0.18453452   0.00655925   0.04162557
0.0942929  -0.2163769   0.24635288   0.19055346   0.00158928   0.04694087
1.0681291  1.2659500   0.17962675   0.17751148   0.00205213   0.03188160
4.1735497  -0.0844623   0.25220102   0.18665662   0.00467682   0.04705312
1.2366394  -0.8763243   0.19003135   0.17474876  -0.00301640   0.03319864
0.0080435  0.9738930   0.18110985   0.18089512  -0.00207061   0.03275760
0.9355757  0.1893982   0.24868110   0.18736936  -0.00412126   0.04657823
3.6243143  1.1792566   0.17854533   0.17517994  -0.00213955   0.03127298
5.8700841  0.3150403   0.22892360   0.18858056   0.00310004   0.04316093
1.6684960  -0.4798643   0.21883348   0.17915367  -0.00696776   0.03915627
2.8809118  0.6726554   0.20825782   0.18636777  -0.00151877   0.03881024
2.1761833  0.2268398   0.24163738   0.18879364  -0.00552286   0.04558910
0.0644428  0.5107683   0.21562195   0.18747641  -0.00226678   0.04041889
4.3508893  0.4397393   0.22891022   0.17993534   0.00524832   0.04116149
1.5992534  0.0502740   0.24814866   0.18575764  -0.00674296   0.04605004
5.2024711  0.3178251   0.22946900   0.18348072   0.00742687   0.04204798
2.1687634  -1.1091193   0.17577513   0.17307803  -0.00099741   0.03042182
1.2557264  -0.9626700   0.18442920   0.17416164  -0.00264703   0.03211349
0.2498560  0.0477320   0.25064287   0.19057570  -0.00092541   0.04776558
5.1241904  -0.1560830   0.24436846   0.18784778   0.00631117   0.04586424
1.8315416  0.4624286   0.22602427   0.18785270  -0.00382138   0.04244467
0.3874967  -0.4896180   0.22814772   0.18586324   0.00164910   0.04240155
1.8200498  -0.1942145   0.23992221   0.18368772  -0.00790591   0.04400826
5.1459715  -0.8564103   0.19488221   0.18387741   0.00191800   0.03583076
2.2631477  -0.5575843   0.20686452   0.18121354  -0.00548798   0.03745653
2.8372443  1.2041002   0.17763187   0.17839347   0.00140822   0.03168638
2.3004117  -0.8562619   0.18425460   0.17656681  -0.00315812   0.03252327
0.9580363  -0.9550881   0.18778417   0.17434531  -0.00106154   0.03273816
2.5148982  -0.7951111   0.18740872   0.17932472  -0.00292262   0.03359847
3.2285993  0.1393117   0.24905908   0.19094688  -0.00123910   0.04755552
2.7140547  -0.3704145   0.22401772   0.18780278  -0.00303981   0.04206191
2.2802936  -0.1053641   0.24218175   0.18780045  -0.00665430   0.04543756
1.9325344  0.9119929   0.19130655   0.18355034  -0.00178462   0.03511120
3.1511473  -0.1390707   0.24462436   0.19095182  -0.00011406   0.04671146
1.3973242  0.9855334   0.18744043   0.18383752   0.00087796   0.03445781
2.0565211  -0.0249898   0.24516600   0.18700987  -0.00721885   0.04579635
1.6536487  0.1288141   0.24642968   0.18657517  -0.00631240   0.04593781
4.1088301  -0.6144255   0.21586043   0.18548034   0.00170911   0.04003494
2.0367963  -0.0561642   0.24451303   0.18659249  -0.00737658   0.04556988
6.1568236  -0.3557076   0.23640245   0.19012858   0.00259637   0.04494012
1.7790206  1.0874173   0.18255544   0.18212387  -0.00129875   0.03324602
4.9342226  0.6489357   0.20184694   0.17727092   0.00565113   0.03574966
2.8838539  -0.8456218   0.18508749   0.18170910  -0.00012867   0.03363206
4.4731705  1.4090142   0.17272873   0.17465788   0.00140052   0.03016647
4.7780901  0.2639930   0.23734517   0.18204260   0.00770996   0.04314749

